dataset_id,v1,v2,v3,v4,v5,min_x,min_y,max_x,max_y,mean_y
0,0.008155581,0.001922379,0.059339466,0.00225214,-0.019061436,20.01313028,134.9556293,144,70493,529.9504453
1,-0.071853593,0.041016031,0.135471687,-0.024235152,-0.111401906,10.007,79.97300241,1,236,13.403789
2,-0.071853593,0.041016031,0.135471687,-0.024235152,-0.111401906,10.007,79.97300241,0,177,12.11719911
3,-0.071853593,0.041016031,0.135471687,-0.024235152,-0.111401906,10.007,79.97300241,0,179,12.35846954
4,-0.071853593,0.041016031,0.135471687,-0.024235152,-0.111401906,10.007,79.97300241,0,179,12.07336553
5,-0.071853593,0.041016031,0.135471687,-0.024235152,-0.111401906,10.007,79.97300241,0,260,14.9461367
6,-0.071853593,0.041016031,0.135471687,-0.024235152,-0.111401906,10.007,79.97300241,0,222,13.39598811
7,-0.071853593,0.041016031,0.135471687,-0.024235152,-0.111401906,10.007,79.97300241,0,206,13.0313893
8,-0.071853593,0.041016031,0.135471687,-0.024235152,-0.111401906,10.007,79.97300241,0,179,12.27173105
9,-0.071853593,0.041016031,0.135471687,-0.024235152,-0.111401906,10.007,79.97300241,0,171,12.20913819
10,-0.071853593,0.041016031,0.135471687,-0.024235152,-0.111401906,10.007,79.97300241,0,222,13.16771917
11,-0.071853593,0.041016031,0.135471687,-0.024235152,-0.111401906,10.007,79.97300241,0,175,12.06723626
12,-0.071853593,0.041016031,0.135471687,-0.024235152,-0.111401906,10.007,79.97300241,0,218,13.30887816
13,-0.071853593,0.041016031,0.135471687,-0.024235152,-0.111401906,10.007,79.97300241,0,222,13.39301634
14,-0.071853593,0.041016031,0.135471687,-0.024235152,-0.111401906,10.007,79.97300241,0,186,12.25817236
15,-0.071853593,0.041016031,0.135471687,-0.024235152,-0.111401906,10.007,79.97300241,0,187,12.18815007
16,-0.071853593,0.041016031,0.135471687,-0.024235152,-0.111401906,10.007,79.97300241,0,171,12.32002229
17,-0.071853593,0.041016031,0.135471687,-0.024235152,-0.111401906,10.007,79.97300241,0,207,13.24479941
18,-0.071853593,0.041016031,0.135471687,-0.024235152,-0.111401906,10.007,79.97300241,0,209,13.16883358
19,-0.071853593,0.041016031,0.135471687,-0.024235152,-0.111401906,10.007,79.97300241,0,203,12.12407132
20,-0.071853593,0.041016031,0.135471687,-0.024235152,-0.111401906,10.007,79.97300241,0,180,12.80219168
21,-0.071853593,0.041016031,0.135471687,-0.024235152,-0.111401906,10.007,79.97300241,0,248,14.51225854
22,-0.071853593,0.041016031,0.135471687,-0.024235152,-0.111401906,10.007,79.97300241,0,242,14.48774146
23,-0.071853593,0.041016031,0.135471687,-0.024235152,-0.111401906,10.007,79.97300241,0,273,14.85475483
24,-0.071853593,0.041016031,0.135471687,-0.024235152,-0.111401906,10.007,79.97300241,0,193,13.04457652
25,-0.071853593,0.041016031,0.135471687,-0.024235152,-0.111401906,10.007,79.97300241,0,182,12.85029718
26,-0.071853593,0.041016031,0.135471687,-0.024235152,-0.111401906,10.007,79.97300241,0,201,12.10308321
27,-0.071853593,0.041016031,0.135471687,-0.024235152,-0.111401906,10.007,79.97300241,0,190,12.52656018
28,-0.071853593,0.041016031,0.135471687,-0.024235152,-0.111401906,10.007,79.97300241,0,181,12.09249629
29,-0.071853593,0.041016031,0.135471687,-0.024235152,-0.111401906,10.007,79.97300241,0,210,12.15434621
30,-0.071853593,0.041016031,0.135471687,-0.024235152,-0.111401906,10.007,79.97300241,0,189,12.4827266
31,-0.071853593,0.041016031,0.135471687,-0.024235152,-0.111401906,10.007,79.97300241,0,204,13.04977712
32,-0.071853593,0.041016031,0.135471687,-0.024235152,-0.111401906,10.007,79.97300241,0,253,14.57447994
33,-0.071853593,0.041016031,0.135471687,-0.024235152,-0.111401906,10.007,79.97300241,0,180,13.07912333
34,-0.071853593,0.041016031,0.135471687,-0.024235152,-0.111401906,10.007,79.97300241,0,186,12.80664933
35,-0.071853593,0.041016031,0.135471687,-0.024235152,-0.111401906,10.007,79.97300241,0,255,14.61181278
36,-0.071853593,0.041016031,0.135471687,-0.024235152,-0.111401906,10.007,79.97300241,0,190,12.14617385
37,-0.071853593,0.041016031,0.135471687,-0.024235152,-0.111401906,10.007,79.97300241,0,201,12.62852897
38,-0.071853593,0.041016031,0.135471687,-0.024235152,-0.111401906,10.007,79.97300241,0,206,12.80832095
39,-0.071853593,0.041016031,0.135471687,-0.024235152,-0.111401906,10.007,79.97300241,0,182,12.08859584
40,-0.071853593,0.041016031,0.135471687,-0.024235152,-0.111401906,10.007,79.97300241,0,177,12.16846211
41,0.000974412,0.037947289,0.067952491,0.069808694,-0.11819196,10.007,79.97300241,12,472,31.27618871
42,0.000974412,0.037947289,0.067952491,0.069808694,-0.11819196,10.007,79.97300241,14,190,28.87425706
43,0.000974412,0.037947289,0.067952491,0.069808694,-0.11819196,10.007,79.97300241,13,246,30.11961367
44,0.000974412,0.037947289,0.067952491,0.069808694,-0.11819196,10.007,79.97300241,12,204,30.78473254
45,0.000974412,0.037947289,0.067952491,0.069808694,-0.11819196,10.007,79.97300241,12,476,31.18239227
46,0.000974412,0.037947289,0.067952491,0.069808694,-0.11819196,10.007,79.97300241,12,456,30.94000743
47,0.000974412,0.037947289,0.067952491,0.069808694,-0.11819196,10.007,79.97300241,11,201,29.61144131
48,0.000974412,0.037947289,0.067952491,0.069808694,-0.11819196,10.007,79.97300241,13,226,30.40453195
49,0.000974412,0.037947289,0.067952491,0.069808694,-0.11819196,10.007,79.97300241,12,509,31.28900446
50,0.000974412,0.037947289,0.067952491,0.069808694,-0.11819196,10.007,79.97300241,13,466,31.20170877
51,0.000974412,0.037947289,0.067952491,0.069808694,-0.11819196,10.007,79.97300241,12,480,31.22604012
52,0.000974412,0.037947289,0.067952491,0.069808694,-0.11819196,10.007,79.97300241,14,185,28.7923477
53,0.000974412,0.037947289,0.067952491,0.069808694,-0.11819196,10.007,79.97300241,10,487,31.09286776
54,0.000974412,0.037947289,0.067952491,0.069808694,-0.11819196,10.007,79.97300241,13,229,30.23068351
55,0.000974412,0.037947289,0.067952491,0.069808694,-0.11819196,10.007,79.97300241,10,200,28.81203566
56,0.000974412,0.037947289,0.067952491,0.069808694,-0.11819196,10.007,79.97300241,12,201,29.71898217
57,0.000974412,0.037947289,0.067952491,0.069808694,-0.11819196,10.007,79.97300241,9,226,30.35271174
58,0.000974412,0.037947289,0.067952491,0.069808694,-0.11819196,10.007,79.97300241,12,462,31.26931649
59,0.000974412,0.037947289,0.067952491,0.069808694,-0.11819196,10.007,79.97300241,13,189,29.01745914
60,0.000974412,0.037947289,0.067952491,0.069808694,-0.11819196,10.007,79.97300241,12,257,30.10289747
61,0.000974412,0.037947289,0.067952491,0.069808694,-0.11819196,10.007,79.97300241,12,179,28.8352526
62,0.000974412,0.037947289,0.067952491,0.069808694,-0.11819196,10.007,79.97300241,10,438,31.3179792
63,0.000974412,0.037947289,0.067952491,0.069808694,-0.11819196,10.007,79.97300241,11,479,31.17644874
64,0.000974412,0.037947289,0.067952491,0.069808694,-0.11819196,10.007,79.97300241,12,168,29.73718425
65,0.000974412,0.037947289,0.067952491,0.069808694,-0.11819196,10.007,79.97300241,13,460,31.32466568
66,0.000974412,0.037947289,0.067952491,0.069808694,-0.11819196,10.007,79.97300241,14,482,31.33023774
67,0.000974412,0.037947289,0.067952491,0.069808694,-0.11819196,10.007,79.97300241,13,178,29.05367756
68,0.000974412,0.037947289,0.067952491,0.069808694,-0.11819196,10.007,79.97300241,12,245,29.98291233
69,0.000974412,0.037947289,0.067952491,0.069808694,-0.11819196,10.007,79.97300241,11,205,30.7416419
70,0.000974412,0.037947289,0.067952491,0.069808694,-0.11819196,10.007,79.97300241,12,199,28.71879643
71,0.000974412,0.037947289,0.067952491,0.069808694,-0.11819196,10.007,79.97300241,13,192,29.20895245
72,0.000974412,0.037947289,0.067952491,0.069808694,-0.11819196,10.007,79.97300241,13,413,31.04346211
73,0.000974412,0.037947289,0.067952491,0.069808694,-0.11819196,10.007,79.97300241,11,467,30.75947251
74,0.000974412,0.037947289,0.067952491,0.069808694,-0.11819196,10.007,79.97300241,12,490,31.36069837
75,0.000974412,0.037947289,0.067952491,0.069808694,-0.11819196,10.007,79.97300241,13,194,29.54884844
76,0.000974412,0.037947289,0.067952491,0.069808694,-0.11819196,10.007,79.97300241,11,209,30.55887816
77,0.000974412,0.037947289,0.067952491,0.069808694,-0.11819196,10.007,79.97300241,12,471,31.32559435
78,0.000974412,0.037947289,0.067952491,0.069808694,-0.11819196,10.007,79.97300241,13,190,29.71489599
79,0.000974412,0.037947289,0.067952491,0.069808694,-0.11819196,10.007,79.97300241,13,211,30.61199851
80,0.000974412,0.037947289,0.067952491,0.069808694,-0.11819196,10.007,79.97300241,12,493,31.09175334
81,0.000974412,0.037947289,0.067952491,0.069808694,-0.11819196,10.007,79.97300241,11,476,31.00872957
82,0.000974412,0.037947289,0.067952491,0.069808694,-0.11819196,10.007,79.97300241,11,433,31.08580981
83,0.000974412,0.037947289,0.067952491,0.069808694,-0.11819196,10.007,79.97300241,14,475,31.19465082
84,0.000974412,0.037947289,0.067952491,0.069808694,-0.11819196,10.007,79.97300241,10,451,31.10215453
85,0.000974412,0.037947289,0.067952491,0.069808694,-0.11819196,10.007,79.97300241,11,195,29.15211738
86,0.000974412,0.037947289,0.067952491,0.069808694,-0.11819196,10.007,79.97300241,13,258,30.05572065
87,0.000974412,0.037947289,0.067952491,0.069808694,-0.11819196,10.007,79.97300241,11,490,31.21229569
88,0.000974412,0.037947289,0.067952491,0.069808694,-0.11819196,10.007,79.97300241,12,202,30.72585438
89,0.000974412,0.037947289,0.067952491,0.069808694,-0.11819196,10.007,79.97300241,14,197,29.86478455
90,0.000974412,0.037947289,0.067952491,0.069808694,-0.11819196,10.007,79.97300241,14,240,30.12871471
91,0.000974412,0.037947289,0.067952491,0.069808694,-0.11819196,10.007,79.97300241,11,205,28.75055721
92,0.000974412,0.037947289,0.067952491,0.069808694,-0.11819196,10.007,79.97300241,12,493,31.26857355
93,0.000974412,0.037947289,0.067952491,0.069808694,-0.11819196,10.007,79.97300241,12,152,29.87202823
94,0.000974412,0.037947289,0.067952491,0.069808694,-0.11819196,10.007,79.97300241,11,469,31.21173848
95,0.000974412,0.037947289,0.067952491,0.069808694,-0.11819196,10.007,79.97300241,12,510,31.21693908
96,0.000974412,0.037947289,0.067952491,0.069808694,-0.11819196,10.007,79.97300241,12,254,30.27953195
97,0.000974412,0.037947289,0.067952491,0.069808694,-0.11819196,10.007,79.97300241,11,194,28.86757058
98,0.000974412,0.037947289,0.067952491,0.069808694,-0.11819196,10.007,79.97300241,11,190,28.69149331
99,0.000974412,0.037947289,0.067952491,0.069808694,-0.11819196,10.007,79.97300241,13,202,30.85661218
100,0.000974412,0.037947289,0.067952491,0.069808694,-0.11819196,10.007,79.97300241,12,437,31.05014859
101,0.000974412,0.037947289,0.067952491,0.069808694,-0.11819196,10.007,79.97300241,11,474,31.2013373
102,0.000974412,0.037947289,0.067952491,0.069808694,-0.11819196,10.007,79.97300241,12,250,30.07596582
103,0.000974412,0.037947289,0.067952491,0.069808694,-0.11819196,10.007,79.97300241,13,189,28.85809807
104,0.000974412,0.037947289,0.067952491,0.069808694,-0.11819196,10.007,79.97300241,11,467,31.27693165
105,0.000974412,0.037947289,0.067952491,0.069808694,-0.11819196,10.007,79.97300241,13,187,28.72826895
106,0.000974412,0.037947289,0.067952491,0.069808694,-0.11819196,10.007,79.97300241,12,511,31.19557949
107,0.000974412,0.037947289,0.067952491,0.069808694,-0.11819196,10.007,79.97300241,11,501,31.31965082
108,0.000974412,0.037947289,0.067952491,0.069808694,-0.11819196,10.007,79.97300241,11,444,31.12537147
109,0.000974412,0.037947289,0.067952491,0.069808694,-0.11819196,10.007,79.97300241,12,220,30.5089153
110,0.000974412,0.037947289,0.067952491,0.069808694,-0.11819196,10.007,79.97300241,11,178,29.66381872
111,0.000974412,0.037947289,0.067952491,0.069808694,-0.11819196,10.007,79.97300241,10,498,31.11144131
112,0.000974412,0.037947289,0.067952491,0.069808694,-0.11819196,10.007,79.97300241,12,497,31.08692422
113,0.000974412,0.037947289,0.067952491,0.069808694,-0.11819196,10.007,79.97300241,14,211,30.58413819
114,0.000974412,0.037947289,0.067952491,0.069808694,-0.11819196,10.007,79.97300241,13,185,29.38187221
115,0.000974412,0.037947289,0.067952491,0.069808694,-0.11819196,10.007,79.97300241,11,473,31.23959881
116,0.000974412,0.037947289,0.067952491,0.069808694,-0.11819196,10.007,79.97300241,9,248,29.75984398
117,0.000974412,0.037947289,0.067952491,0.069808694,-0.11819196,10.007,79.97300241,12,169,29.08915305
118,0.000974412,0.037947289,0.067952491,0.069808694,-0.11819196,10.007,79.97300241,11,470,31.17459138
119,0.000974412,0.037947289,0.067952491,0.069808694,-0.11819196,10.007,79.97300241,11,484,31.22102526
120,0.000974412,0.037947289,0.067952491,0.069808694,-0.11819196,10.007,79.97300241,13,440,31.00092868
121,0.000974412,0.037947289,0.067952491,0.069808694,-0.11819196,10.007,79.97300241,12,204,30.54531947
122,0.000974412,0.037947289,0.067952491,0.069808694,-0.11819196,10.007,79.97300241,12,238,29.82187964
123,0.000974412,0.037947289,0.067952491,0.069808694,-0.11819196,10.007,79.97300241,8,189,29.20059435
124,0.000974412,0.037947289,0.067952491,0.069808694,-0.11819196,10.007,79.97300241,11,465,31.29123328
125,0.000974412,0.037947289,0.067952491,0.069808694,-0.11819196,10.007,79.97300241,13,472,31.32466568
126,0.000974412,0.037947289,0.067952491,0.069808694,-0.11819196,10.007,79.97300241,12,218,30.65824666
127,0.000974412,0.037947289,0.067952491,0.069808694,-0.11819196,10.007,79.97300241,12,185,29.49089896
128,0.000974412,0.037947289,0.067952491,0.069808694,-0.11819196,10.007,79.97300241,13,468,31.39784547
129,0.000974412,0.037947289,0.067952491,0.069808694,-0.11819196,10.007,79.97300241,11,462,31.07299406
130,0.000974412,0.037947289,0.067952491,0.069808694,-0.11819196,10.007,79.97300241,11,476,30.64914562
131,0.000974412,0.037947289,0.067952491,0.069808694,-0.11819196,10.007,79.97300241,12,180,29.21322437
132,0.000974412,0.037947289,0.067952491,0.069808694,-0.11819196,10.007,79.97300241,10,459,31.29531947
133,0.000974412,0.037947289,0.067952491,0.069808694,-0.11819196,10.007,79.97300241,12,477,31.17589153
134,0.000974412,0.037947289,0.067952491,0.069808694,-0.11819196,10.007,79.97300241,12,457,30.57708024
135,0.000974412,0.037947289,0.067952491,0.069808694,-0.11819196,10.007,79.97300241,9,194,29.32652303
136,0.000974412,0.037947289,0.067952491,0.069808694,-0.11819196,10.007,79.97300241,12,233,30.50055721
137,0.000974412,0.037947289,0.067952491,0.069808694,-0.11819196,10.007,79.97300241,13,188,29.48421248
138,0.000974412,0.037947289,0.067952491,0.069808694,-0.11819196,10.007,79.97300241,12,172,28.84881129
139,0.000974412,0.037947289,0.067952491,0.069808694,-0.11819196,10.007,79.97300241,13,267,29.78919019
140,0.000974412,0.037947289,0.067952491,0.069808694,-0.11819196,10.007,79.97300241,11,193,30.89580238
141,0.000974412,0.037947289,0.067952491,0.069808694,-0.11819196,10.007,79.97300241,13,468,31.35141159
142,0.000974412,0.037947289,0.067952491,0.069808694,-0.11819196,10.007,79.97300241,10,487,31.02656018
143,0.000974412,0.037947289,0.067952491,0.069808694,-0.11819196,10.007,79.97300241,10,262,29.94112184
144,0.000974412,0.037947289,0.067952491,0.069808694,-0.11819196,10.007,79.97300241,13,188,30.57039376
145,0.000974412,0.037947289,0.067952491,0.069808694,-0.11819196,10.007,79.97300241,12,483,31.36979941
146,0.000974412,0.037947289,0.067952491,0.069808694,-0.11819196,10.007,79.97300241,12,472,30.88001486
147,0.000974412,0.037947289,0.067952491,0.069808694,-0.11819196,10.007,79.97300241,11,258,29.77321694
148,0.000974412,0.037947289,0.067952491,0.069808694,-0.11819196,10.007,79.97300241,12,203,30.61534175
149,0.000974412,0.037947289,0.067952491,0.069808694,-0.11819196,10.007,79.97300241,8,176,28.71842496
150,0.000974412,0.037947289,0.067952491,0.069808694,-0.11819196,10.007,79.97300241,12,461,31.24387073
151,0.000974412,0.037947289,0.067952491,0.069808694,-0.11819196,10.007,79.97300241,13,184,30.96638187
152,0.000974412,0.037947289,0.067952491,0.069808694,-0.11819196,10.007,79.97300241,12,452,31.22009658
153,0.000974412,0.037947289,0.067952491,0.069808694,-0.11819196,10.007,79.97300241,10,486,30.79531947
154,0.000974412,0.037947289,0.067952491,0.069808694,-0.11819196,10.007,79.97300241,13,461,31.25872957
155,0.000974412,0.037947289,0.067952491,0.069808694,-0.11819196,10.007,79.97300241,12,445,30.99721397
156,0.000974412,0.037947289,0.067952491,0.069808694,-0.11819196,10.007,79.97300241,12,356,31.051263
157,0.000974412,0.037947289,0.067952491,0.069808694,-0.11819196,10.007,79.97300241,10,185,29.23718425
158,0.000974412,0.037947289,0.067952491,0.069808694,-0.11819196,10.007,79.97300241,9,220,30.4544948
159,0.000974412,0.037947289,0.067952491,0.069808694,-0.11819196,10.007,79.97300241,12,185,29.27841753
160,0.000974412,0.037947289,0.067952491,0.069808694,-0.11819196,10.007,79.97300241,13,247,30.41381872
161,0.000974412,0.037947289,0.067952491,0.069808694,-0.11819196,10.007,79.97300241,10,460,30.48031204
162,0.000974412,0.037947289,0.067952491,0.069808694,-0.11819196,10.007,79.97300241,13,481,31.28789004
163,0.000974412,0.037947289,0.067952491,0.069808694,-0.11819196,10.007,79.97300241,11,463,31.22529718
164,0.000974412,0.037947289,0.067952491,0.069808694,-0.11819196,10.007,79.97300241,11,236,29.80349183
165,0.000974412,0.037947289,0.067952491,0.069808694,-0.11819196,10.007,79.97300241,12,206,30.81389302
166,0.000974412,0.037947289,0.067952491,0.069808694,-0.11819196,10.007,79.97300241,12,459,31.26021545
167,0.000974412,0.037947289,0.067952491,0.069808694,-0.11819196,10.007,79.97300241,11,481,30.9544948
168,0.000974412,0.037947289,0.067952491,0.069808694,-0.11819196,10.007,79.97300241,14,185,30.79160475
169,0.000974412,0.037947289,0.067952491,0.069808694,-0.11819196,10.007,79.97300241,11,499,31.40081724
170,0.000974412,0.037947289,0.067952491,0.069808694,-0.11819196,10.007,79.97300241,11,208,28.79977712
171,0.000974412,0.037947289,0.067952491,0.069808694,-0.11819196,10.007,79.97300241,12,201,30.82930906
172,0.000974412,0.037947289,0.067952491,0.069808694,-0.11819196,10.007,79.97300241,12,186,28.81166419
173,0.000974412,0.037947289,0.067952491,0.069808694,-0.11819196,10.007,79.97300241,12,191,28.78677563
174,0.000974412,0.037947289,0.067952491,0.069808694,-0.11819196,10.007,79.97300241,12,252,29.74331352
175,0.000974412,0.037947289,0.067952491,0.069808694,-0.11819196,10.007,79.97300241,12,194,30.83172363
176,0.000974412,0.037947289,0.067952491,0.069808694,-0.11819196,10.007,79.97300241,13,481,31.22659733
177,0.000974412,0.037947289,0.067952491,0.069808694,-0.11819196,10.007,79.97300241,10,454,30.91140416
178,0.000974412,0.037947289,0.067952491,0.069808694,-0.11819196,10.007,79.97300241,11,180,29.3640416
179,0.000974412,0.037947289,0.067952491,0.069808694,-0.11819196,10.007,79.97300241,12,233,30.28064636
180,0.000974412,0.037947289,0.067952491,0.069808694,-0.11819196,10.007,79.97300241,12,471,30.98402675
181,0.000974412,0.037947289,0.067952491,0.069808694,-0.11819196,10.007,79.97300241,12,459,31.21155275
182,0.000974412,0.037947289,0.067952491,0.069808694,-0.11819196,10.007,79.97300241,10,453,30.3441679
183,0.000974412,0.037947289,0.067952491,0.069808694,-0.11819196,10.007,79.97300241,13,217,30.61682764
184,0.000974412,0.037947289,0.067952491,0.069808694,-0.11819196,10.007,79.97300241,12,467,31.14078752
185,0.000974412,0.037947289,0.067952491,0.069808694,-0.11819196,10.007,79.97300241,11,158,31.00501486
186,0.000974412,0.037947289,0.067952491,0.069808694,-0.11819196,10.007,79.97300241,10,172,28.71489599
187,0.000974412,0.037947289,0.067952491,0.069808694,-0.11819196,10.007,79.97300241,12,200,30.70003715
188,0.000974412,0.037947289,0.067952491,0.069808694,-0.11819196,10.007,79.97300241,10,250,29.88150074
189,0.000974412,0.037947289,0.067952491,0.069808694,-0.11819196,10.007,79.97300241,12,508,31.07206538
190,0.000974412,0.037947289,0.067952491,0.069808694,-0.11819196,10.007,79.97300241,12,453,31.10921248
191,0.000974412,0.037947289,0.067952491,0.069808694,-0.11819196,10.007,79.97300241,12,222,30.35494056
192,0.000974412,0.037947289,0.067952491,0.069808694,-0.11819196,10.007,79.97300241,12,178,29.20356612
193,0.000974412,0.037947289,0.067952491,0.069808694,-0.11819196,10.007,79.97300241,11,470,30.5423477
194,0.000974412,0.037947289,0.067952491,0.069808694,-0.11819196,10.007,79.97300241,12,458,31.23922734
195,0.000974412,0.037947289,0.067952491,0.069808694,-0.11819196,10.007,79.97300241,12,487,31.15601783
196,0.000974412,0.037947289,0.067952491,0.069808694,-0.11819196,10.007,79.97300241,12,204,31.11069837
197,0.000974412,0.037947289,0.067952491,0.069808694,-0.11819196,10.007,79.97300241,12,473,31.18833581
198,0.000974412,0.037947289,0.067952491,0.069808694,-0.11819196,10.007,79.97300241,11,193,29.42960624
199,0.000974412,0.037947289,0.067952491,0.069808694,-0.11819196,10.007,79.97300241,8,451,30.21192422
200,0.000974412,0.037947289,0.067952491,0.069808694,-0.11819196,10.007,79.97300241,13,225,30.48867013
201,0.000974412,0.037947289,0.067952491,0.069808694,-0.11819196,10.007,79.97300241,12,204,29.29179049
202,0.000974412,0.037947289,0.067952491,0.069808694,-0.11819196,10.007,79.97300241,13,499,31.24349926
203,0.000974412,0.037947289,0.067952491,0.069808694,-0.11819196,10.007,79.97300241,13,489,31.27135958
204,0.000974412,0.037947289,0.067952491,0.069808694,-0.11819196,10.007,79.97300241,10,467,30.54624814
205,0.000974412,0.037947289,0.067952491,0.069808694,-0.11819196,10.007,79.97300241,11,190,30.69149331
206,0.000974412,0.037947289,0.067952491,0.069808694,-0.11819196,10.007,79.97300241,10,250,29.74777117
207,0.000974412,0.037947289,0.067952491,0.069808694,-0.11819196,10.007,79.97300241,12,468,31.25278603
208,0.000974412,0.037947289,0.067952491,0.069808694,-0.11819196,10.007,79.97300241,12,475,31.33358098
209,0.000974412,0.037947289,0.067952491,0.069808694,-0.11819196,10.007,79.97300241,9,195,30.80999257
210,0.000974412,0.037947289,0.067952491,0.069808694,-0.11819196,10.007,79.97300241,12,188,28.91140416
211,0.000974412,0.037947289,0.067952491,0.069808694,-0.11819196,10.007,79.97300241,12,255,29.99219911
212,0.000974412,0.037947289,0.067952491,0.069808694,-0.11819196,10.007,79.97300241,11,455,30.81705052
213,0.000974412,0.037947289,0.067952491,0.069808694,-0.11819196,10.007,79.97300241,10,476,31.27693165
214,0.000974412,0.037947289,0.067952491,0.069808694,-0.11819196,10.007,79.97300241,11,196,30.84769688
215,0.000974412,0.037947289,0.067952491,0.069808694,-0.11819196,10.007,79.97300241,11,244,29.79160475
216,0.000974412,0.037947289,0.067952491,0.069808694,-0.11819196,10.007,79.97300241,11,199,28.89673105
217,0.000974412,0.037947289,0.067952491,0.069808694,-0.11819196,10.007,79.97300241,11,198,28.74331352
218,0.000974412,0.037947289,0.067952491,0.069808694,-0.11819196,10.007,79.97300241,14,193,30.76188707
219,0.000974412,0.037947289,0.067952491,0.069808694,-0.11819196,10.007,79.97300241,12,214,30.37871471
220,0.000974412,0.037947289,0.067952491,0.069808694,-0.11819196,10.007,79.97300241,12,460,31.24089896
221,0.000974412,0.037947289,0.067952491,0.069808694,-0.11819196,10.007,79.97300241,9,451,31.19279346
222,0.000974412,0.037947289,0.067952491,0.069808694,-0.11819196,10.007,79.97300241,13,234,30.25501486
223,0.000974412,0.037947289,0.067952491,0.069808694,-0.11819196,10.007,79.97300241,12,210,29.31593611
224,0.000974412,0.037947289,0.067952491,0.069808694,-0.11819196,10.007,79.97300241,6,454,30.46805349
225,0.000974412,0.037947289,0.067952491,0.069808694,-0.11819196,10.007,79.97300241,12,458,31.21545319
226,0.000974412,0.037947289,0.067952491,0.069808694,-0.11819196,10.007,79.97300241,13,488,31.17440565
227,0.000974412,0.037947289,0.067952491,0.069808694,-0.11819196,10.007,79.97300241,11,224,30.31203566
228,0.000974412,0.037947289,0.067952491,0.069808694,-0.11819196,10.007,79.97300241,13,194,29.30683507
229,0.000974412,0.037947289,0.067952491,0.069808694,-0.11819196,10.007,79.97300241,12,185,28.72195394
230,0.000974412,0.037947289,0.067952491,0.069808694,-0.11819196,10.007,79.97300241,9,183,30.79439079
231,0.000974412,0.037947289,0.067952491,0.069808694,-0.11819196,10.007,79.97300241,12,487,31.29476226
232,0.000974412,0.037947289,0.067952491,0.069808694,-0.11819196,10.007,79.97300241,11,489,30.9173477
233,0.000974412,0.037947289,0.067952491,0.069808694,-0.11819196,10.007,79.97300241,11,470,31.41901932
234,0.000974412,0.037947289,0.067952491,0.069808694,-0.11819196,10.007,79.97300241,12,200,30.6160847
235,0.000974412,0.037947289,0.067952491,0.069808694,-0.11819196,10.007,79.97300241,13,191,29.70560921
236,0.016707641,0.098953535,0.023542881,-0.078007323,0.04986836,10,79.9809472,240,15344,772.5389222
237,0.016707641,0.098953535,0.023542881,-0.078007323,0.04986836,10,79.9809472,233,10053,681.215841
238,0.016707641,0.098953535,0.023542881,-0.078007323,0.04986836,10,79.9809472,206,8822,630.3478498
239,0.016707641,0.098953535,0.023542881,-0.078007323,0.04986836,10,79.9809472,243,12074,726.627926
240,-0.007799606,0.099332415,0.041684801,-0.049217828,0.044187744,10,79.9809472,284,5026,844.3252586
241,-0.007799606,0.099332415,0.041684801,-0.049217828,0.044187744,10,79.9809472,319,14992,910.4855743
242,-0.007799606,0.099332415,0.041684801,-0.049217828,0.044187744,10,79.9809472,280,8054,806.6330974
243,-0.007799606,0.099332415,0.041684801,-0.049217828,0.044187744,10,79.9809472,277,4576,823.5740338
244,0.035866213,0.071307271,0.041484771,-0.105910247,-0.022584934,10,79.9809472,190,5124,684.6015242
245,0.035866213,0.071307271,0.041484771,-0.105910247,-0.022584934,10,79.9809472,224,4380,684.4755035
246,0.035866213,0.071307271,0.041484771,-0.105910247,-0.022584934,10,79.9809472,228,4383,717.505988
247,0.035866213,0.071307271,0.041484771,-0.105910247,-0.022584934,10,79.9809472,165,8004,666.1899837
248,-0.00348191,0.063235202,0.132959545,-0.103500645,-0.027917297,10,79.97852365,412,9231,1197.087646
249,-0.00348191,0.063235202,0.132959545,-0.103500645,-0.027917297,10,79.97852365,391,11445,1183.734836
250,-0.00348191,0.063235202,0.132959545,-0.103500645,-0.027917297,10,79.97852365,333,11055,1132.789928
251,-0.00348191,0.063235202,0.132959545,-0.103500645,-0.027917297,10,79.97852365,365,13291,1265.70729
252,-0.00348191,0.063235202,0.132959545,-0.103500645,-0.027917297,10,79.97852365,456,58393,1851.898164
253,-0.00348191,0.063235202,0.132959545,-0.103500645,-0.027917297,10,79.97852365,333,11826,1199.304674
254,-0.00348191,0.063235202,0.132959545,-0.103500645,-0.027917297,10,79.97852365,406,15632,1347.058431
255,0.058859063,0.109616699,0.036836815,-0.075236822,0.032728235,10,79.98339681,338,29133,1333.189583
256,0.058859063,0.109616699,0.036836815,-0.075236822,0.032728235,10,79.98339681,343,22247,1169.260711
257,-0.017488957,0.10269396,0.010533541,-0.083976741,-0.013185772,10,79.9809472,2777,134641,7934.863092
258,-0.017488957,0.10269396,0.010533541,-0.083976741,-0.013185772,10,79.9809472,2698,107532,7425.159771
259,-0.017488957,0.10269396,0.010533541,-0.083976741,-0.013185772,10,79.9809472,2884,136431,7936.86663
260,-0.017488957,0.10269396,0.010533541,-0.083976741,-0.013185772,10,79.9809472,2656,114869,7520.461894
261,-0.017488957,0.10269396,0.010533541,-0.083976741,-0.013185772,10,79.9809472,2550,100977,7164.244692
262,0.057474743,0.070671887,0.092379751,-0.053236238,0.051724409,10,79.97852365,549,20399,1454.739009
263,0.057474743,0.070671887,0.092379751,-0.053236238,0.051724409,10,79.97852365,503,14225,1287.64552
264,0.062967445,0.063022735,0.105797971,-0.072782711,0.002425923,10,49.98395095,4246,55720,11581.98619
265,0.062967445,0.063022735,0.105797971,-0.072782711,0.002425923,10,49.98395095,3619,106650,11028.5019
266,0.062967445,0.063022735,0.105797971,-0.072782711,0.002425923,10,49.98395095,4232,68076,11970.95095
267,0.062967445,0.063022735,0.105797971,-0.072782711,0.002425923,10,49.98395095,4578,69348,12741.82429
268,-0.011111946,0.093166617,0.103239502,-0.016142823,0.036964307,10,79.97852365,529,22138,1716.853923
269,0.083297404,0.125649412,0.060108513,-0.116276066,0.017117756,10,79.98339681,334,24200,1193.242229
270,0.083297404,0.125649412,0.060108513,-0.116276066,0.017117756,10,79.98339681,323,24497,1171.921591
271,0.083297404,0.125649412,0.060108513,-0.116276066,0.017117756,10,79.98339681,352,22279,1239.659759
272,0.080289644,0.010038977,0.02194191,-0.048843217,0.030435517,10,79.97852365,335,12884,871.9841402
273,0.080289644,0.010038977,0.02194191,-0.048843217,0.030435517,10,79.97852365,350,12132,913.8569839
274,0.033686088,0.123224189,0.029584303,-0.054485479,-0.043940795,10,79.97852365,531,33028,1627.078742
275,0.033686088,0.123224189,0.029584303,-0.054485479,-0.043940795,10,79.97852365,500,20817,1376.861992
276,0.033686088,0.123224189,0.029584303,-0.054485479,-0.043940795,10,79.9809472,223,12756,706.9784976
277,0.033686088,0.123224189,0.029584303,-0.054485479,-0.043940795,10,79.97852365,506,24078,1461.662771
278,0.033686088,0.123224189,0.029584303,-0.054485479,-0.043940795,10,79.97852365,529,39695,1657.225932
279,0.033686088,0.123224189,0.029584303,-0.054485479,-0.043940795,10,79.98339681,379,19208,1153.975077
280,0.050625896,0.119558463,0.064151338,-0.072631136,-0.070224747,10,89.98594665,220,6541,815.5177423
281,0.050625896,0.119558463,0.064151338,-0.072631136,-0.070224747,10,89.98594665,230,5904,811.6934985
282,0.050625896,0.119558463,0.064151338,-0.072631136,-0.070224747,10,89.98594665,274,5236,915.4886878
283,0.04072158,0.087764909,0.104817758,-0.007501523,-0.050698382,10,79.98339681,381,16128,1257.8345
284,0.04072158,0.087764909,0.104817758,-0.007501523,-0.050698382,10,79.98339681,349,21501,1322.366284
285,0.045503671,0.019536838,0.134034644,-0.021794329,0.050457666,10,79.9809472,193,10947,698.0694066
286,0.045503671,0.019536838,0.134034644,-0.021794329,0.050457666,10,79.9809472,210,5034,692.9216113
287,0.045503671,0.019536838,0.134034644,-0.021794329,0.050457666,10,79.9809472,205,4443,689.150245
288,0.045503671,0.019536838,0.134034644,-0.021794329,0.050457666,10,79.9809472,210,6905,658.047632
