model,balanced_accuracy,groundtruth_balanced_accuracy,dataset
97,0.37911349131032435,0.672733762,1
98,0.3919993303790624,0.748037116,1
99,0.4048840820121022,0.755531763,1
100,0.4949710542866631,0.995360457,1
101,0.48209264338960073,0.994289793,1
102,0.48629683172406235,0.98965025,1
103,0.5000485596619004,0.996074233,1
104,0.5001579852723966,0.998572448,1
105,0.49866835036303864,0.996788009,1
106,0.4985085022793022,0.995003569,1
107,0.4985763028939306,0.995003569,1
108,0.3310597292304179,0.564239829,1
109,0.3252460153190495,0.584939329,1
110,0.39104791812307893,0.756245539,1
111,0.39490533896085384,0.727337616,1
112,0.33167506766888105,0.593147752,1
113,0.48116679491668457,0.992862241,1
114,0.3275571263793732,0.559957173,1
115,0.49629127492727926,0.987508922,1
116,0.31684013908378883,0.575660243,1
117,0.4903171022991092,0.982869379,1
118,0.3553519368835281,0.578158458,1
119,0.49781583177886135,0.975374732,1
120,0.5002612438424584,0.980728051,1
121,0.3387707472300714,0.584582441,1
247,0.31222979756035957,0.499286224,1
248,0.31236259341935124,0.5,1
249,0.31233980247690546,0.499643112,1
250,0.2803875121476083,0.41184868,1
251,0.3416626436919426,0.514989293,1
252,0.2844536193250673,0.44468237,1
253,0.308859263834597,0.447537473,1
254,0.3418636391991311,0.553890079,1
255,0.320800065111342,0.546395432,1
256,0.3272513814300273,0.526766595,1
257,0.2987301072091599,0.44111349,1
258,0.31236259341935124,0.5,1
259,0.31236259341935124,0.5,1
260,0.31236259341935124,0.5,1
261,0.31236259341935124,0.5,1
262,0.31264729983237227,0.500713776,1
263,0.31236259341935124,0.5,1
264,0.31236259341935124,0.5,1
265,0.3122542092645837,0.499643112,1
266,0.3087689649056567,0.504282655,1
267,0.31266456916192464,0.500713776,1
268,0.3065210340591284,0.493219129,1
269,0.18003328459276383,0.151677373,1
270,0.1428741996724441,0.066738044,1
271,0.31236259341935124,0.5,1
297,0.3216216840635739,0.506067095,1
298,0.3202060067665152,0.502855103,1
299,0.3245514644249859,0.502141328,1
300,0.3021016827254769,0.504639543,1
301,0.3330078855213093,0.517844397,1
302,0.33669718374523033,0.520342612,1
303,0.27466899534738226,0.461099215,1
304,0.33862884883866035,0.575303355,1
305,0.33677533046503666,0.620985011,1
306,0.29814866532559375,0.387937188,1
307,0.26247584289175085,0.428265525,1
308,0.31236259341935124,0.5,1
309,0.29586819791883234,0.454675232,1
310,0.31231404365581966,0.480014276,1
311,0.31402188174343354,0.501427552,1
312,0.3160477379470512,0.509279086,1
313,0.31179040186595525,0.5,1
314,0.3153920482768678,0.57958601,1
315,0.2831571364208761,0.413276231,1
316,0.31236259341935124,0.5,1
317,0.3120654063567682,0.5,1
318,0.32177898639662306,0.529978587,1
319,0.3231053459330176,0.453961456,1
320,0.27536496870945626,0.429693076,1
321,0.31573747453331436,0.510706638,1
372,0.43014329260199685,0.799428979,1
373,0.40045426170219695,0.762312634,1
374,0.42669152851491,0.807280514,1
375,0.4818258671530763,0.996074233,1
376,0.48655181630748423,0.996788009,1
377,0.5040636671663086,0.990720914,1
378,0.5063668397118588,0.99821556,1
379,0.49730026068691496,0.998929336,1
380,0.49978172788630476,0.996431121,1
381,0.49858565827380186,0.994646681,1
382,0.49746336288958465,0.997144897,1
383,0.3281656568723363,0.536759458,1
384,0.3489405889135889,0.658815132,1
385,0.4212993961596229,0.813704497,1
386,0.41220888795601773,0.76302641,1
387,0.34100072331238696,0.625624554,1
388,0.48677274632742806,0.974304069,1
389,0.34998353676889304,0.630264097,1
390,0.4884100048047637,0.992148465,1
391,0.34753599829144954,0.606709493,1
392,0.49687378512192704,0.991791577,1
393,0.350559672531091,0.606352605,1
394,0.49342964218602836,0.990007138,1
395,0.4985917153886067,0.989293362,1
396,0.36353252976708555,0.706995004,1
422,0.31232144823167424,0.5,1
423,0.3237309261105681,0.518915061,1
424,0.348893922069671,0.563169165,1
425,0.21827556083929864,0.284796574,1
426,0.2863587546982355,0.459314775,1
427,0.315398028058876,0.518558173,1
428,0.3181140448450863,0.507137759,1
429,0.3611393891630559,0.574232691,1
430,0.32820964872610603,0.513204854,1
431,0.3023715831219446,0.476445396,1
432,0.26120675671806676,0.349036403,1
433,0.31236259341935124,0.5,1
434,0.3120322540265177,0.526052819,1
435,0.3084297647967931,0.517130621,1
436,0.33338157151829917,0.528194147,1
437,0.3250696074368519,0.502141328,1
438,0.2968938539350769,0.525695931,1
439,0.31236259341935124,0.5,1
440,0.24734928192408043,0.267309065,1
441,0.31236259341935124,0.5,1
442,0.3126658078682015,0.5,1
443,0.32576105046509596,0.528551035,1
444,0.46909376469368136,0.895788722,1
445,0.4806467913483449,0.937901499,1
446,0.3180928555054828,0.520342612,1
1022,0.33347930973170287,0.481798715,1
1023,0.32930182324459734,0.48786581,1
1024,0.31594135371479354,0.452177016,1
1025,0.27911945708851255,0.394361171,1
1026,0.29710942004591917,0.414346895,1
1027,0.32042218846001497,0.431120628,1
1028,0.25509714050519644,0.307637402,1
1029,0.2801922786074304,0.374018558,1
1030,0.4073778655442625,0.653818701,1
1031,0.33598818623976495,0.501070664,1
1032,0.3373863872793098,0.459671663,1
1033,0.31236259341935124,0.5,1
1034,0.31636904169398566,0.444325482,1
1035,0.3356163047148576,0.483940043,1
1036,0.3396579224247616,0.513204854,1
1037,0.30392240701081524,0.427551749,1
1038,0.33650009474865694,0.461099215,1
1039,0.31472430715372607,0.41862955,1
1040,0.3259242083389829,0.488579586,1
1041,0.3236842279401769,0.467880086,1
1042,0.33727313838239514,0.496431121,1
1043,0.30603319588465916,0.438972163,1
1044,0.34289622053275315,0.484296931,1
1045,0.340119464580629,0.46538187,1
1046,0.31269744855236653,0.44111349,1
1347,0.31244250738336515,0.500356888,1
1348,0.3135940871053974,0.500713776,1
1349,0.3570453535102288,0.578515346,1
1350,0.2978254504951888,0.488222698,1
1351,0.2843537319436333,0.417915774,1
1352,0.31361955286948895,0.503568879,1
1353,0.2853968444332488,0.429693076,1
1354,0.3462596869313683,0.56923626,1
1355,0.2989942665479368,0.45503212,1
1356,0.31744573632433837,0.502498216,1
1357,0.3173142974460978,0.526766595,1
1358,0.31236259341935124,0.5,1
1359,0.3124398770195559,0.500713776,1
1360,0.3111913460559003,0.529978587,1
1361,0.31351462184854667,0.500713776,1
1362,0.32860439093523147,0.517130621,1
1363,0.29193836568229303,0.462883655,1
1364,0.3091916705872598,0.496431121,1
1365,0.21907009471943634,0.248037116,1
1366,0.32914807785537736,0.498572448,1
1367,0.31845376001757486,0.513204854,1
1368,0.31728212588611376,0.505353319,1
1369,0.47631577142830306,0.913276231,1
1370,0.4879955769918645,0.947180585,1
1371,0.33070887810716937,0.551034975,1
1472,0.3311432660965427,0.518201285,1
1473,0.30944126285910645,0.481441827,1
1474,0.3360786575166807,0.519628837,1
1475,0.29320537506460453,0.490720914,1
1476,0.31766052248347626,0.493576017,1
1477,0.37904658706382194,0.631334761,1
1478,0.33883473388297347,0.575303355,1
1479,0.29924646704618807,0.476802284,1
1480,0.39246100562648745,0.618843683,1
1481,0.35622123382049803,0.589578872,1
1482,0.3167172357303745,0.516773733,1
1483,0.31236259341935124,0.5,1
1484,0.31236259341935124,0.5,1
1485,0.3072217471192521,0.505710207,1
1486,0.30633313840317233,0.47751606,1
1487,0.3136159818754379,0.503211991,1
1488,0.31066394361282523,0.495003569,1
1489,0.31236259341935124,0.5,1
1490,0.31236259341935124,0.5,1
1491,0.31236259341935124,0.5,1
1492,0.31230872207834204,0.5,1
1493,0.30376962148534614,0.480728051,1
1494,0.3872262652659894,0.592790864,1
1495,0.3506379010384788,0.514989293,1
1496,0.31236259341935124,0.5,1
1622,0.31543675663092824,0.508208423,1
1623,0.3156156113026752,0.507851535,1
1624,0.3550560435296487,0.568522484,1
1625,0.30168568642478233,0.481084939,1
1626,0.3330067428523563,0.538900785,1
1627,0.4006629782455498,0.736259814,1
1628,0.2268985507152684,0.311206281,1
1629,0.3119528954066649,0.537830121,1
1630,0.33101924929866877,0.521770164,1
1631,0.28663695516891174,0.505710207,1
1632,0.3695695772756051,0.568879372,1
1633,0.31236259341935124,0.5,1
1634,0.3117655492820837,0.530692363,1
1635,0.31795369799872225,0.562098501,1
1636,0.3159036001536847,0.51391863,1
1637,0.30971079137912794,0.5,1
1638,0.3191072431333014,0.535331906,1
1639,0.32785827748886437,0.480371163,1
1640,0.2765876590857557,0.398286938,1
1641,0.31236259341935124,0.5,1
1642,0.313384821681574,0.501427552,1
1643,0.31239429513466427,0.5,1
1644,0.45768681703503633,0.86509636,1
1645,0.4868097739630356,0.947894361,1
1646,0.3265608801568776,0.539614561,1
1797,0.29678546150141755,0.433261956,1
1798,0.3026629732207601,0.496074233,1
1799,0.3165352455060849,0.457530335,1
1800,0.3350097432490343,0.463954318,1
1801,0.36790602537129546,0.61598858,1
1802,0.364894781705961,0.626695218,1
1803,0.40553168380966087,0.628479657,1
1804,0.3357808952539585,0.560670949,1
1805,0.33870029608808805,0.512491078,1
1806,0.28091966771814597,0.369735903,1
1807,0.3164531885476901,0.457530335,1
1808,0.3271585064542227,0.523911492,1
1809,0.3137256629108537,0.473947181,1
1810,0.3236577264139502,0.496431121,1
1811,0.31736666791596735,0.496788009,1
1812,0.3318822724552225,0.521770164,1
1813,0.3332949157770019,0.496788009,1
1814,0.29954898974048555,0.492862241,1
1815,0.34991232614099227,0.548536759,1
1816,0.31153543347077106,0.526052819,1
1817,0.3663045493718709,0.634189864,1
1818,0.31247069351736567,0.5,1
1819,0.3526376408137454,0.521770164,1
1820,0.32940325855171715,0.533904354,1
1821,0.33488070945504916,0.526766595,1
322,-0.04747405744433636,0.557985758,10
323,-0.04747405744433636,0.679043744,10
324,-0.04747405744433636,0.689725331,10
325,-0.04747405744433636,0.498982706,10
326,-0.04747405744433636,0.523397762,10
327,-0.04747405744433636,0.920651068,10
328,-0.04747405744433636,0.322990844,10
329,-0.04747405744433636,0.309257375,10
330,-0.04747405744433636,0.476093591,10
331,-0.04747405744433636,0.553407935,10
332,-0.04747405744433636,0.486266531,10
333,-0.04747405744433636,0.486775178,10
334,-0.04747405744433636,0.500508647,10
335,-0.04747405744433636,0.517802645,10
336,-0.04747405744433636,0.54069176,10
337,-0.04747405744433636,0.501017294,10
338,-0.04747405744433636,0.500508647,10
339,-0.04747405744433636,0.5,10
340,-0.04747405744433636,0.508138352,10
341,-0.04747405744433636,0.5,10
342,-0.04747405744433636,0.534587996,10
343,-0.04747405744433636,0.503051882,10
344,-0.04747405744433636,0.845879959,10
345,-0.04747405744433636,0.856561546,10
346,-0.04747405744433636,0.566632757,10
722,-0.04747405744433636,0.623092574,10
723,-0.04747405744433636,0.682095626,10
724,-0.04747405744433636,0.695320448,10
725,-0.04747405744433636,0.746185148,10
726,-0.04747405744433636,0.684638861,10
727,-0.04747405744433636,0.757884028,10
728,-0.04747405744433636,0.707527976,10
729,-0.04747405744433636,0.789928789,10
730,-0.04747405744433636,0.81180061,10
731,-0.04747405744433636,0.739572737,10
732,-0.04747405744433636,0.871312309,10
733,-0.04747405744433636,0.538148525,10
734,-0.04747405744433636,0.630722279,10
735,-0.04747405744433636,0.589013225,10
736,-0.04747405744433636,0.606307223,10
737,-0.04747405744433636,0.589013225,10
738,-0.04747405744433636,0.723296033,10
739,-0.04747405744433636,0.671922686,10
740,-0.04747405744433636,0.833672431,10
741,-0.04747405744433636,0.519837233,10
742,-0.04747405744433636,0.756358087,10
743,-0.04747405744433636,0.630722279,10
744,-0.04747405744433636,0.681078332,10
745,-0.04747405744433636,0.745676501,10
746,-0.04747405744433636,0.626653103,10
1222,-0.04747405744433636,0.490844354,10
1223,-0.04747405744433636,0.631230926,10
1224,-0.04747405744433636,0.567141404,10
1225,-0.04747405744433636,0.510681587,10
1226,-0.04747405744433636,0.506612411,10
1227,-0.04747405744433636,0.950661241,10
1228,-0.04747405744433636,0.424720244,10
1229,-0.04747405744433636,0.550356053,10
1230,-0.04747405744433636,0.568667345,10
1231,-0.04747405744433636,0.733468973,10
1232,-0.04747405744433636,0.686673449,10
1233,-0.04747405744433636,0.5,10
1234,-0.04747405744433636,0.498982706,10
1235,-0.04747405744433636,0.477110885,10
1236,-0.04747405744433636,0.496439471,10
1237,-0.04747405744433636,0.508646999,10
1238,-0.04747405744433636,0.5,10
1239,-0.04747405744433636,0.5,10
1240,-0.04747405744433636,0.5,10
1241,-0.04747405744433636,0.5,10
1242,-0.04747405744433636,0.501525941,10
1243,-0.04747405744433636,0.5,10
1244,-0.04747405744433636,0.837741607,10
1245,-0.04747405744433636,0.856052899,10
1246,-0.04747405744433636,0.587995931,10
172,0.0749767280713706,0.408794788,15
173,0.07931733399998159,0.457654723,15
174,0.0737035971867968,0.382736156,15
175,0.06850543547512288,0.5,15
176,0.06623482094658331,0.5,15
177,0.0853345487610773,0.5,15
178,0.07469633987927474,0.5,15
179,0.0765487025813188,0.5,15
180,0.07300946417426053,0.5,15
181,0.0645688609984976,0.503257329,15
182,0.0761826196252971,0.5,15
183,0.07278919681679814,0.368078176,15
184,0.07475743954586879,0.350162866,15
185,0.08110001170271147,0.530944625,15
186,0.08050283048077625,0.501628664,15
187,0.07572685344832916,0.364820847,15
188,0.08608921624856268,0.741042345,15
189,0.0787429349496518,0.519543974,15
190,0.08368772416749451,0.664495114,15
191,0.07006591520484227,0.294788274,15
192,0.08573376010695652,0.747557003,15
193,0.07379150407467025,0.40228013,15
194,0.08076385932096096,0.374592834,15
195,0.07286386670743515,0.30781759,15
196,0.07773322242000145,0.496742671,15
397,0.0766898891273232,0.5,15
398,0.08344489736676544,0.687296417,15
399,0.09060028131879748,0.5,15
400,0.09526792456595529,0.5,15
401,0.08772250589228293,0.5,15
402,0.0898502230144283,0.5,15
403,0.09281725893522536,0.5,15
404,0.09225040494068838,0.5,15
405,0.09148978586717965,0.5,15
406,0.09012098483545981,0.5,15
407,0.09242076247649043,0.5,15
408,0.07550904791142042,0.408794788,15
409,0.08135736827168029,0.5,15
410,0.08929962009212003,0.5,15
411,0.08589839949831377,0.5,15
412,0.09740467286940976,0.638436482,15
413,0.09733803529140604,0.591205212,15
414,0.07718506874866535,0.557003257,15
415,0.09264386192967287,0.5,15
416,0.07499341676637403,0.470684039,15
417,0.09125239333394206,0.5,15
418,0.07956407535920079,0.618892508,15
419,0.09179209363065409,0.5,15
420,0.088287654773867,0.48534202,15
421,0.08490339064026185,0.473941368,15
447,0.09287400073519368,0.931596091,15
448,0.09227640672181468,0.95276873,15
449,0.09334772466260645,0.964169381,15
450,0.07040717109311803,0.5,15
451,0.0777266927786928,0.5,15
452,0.07039463195893653,0.5,15
453,0.07441871281250811,0.5,15
454,0.07541867594425634,0.5,15
455,0.0793652531410167,0.688925081,15
456,0.07049602965090701,0.5,15
457,0.07064462803289,0.5,15
458,0.08952079813278918,0.938110749,15
459,0.09419794112342836,0.956026059,15
460,0.09155126427690022,0.949511401,15
461,0.09214925818968872,0.947882736,15
462,0.08820512611619714,0.942996743,15
463,0.08818260466501177,0.7752443,15
464,0.09222389151457532,0.929967427,15
465,0.08745208255584652,0.776872964,15
466,0.09000423541995316,0.970684039,15
467,0.0877872054867079,0.794788274,15
468,0.09328928490166831,0.938110749,15
469,0.09119421364092478,0.928338762,15
470,0.08876967394751177,0.908794788,15
471,0.09227049800600941,0.95276873,15
747,0.08859974467093011,0.519543974,15
748,0.087140281535682,0.498371336,15
749,0.08695567749456795,0.513029316,15
750,0.0739732044767112,0.5,15
751,0.07359211223886769,0.5,15
752,0.06456817065468692,0.5,15
753,0.07709641280442735,0.5,15
754,0.07804732245240222,0.5,15
755,0.06775260691748755,0.535830619,15
756,0.07949737696446249,0.465798046,15
757,0.07884407095533531,0.5,15
758,0.08447190850512981,0.589576547,15
759,0.090507987870564,0.543973941,15
760,0.0923676282102665,0.553745928,15
761,0.09321762864326665,0.589576547,15
762,0.09056490429390382,0.615635179,15
763,0.08607208486151606,0.664495114,15
764,0.08991043431612898,0.529315961,15
765,0.08151466012014306,0.625407166,15
766,0.09060429520593992,0.558631922,15
767,0.08441286055523765,0.600977199,15
768,0.09015417362355457,0.615635179,15
769,0.08069358378559718,0.465798046,15
770,0.080697383756306,0.504885993,15
771,0.0872399360403239,0.53257329,15
922,0.0853932476498194,0.728013029,15
923,0.08115910949293395,0.63029316,15
924,0.08245359487586662,0.672638436,15
925,0.07664460562125121,0.5,15
926,0.07404987946134564,0.5,15
927,0.08407031310417966,0.498371336,15
928,0.07997452287308625,0.486970684,15
929,0.0800222408649217,0.5,15
930,0.07728149355417971,0.486970684,15
931,0.06081609921477628,0.40228013,15
932,0.06819823511571697,0.5,15
933,0.0783919019940532,0.503257329,15
934,0.07541294605843687,0.509771987,15
935,0.08613055343440393,0.700325733,15
936,0.08433396767893866,0.762214984,15
937,0.07720266837458588,0.527687296,15
938,0.06455408905126717,0.231270358,15
939,0.07607166165231737,0.524429967,15
940,0.06809601206342238,0.288273616,15
941,0.08334384542705933,0.667752443,15
942,0.0674055181668319,0.276872964,15
943,0.07988273199006063,0.693811075,15
944,0.07622657680983361,0.622149837,15
945,0.0799010285624216,0.672638436,15
946,0.08008789728390188,0.522801303,15
1272,0.09281863966960567,0.53257329,15
1273,0.09070697240648426,0.509771987,15
1274,0.08713088208240906,0.314332248,15
1275,0.0950895925703274,0.5,15
1276,0.09862006282291333,0.5,15
1277,0.09973230770306968,0.5,15
1278,0.09119889529296629,0.5,15
1279,0.0929351533111591,0.5,15
1280,0.09504507291529132,0.5,15
1281,0.08931673760819306,0.5,15
1282,0.089289943298163,0.5,15
1283,0.07744575087100904,0.5,15
1284,0.08210500899006322,0.578175896,15
1285,0.0856800300583061,0.407166124,15
1286,0.08915200719443982,0.498371336,15
1287,0.08870830925015519,0.5,15
1288,0.09817259196942499,0.5,15
1289,0.08515254041304408,0.5,15
1290,0.09335338282562632,0.5,15
1291,0.08114231505175908,0.469055375,15
1292,0.0928805336714486,0.486970684,15
1293,0.0837635655801188,0.5,15
1294,0.09377345501455642,0.5,15
1295,0.09472689311042416,0.5,15
1296,0.08876513681269659,0.5,15
472,0.13231873709256584,0.333333333,17
473,0.12898594481236733,0.333333333,17
474,0.12902273726222238,0.333333333,17
475,0.13376384621582843,0.333333333,17
476,0.13954135944500162,0.364453665,17
477,0.15084421857456914,0.333333333,17
478,0.13447151258155324,0.350276625,17
479,0.1531204643427488,0.415629322,17
480,0.1318000553319276,0.335408022,17
481,0.11849543298497231,0.286652835,17
482,0.12539249395027524,0.335408022,17
483,0.12935646390678318,0.336099585,17
484,0.1266836132920467,0.381396957,17
485,0.12898594481236733,0.333333333,17
486,0.13076521340169925,0.328838174,17
487,0.12993263068904776,0.346818811,17
488,0.12898594481236733,0.333333333,17
489,0.1288109611084683,0.333333333,17
490,0.14023107590750566,0.38208852,17
491,0.12898594481236733,0.333333333,17
492,0.1196839444614094,0.333333333,17
493,0.12898594481236733,0.333333333,17
494,0.2452733778447856,0.553250346,17
495,0.13724052145923332,0.336099585,17
496,0.128947629321298,0.333333333,17
497,0.12898594481236733,0.333333333,17
498,0.12898594481236733,0.333333333,17
499,0.12898594481236733,0.333333333,17
500,0.1290304860153998,0.333333333,17
501,0.12731139267361608,0.333333333,17
502,0.12923629215313054,0.334370678,17
503,0.13010996611721865,0.333333333,17
504,0.1292061160092717,0.333333333,17
505,0.1295557412667045,0.333333333,17
506,0.1289868342378708,0.333333333,17
507,0.12913667204724028,0.333333333,17
508,0.12898594481236733,0.333333333,17
509,0.12898594481236733,0.333333333,17
510,0.12898594481236733,0.333333333,17
511,0.12898594481236733,0.333333333,17
512,0.12898594481236733,0.333333333,17
513,0.12898594481236733,0.333333333,17
514,0.12898594481236733,0.333333333,17
515,0.12898594481236733,0.333333333,17
516,0.12898594481236733,0.333333333,17
517,0.12898594481236733,0.333333333,17
518,0.12898594481236733,0.333333333,17
519,0.12898594481236733,0.333333333,17
520,0.12898594481236733,0.333333333,17
521,0.12898594481236733,0.333333333,17
597,0.1468573360105214,0.333333333,17
598,0.14162753138309797,0.352697095,17
599,0.15746463414932182,0.371715076,17
600,0.28924175397131247,0.677385892,17
601,0.22926137562116597,0.502074689,17
602,0.29628100595969886,0.699515906,17
603,0.21110149138024764,0.39626556,17
604,0.18693275155769837,0.382434302,17
605,0.2050593066258938,0.333333333,17
606,0.20342201003443003,0.333333333,17
607,0.2039546722383438,0.352005533,17
608,0.12514780171422954,0.30428769,17
609,0.14021410144326063,0.31120332,17
610,0.16397786582536483,0.384163209,17
611,0.15677275878309319,0.338520055,17
612,0.14204197623622988,0.298063624,17
613,0.23968025179644395,0.491701245,17
614,0.1346656879499562,0.321922545,17
615,0.2035384801254132,0.421161826,17
616,0.14814030633575598,0.389004149,17
617,0.20500710330916716,0.335062241,17
618,0.1398182921739336,0.326071923,17
619,0.2637538406992868,0.64626556,17
620,0.23838382726539126,0.522475795,17
621,0.12999121353700535,0.25242047,17
1372,0.2702679711228514,0.93153527,17
1373,0.23683197563898845,0.782157676,17
1374,0.27194691899020385,0.934301521,17
1375,0.3153370359309659,0.970954357,17
1376,0.30489098893865674,0.978907331,17
1377,0.28363140406118303,0.995504841,17
1378,0.31803294599836984,0.977178423,17
1379,0.31971267055804076,0.968188105,17
1380,0.29721890866895906,0.973720609,17
1381,0.31197430422854355,0.978907331,17
1382,0.3206516823294149,0.97406639,17
1383,0.1476731919257601,0.425311203,17
1384,0.2675632230669148,0.925311203,17
1385,0.28575547336560164,0.98824343,17
1386,0.281098863589982,0.991355463,17
1387,0.2596097715306917,0.926694329,17
1388,0.28488500274280193,0.967150761,17
1389,0.16505356467114513,0.482019364,17
1390,0.28664700381395064,0.976141079,17
1391,0.13424992699979607,0.344052559,17
1392,0.2913410291898205,0.971991701,17
1393,0.19423665847931007,0.645919779,17
1394,0.2937627391684594,0.980636238,17
1395,0.2989870320937418,0.983056708,17
1396,0.26407344239865715,0.883471646,17
122,-0.01569569461080229,0.892595575,32
123,-0.01569569461080229,0.864970241,32
124,-0.01569569461080229,0.911541295,32
125,-0.01569569461080229,0.2,32
126,-0.01569569461080229,0.2,32
127,-0.01569569461080229,0.2,32
128,-0.01569569461080229,0.208291765,32
129,-0.01569569461080229,0.2,32
130,-0.01569569461080229,0.252362144,32
131,-0.01569569461080229,0.229504234,32
132,-0.01569569461080229,0.20104712,32
133,-0.01569569461080229,0.854767854,32
134,-0.01569569461080229,0.848400542,32
135,-0.01569569461080229,0.88732791,32
136,-0.01569569461080229,0.90388069,32
137,-0.01569569461080229,0.873604317,32
138,-0.01569569461080229,0.412865199,32
139,-0.01569569461080229,0.881458987,32
140,-0.01569569461080229,0.379180971,32
141,-0.01569569461080229,0.884183164,32
142,-0.01569569461080229,0.330249726,32
143,-0.01569569461080229,0.898462597,32
144,-0.01569569461080229,0.770258367,32
145,-0.01569569461080229,0.738534281,32
146,-0.01569569461080229,0.878776262,32
272,-0.01569569461080229,0.183658713,32
273,-0.01569569461080229,0.18115996,32
274,-0.01569569461080229,0.18976886,32
275,-0.01569569461080229,0.200609756,32
276,-0.01569569461080229,0.2,32
277,-0.01569569461080229,0.2,32
278,-0.01569569461080229,0.2,32
279,-0.01569569461080229,0.2,32
280,-0.01569569461080229,0.2,32
281,-0.01569569461080229,0.199991996,32
282,-0.01569569461080229,0.2,32
283,-0.01569569461080229,0.132291447,32
284,-0.01569569461080229,0.170972914,32
285,-0.01569569461080229,0.145098579,32
286,-0.01569569461080229,0.176705677,32
287,-0.01569569461080229,0.196493196,32
288,-0.01569569461080229,0.202079068,32
289,-0.01569569461080229,0.127619189,32
290,-0.01569569461080229,0.202216606,32
291,-0.01569569461080229,0.124007148,32
292,-0.01569569461080229,0.201287544,32
293,-0.01569569461080229,0.20333063,32
294,-0.01569569461080229,0.199597498,32
295,-0.01569569461080229,0.196833902,32
296,-0.01569569461080229,0.181890784,32
772,-0.01569569461080229,0.853900474,32
773,-0.01569569461080229,0.894472147,32
774,-0.01569569461080229,0.879860107,32
775,-0.01569569461080229,0.2,32
776,-0.01569569461080229,0.2,32
777,-0.01569569461080229,0.2,32
778,-0.01569569461080229,0.202432641,32
779,-0.01569569461080229,0.2,32
780,-0.01569569461080229,0.2,32
781,-0.01569569461080229,0.227119713,32
782,-0.01569569461080229,0.2,32
783,-0.01569569461080229,0.842209507,32
784,-0.01569569461080229,0.840659918,32
785,-0.01569569461080229,0.85524705,32
786,-0.01569569461080229,0.867161508,32
787,-0.01569569461080229,0.835792028,32
788,-0.01569569461080229,0.32105343,32
789,-0.01569569461080229,0.861593845,32
790,-0.01569569461080229,0.355550619,32
791,-0.01569569461080229,0.836228999,32
792,-0.01569569461080229,0.280476455,32
793,-0.01569569461080229,0.873608508,32
794,-0.01569569461080229,0.689401976,32
795,-0.01569569461080229,0.678070346,32
796,-0.01569569461080229,0.852066461,32
872,-0.01569569461080229,0.88841991,32
873,-0.01569569461080229,0.900705039,32
874,-0.01569569461080229,0.911984229,32
875,-0.01569569461080229,0.2,32
876,-0.01569569461080229,0.2,32
877,-0.01569569461080229,0.2,32
878,-0.01569569461080229,0.214385917,32
879,-0.01569569461080229,0.2,32
880,-0.01569569461080229,0.2,32
881,-0.01569569461080229,0.2592602,32
882,-0.01569569461080229,0.2,32
883,-0.01569569461080229,0.889212393,32
884,-0.01569569461080229,0.862720077,32
885,-0.01569569461080229,0.923342441,32
886,-0.01569569461080229,0.902065822,32
887,-0.01569569461080229,0.849965626,32
888,-0.01569569461080229,0.378219362,32
889,-0.01569569461080229,0.926168092,32
890,-0.01569569461080229,0.359788392,32
891,-0.01569569461080229,0.892886681,32
892,-0.01569569461080229,0.390309695,32
893,-0.01569569461080229,0.905209009,32
894,-0.01569569461080229,0.753996183,32
895,-0.01569569461080229,0.738446402,32
896,-0.01569569461080229,0.903441531,32
572,0.1645545252221854,0.422439024,35
573,0.256890469926189,0.686829268,35
574,0.1911378766856489,0.518292683,35
575,0.17716905085388435,0.475609756,35
576,0.16617689226676505,0.41195122,35
577,0.3702076978039791,0.987804878,35
578,0.22503682951715467,0.648536585,35
579,0.13647602396974137,0.365365854,35
580,0.21891678609147744,0.584878049,35
581,0.1653257392880316,0.450487805,35
582,0.2588524501129671,0.684878049,35
583,0.18682282530931485,0.5,35
584,0.18682282530931485,0.5,35
585,0.20952430282521445,0.550243902,35
586,0.20155601534948903,0.550243902,35
587,0.19426048162287557,0.510731707,35
588,0.1598573677531936,0.388780488,35
589,0.18682282530931485,0.5,35
590,0.178913994286175,0.469512195,35
591,0.18617276327960214,0.5,35
592,0.21594780115660478,0.520731707,35
593,0.19377005713106826,0.565121951,35
594,0.2718382652511588,0.713902439,35
595,0.271655969480309,0.747804878,35
596,0.18976654292640785,0.512195122,35
947,0.1640453461373917,0.442926829,35
948,0.21534269716827267,0.603658537,35
949,0.1930545547344481,0.518292683,35
950,0.24385609622239635,0.650731707,35
951,0.22264043988875848,0.639756098,35
952,0.23709672993216718,0.66,35
953,0.17990426912128266,0.472682927,35
954,0.20971325584522216,0.598536585,35
955,0.19223699123164797,0.479756098,35
956,0.26829536420173616,0.720731707,35
957,0.1836601988112799,0.489512195,35
958,0.1943368200115424,0.52,35
959,0.20248953121639568,0.559756098,35
960,0.2107724602683226,0.557317073,35
961,0.2004205132576809,0.543658537,35
962,0.1629517045116168,0.399756098,35
963,0.1912089344971451,0.547560976,35
964,0.18682282530931485,0.5,35
965,0.18476792121479682,0.493902439,35
966,0.18682282530931485,0.5,35
967,0.18682282530931485,0.5,35
968,0.19156902983441976,0.52,35
969,0.18682282530931485,0.5,35
970,0.1875063959098171,0.5,35
971,0.18829468398524868,0.506097561,35
1572,0.26437417230006444,0.754390244,35
1573,0.28864792263590633,0.795365854,35
1574,0.30916570229656637,0.85804878,35
1575,0.37696800075527354,0.975609756,35
1576,0.3790564131553558,0.981707317,35
1577,0.3741625091838994,0.969512195,35
1578,0.3783728428200789,0.981707317,35
1579,0.37908992146092013,0.981707317,35
1580,0.3694540057878206,0.955609756,35
1581,0.3697597738918115,0.961707317,35
1582,0.3677727116315775,0.937317073,35
1583,0.18682282530931485,0.5,35
1584,0.25171790473897176,0.665853659,35
1585,0.27194470375989904,0.737317073,35
1586,0.2562028179401346,0.696097561,35
1587,0.21403003508887153,0.546829268,35
1588,0.3654195995916115,0.955609756,35
1589,0.1875776053444075,0.506097561,35
1590,0.3640723010025274,0.963414634,35
1591,0.21522678512412527,0.594146341,35
1592,0.3342834930927011,0.847804878,35
1593,0.22757916447163665,0.583414634,35
1594,0.3483691263792684,0.935609756,35
1595,0.36148571857732054,0.955609756,35
1596,0.24177869288198311,0.622439024,35
147,0.07125177540285783,0.18621695,47
148,0.07249446341373403,0.198287566,47
149,0.07445206727513495,0.196665605,47
150,0.07255820801650531,0.12695989,47
151,0.06811109685053107,0.075954505,47
152,0.08166267829822496,0.157023719,47
153,0.07804909403965836,0.156904588,47
154,0.0823664584461733,0.188011978,47
155,0.06918279670209385,0.106116985,47
156,0.07411179623861264,0.134447803,47
157,0.09235489279303448,0.307924978,47
158,0.06646999030336058,0.164898774,47
159,0.06879416183941948,0.162498732,47
160,0.06896204789044061,0.140288682,47
161,0.07420777075378085,0.182632621,47
162,0.0710163709247056,0.17658516,47
163,0.07595023784363042,0.156510569,47
164,0.06689524947784808,0.170712322,47
165,0.0751525971409707,0.166136858,47
166,0.06446027086558055,0.145882511,47
167,0.07464001221089907,0.149152606,47
168,0.062120386960747995,0.119875776,47
169,0.07797519415352866,0.177856075,47
170,0.07497859564905107,0.15092421,47
171,0.06616365098113013,0.145331413,47
897,0.07295863341575146,0.188530174,47
898,0.0682449931639774,0.153341014,47
899,0.07207097416565789,0.175579612,47
900,0.08461851618306493,0.228318426,47
901,0.07053612135164572,0.090711528,47
902,0.08354653654667749,0.188587833,47
903,0.08330743832349184,0.201507684,47
904,0.08324406128718222,0.201555966,47
905,0.07289032975614396,0.131294489,47
906,0.0709285498427716,0.110465678,47
907,0.09115345713480806,0.29677177,47
908,0.06665428252546927,0.171011949,47
909,0.06512995115135349,0.134697737,47
910,0.07025109227272754,0.160107473,47
911,0.07159164751654025,0.161100672,47
912,0.07565502782870404,0.225286966,47
913,0.08197609292151645,0.211812872,47
914,0.06855889626522269,0.179796392,47
915,0.07718167083498312,0.175772489,47
916,0.06516972731045055,0.152687513,47
917,0.06969473230626715,0.107152564,47
918,0.06030142679159571,0.100684791,47
919,0.06286236693776122,0.058521406,47
920,0.0798594733392446,0.19685389,47
921,0.06556695657587674,0.13924485,47
1147,0.07377759518973832,0.23299862,47
1148,0.07084550084911612,0.212355737,47
1149,0.07106275837908634,0.19865736,47
1150,0.0695149399380297,0.220780689,47
1151,0.075272423023816,0.253430098,47
1152,0.0876911244383349,0.206106474,47
1153,0.06303344334222538,0.143974683,47
1154,0.0608795469618396,0.143840185,47
1155,0.07114009433674069,0.221431273,47
1156,0.05778940336210094,0.106078393,47
1157,0.0652456630659557,0.17603806,47
1158,0.0657413617560411,0.166835816,47
1159,0.06621161677025403,0.166999023,47
1160,0.08343110531108154,0.233902742,47
1161,0.07332392583115868,0.167029955,47
1162,0.06807718896456322,0.189277651,47
1163,0.07381748040114978,0.222433438,47
1164,0.06594860594933347,0.164520483,47
1165,0.08700256181106182,0.322511751,47
1166,0.06562418272102925,0.166666667,47
1167,0.07244394446425426,0.204252736,47
1168,0.05798448456972427,0.105150037,47
1169,0.0831820718432013,0.266362973,47
1170,0.08969968319944317,0.265057801,47
1171,0.06563587302321064,0.166871609,47
1247,0.13538790150774085,0.759410782,47
1248,0.14041023838381175,0.79214292,47
1249,0.13944101419865806,0.787609232,47
1250,0.15593593352867458,0.921266906,47
1251,0.15495189809436258,0.927829745,47
1252,0.15243454917713462,0.89705022,47
1253,0.15679089803788368,0.924765213,47
1254,0.1581718321446797,0.924779574,47
1255,0.1553639937927427,0.923340641,47
1256,0.15507278945226244,0.915783203,47
1257,0.1555499227516976,0.920739182,47
1258,0.07555647906198797,0.238325662,47
1259,0.11133368862356603,0.539139716,47
1260,0.13979838205323986,0.791529764,47
1261,0.138905182348862,0.782598203,47
1262,0.11511177385734825,0.572262967,47
1263,0.15609994566235003,0.918888928,47
1264,0.11524908045684239,0.583280782,47
1265,0.1570797899418532,0.91811476,47
1266,0.10941859574175647,0.535491168,47
1267,0.1530698503121413,0.903237577,47
1268,0.12444117117452162,0.667283508,47
1269,0.15139535783094749,0.886396029,47
1270,0.15202589955742235,0.8867093,47
1271,0.11972912888635175,0.628559431,47
1447,0.13319054020136128,0.742058117,47
1448,0.14061886347008495,0.798913128,47
1449,0.1377235229414066,0.782316019,47
1450,0.1575755722067792,0.9238678,47
1451,0.15689494094033557,0.93104723,47
1452,0.15397220249824378,0.907210613,47
1453,0.1560614705900958,0.924842827,47
1454,0.16060551967992376,0.927948794,47
1455,0.15600397119830334,0.925213791,47
1456,0.15561550407995275,0.915233212,47
1457,0.15598756647065357,0.921393157,47
1458,0.06861649513137208,0.193764257,47
1459,0.11146162728091827,0.546358364,47
1460,0.14056330904217867,0.80043098,47
1461,0.13855945205287268,0.783090104,47
1462,0.11365275853847119,0.562785202,47
1463,0.15352005694208523,0.913451183,47
1464,0.10419863624437298,0.494752478,47
1465,0.15872353200722117,0.922084452,47
1466,0.11012297500145155,0.538597022,47
1467,0.15415341910736147,0.914742197,47
1468,0.12427892590137264,0.661409052,47
1469,0.15032225592614773,0.878385308,47
1470,0.1511048658011545,0.88841296,47
1471,0.11972050152418778,0.621504698,47
1847,0.06704612678029458,0.179751431,47
1848,0.06968653400308719,0.203638113,47
1849,0.07073073754210589,0.200825776,47
1850,0.06947858527605158,0.182889735,47
1851,0.05786741377144343,0.111151128,47
1852,0.09117497585530321,0.23414392,47
1853,0.06631928518910724,0.146028599,47
1854,0.07453699681389683,0.229190341,47
1855,0.05973482332607603,0.104168937,47
1856,0.062200925574639895,0.132109006,47
1857,0.06379112248118064,0.148952512,47
1858,0.06562844090792416,0.166666667,47
1859,0.05630957368989179,0.087596489,47
1860,0.06383270808378454,0.121767661,47
1861,0.07246786070617625,0.155439019,47
1862,0.059429039697752706,0.112824533,47
1863,0.0787359723803587,0.276429339,47
1864,0.06571453487086672,0.166666667,47
1865,0.06537204851303872,0.153466626,47
1866,0.06562418272102925,0.166666667,47
1867,0.06595610213096534,0.168525807,47
1868,0.06562418272102925,0.166666667,47
1869,0.08202067667167363,0.246260048,47
1870,0.07837058860672093,0.205462948,47
1871,0.0660289362518569,0.170965342,47
1172,0.1603159745888031,0.925197796,61
1173,0.15531425428836174,0.944824257,61
1174,0.14420336717789048,0.836034753,61
1175,0.16260207420618542,0.924543982,61
1176,0.1616440421034822,0.934627646,61
1177,0.16137673834467584,0.907266816,61
1178,0.16386292065087352,0.953578191,61
1179,0.16501730217262087,0.940325324,61
1180,0.1663793049127304,0.952548794,61
1181,0.16209034232662975,0.951516146,61
1182,0.16490984670979073,0.942875086,61
1183,0.14407808866117472,0.863819508,61
1184,0.15156342323731226,0.884860705,61
1185,0.16062035729483315,0.913300826,61
1186,0.15534407600578976,0.89231359,61
1187,0.127983212314755,0.77379723,61
1188,0.16223847912513337,0.956758039,61
1189,0.08807833504696583,0.563533693,61
1190,0.1675203816268589,0.958491957,61
1191,0.11631705275817787,0.800519843,61
1192,0.16424068363886696,0.941236893,61
1193,0.14978061427675285,0.928353103,61
1194,0.1608840806248926,0.925925233,61
1195,0.1664844466954716,0.953332706,61
1196,0.15056604984540656,0.904231923,61
1522,0.07702212160922213,0.498980344,61
1523,0.07739409160366202,0.5,61
1524,0.07737839533488888,0.499882959,61
1525,0.07452565411411956,0.538727994,61
1526,0.10769823700498812,0.68445545,61
1527,0.11818321718539197,0.558548917,61
1528,0.08880090385398196,0.524760831,61
1529,0.08339512369442392,0.561426666,61
1530,0.0842294717138099,0.529773122,61
1531,0.08649463023434303,0.571353727,61
1532,0.061392182785319306,0.39317377,61
1533,0.07739409160366202,0.5,61
1534,0.07739409160366202,0.5,61
1535,0.07739409160366202,0.5,61
1536,0.07739409160366202,0.5,61
1537,0.07739409160366202,0.5,61
1538,0.07739409160366202,0.5,61
1539,0.07686076765713983,0.499531835,61
1540,0.07635890302919879,0.489264742,61
1541,0.07739409160366202,0.5,61
1542,0.07759814309931438,0.501521536,61
1543,0.07739409160366202,0.5,61
1544,0.08382466347999733,0.498515285,61
1545,0.07782226642855875,0.499684144,61
1546,0.07739409160366202,0.5,61
1597,0.07739409160366202,0.5,61
1598,0.08330043250657522,0.558913902,61
1599,0.07997770783793601,0.5207606,61
1600,0.07916837646621991,0.511631823,61
1601,0.08112591781328257,0.505020136,61
1602,0.15994371196244464,0.919724389,61
1603,0.05774532871481415,0.497969962,61
1604,0.054907761152156564,0.364440945,61
1605,0.07722384686017125,0.504150331,61
1606,0.10013218755104777,0.606829763,61
1607,0.07990279652981747,0.484565857,61
1608,0.07739409160366202,0.5,61
1609,0.07686048121246522,0.496021531,61
1610,0.0791590009587955,0.507896399,61
1611,0.06320710375793825,0.435985538,61
1612,0.07739409160366202,0.5,61
1613,0.07643357621001282,0.504488215,61
1614,0.07739409160366202,0.5,61
1615,0.08275049234440043,0.518886679,61
1616,0.07739409160366202,0.5,61
1617,0.07739409160366202,0.5,61
1618,0.07739409160366202,0.5,61
1619,0.11547868119576421,0.647286011,61
1620,0.07901002966048518,0.505031594,61
1621,0.07845020386058874,0.50276908,61
97,0.5085822566928961,0.653832546,62
98,0.5257633789741467,0.714315455,62
99,0.5429430446353234,0.700506875,62
100,0.6630590162621354,0.989127503,62
101,0.6458878042142666,0.989618642,62
102,0.651493386862193,0.974299015,62
103,0.66982902275578,0.989123104,62
104,0.6699749236304269,0.990113201,62
105,0.6679887437247444,0.990112224,62
106,0.6677756129660254,0.98961913,62
107,0.6678660137930837,0.989620108,62
108,0.44451057478869566,0.562178194,62
109,0.43675895681671095,0.562688392,62
110,0.5244948298188429,0.713722667,62
111,0.5296380559539093,0.709408952,62
112,0.4453310257349689,0.558911265,62
113,0.6446533392752734,0.979735264,62
114,0.4398404373493592,0.561373313,62
115,0.664819311534633,0.980231778,62
116,0.4255511250617661,0.589196213,62
117,0.6568537472120466,0.974786733,62
118,0.47690018234833953,0.581171833,62
119,0.6668520515549188,0.967867294,62
120,0.6701126013471754,0.964419547,62
121,0.45479193127117046,0.576523362,62
247,0.41940399617476853,0.5,62
248,0.4195810573130907,0.5,62
249,0.4195506693885352,0.5,62
250,0.37694761199363397,0.399006189,62
251,0.4586477884040108,0.516346864,62
252,0.38236909251496226,0.455462736,62
253,0.4149099493602636,0.454634397,62
254,0.45891578526852694,0.542747661,62
255,0.4308310224697382,0.54536658,62
256,0.4394327753321702,0.540466919,62
257,0.4014044074393829,0.440949457,62
258,0.4195810573130907,0.5,62
259,0.4195810573130907,0.5,62
260,0.4195810573130907,0.5,62
261,0.4195810573130907,0.5,62
262,0.419960665857625,0.499504463,62
263,0.4195810573130907,0.5,62
264,0.4195810573130907,0.5,62
265,0.4194365451135716,0.500494071,62
266,0.4147895532231328,0.505921035,62
267,0.4199836916464846,0.500494071,62
268,0.4117923115188294,0.491083262,62
269,0.24314197146567965,0.156278467,62
270,0.19359652337704994,0.065260885,62
271,0.4195810573130907,0.5,62
297,0.43192651127374304,0.507950098,62
298,0.43003894189073444,0.517404401,62
299,0.43583288446424395,0.507949121,62
300,0.40589984442905014,0.503950614,62
301,0.44710811031040043,0.52166436,62
302,0.452027176576767,0.511227779,62
303,0.36932292987401394,0.468561241,62
304,0.4546027335214215,0.598648561,62
305,0.4521313808304188,0.624875383,62
306,0.40062914700981206,0.397935946,62
307,0.35306539316102337,0.426201604,62
308,0.4195810573130907,0.5,62
309,0.39758852786489196,0.45269281,62
310,0.4195163229120914,0.482656686,62
311,0.42179344165533345,0.501484657,62
312,0.4244945847563842,0.523123605,62
313,0.4188181352173717,0.498023715,62
314,0.42362033710177666,0.583825938,62
315,0.38064044530966135,0.408829946,62
316,0.4195810573130907,0.5,62
317,0.4191848078935568,0.499011858,62
318,0.43213624869451295,0.532691774,62
319,0.4339047211514534,0.453143387,62
320,0.37025088950084223,0.416144251,62
321,0.4240808989751936,0.507423285,62
372,0.5766219937723216,0.776555713,62
373,0.5370366216789204,0.748354562,62
374,0.5720196419096776,0.770197785,62
375,0.6455321030060651,0.989123104,62
376,0.6518333683442353,0.990110758,62
377,0.675182498838833,0.98368881,62
378,0.6782533959624305,0.993573166,62
379,0.6661646248328364,0.994561797,62
380,0.6694732470998557,0.990609227,62
381,0.6678784877197392,0.991103787,62
382,0.6663820938693037,0.987643823,62
383,0.4406518089851089,0.530180368,62
384,0.4683517242995593,0.638228498,62
385,0.5648301341568261,0.779058812,62
386,0.5527094557301215,0.757265925,62
387,0.4577652357185723,0.612048103,62
388,0.6521279385716471,0.961426287,62
389,0.4697423204370116,0.619292037,62
390,0.6543109523429671,0.982206597,62
391,0.46647893311493904,0.593271934,62
392,0.6655959915985773,0.978741746,62
393,0.4705104985081232,0.588912281,62
394,0.661003801628353,0.970833187,62
395,0.6678865647879636,0.974299504,62
396,0.4878076455914888,0.663410489,62
422,0.41952619706750294,0.500000489,62
423,0.4347388351148255,0.541116884,62
424,0.4682894920987571,0.529794298,62
425,0.2941316768840108,0.289276946,62
426,0.3849092731508418,0.45803474,62
427,0.4236283037972113,0.507572337,62
428,0.42724965952844657,0.508493528,62
429,0.4846167861905283,0.591739385,62
430,0.44071046248403495,0.510080322,62
431,0.40625971003383066,0.477822998,62
432,0.3513732693967086,0.341513607,62
433,0.4195810573130907,0.5,62
434,0.419140606843596,0.52204261,62
435,0.41433728763695504,0.508373309,62
436,0.447606360861569,0.531008707,62
437,0.436523741106453,0.517140017,62
438,0.39895607612987927,0.509563771,62
439,0.4195810573130907,0.5,62
440,0.33289663287227994,0.267443986,62
441,0.4195810573130907,0.5,62
442,0.4199853432106605,0.499505929,62
443,0.4374456673883266,0.535058037,62
444,0.6285559602881674,0.890209181,62
445,0.6439599970736299,0.935217059,62
446,0.4272214075347427,0.523027332,62
1022,0.4477366732314759,0.471251999,62
1023,0.44216669082610094,0.456793454,62
1024,0.4243527312274722,0.431548911,62
1025,0.3752568687059919,0.380242725,62
1026,0.39924348667321374,0.424718902,62
1027,0.4303271769651518,0.430957589,62
1028,0.3432271116694953,0.313869569,62
1029,0.37668729656681227,0.364215956,62
1030,0.5462680849700825,0.677789376,62
1031,0.451081842897085,0.514132585,62
1032,0.45294610948264474,0.472456144,62
1033,0.4195810573130907,0.5,62
1034,0.42492298139325857,0.416105156,62
1035,0.450585999863235,0.481277098,62
1036,0.4559748239180135,0.491303664,62
1037,0.40832746877339987,0.412260099,62
1038,0.4517643858378036,0.466420755,62
1039,0.42273000151218676,0.411248011,62
1040,0.4376632056868471,0.489130435,62
1041,0.43467656415066724,0.449894051,62
1042,0.4527951120158805,0.49604792,62
1043,0.41114185463079017,0.419267504,62
1044,0.4602925538288936,0.475809573,62
1045,0.45659021208579287,0.467902969,62
1046,0.4200275242403553,0.43008429,62
1347,0.41968760926959836,0.500000489,62
1348,0.421223048964887,0.50495244,62
1349,0.47915806891137125,0.547329181,62
1350,0.4001982018516828,0.508339589,62
1351,0.3822359067843112,0.421618129,62
1352,0.42125700347780953,0.502552945,62
1353,0.38362672372520945,0.421514037,62
1354,0.4647771813090696,0.551037403,62
1355,0.40175662046017563,0.453226954,62
1356,0.4263585794033471,0.491271898,62
1357,0.42618333197208547,0.530844505,62
1358,0.4195810573130907,0.5,62
1359,0.4196841021177121,0.5,62
1360,0.41801939685172995,0.524672769,62
1361,0.421117095378081,0.494841819,62
1362,0.44123678625849977,0.531464659,62
1363,0.39234875369965067,0.466929976,62
1364,0.4153531603007443,0.498537823,62
1365,0.2951910526445088,0.24855004,62
1366,0.44196170009459096,0.497556523,62
1367,0.4277026129087925,0.511872368,62
1368,0.42614043425660125,0.508925046,62
1369,0.6381853030731537,0.912957957,62
1370,0.6537583780046858,0.948570663,62
1371,0.44404277120903435,0.549058186,62
1472,0.44462195110468644,0.497373262,62
1473,0.41568594827087885,0.473691567,62
1474,0.45120247527137786,0.515183769,62
1475,0.39403809916259,0.492573783,62
1476,0.4266449618084677,0.494043291,62
1477,0.508493049984132,0.61695314,62
1478,0.45487724581472244,0.556600224,62
1479,0.4020928881582959,0.477622145,62
1480,0.526378937232531,0.617451121,62
1481,0.4780592462243261,0.57158656,62
1482,0.4253872476169785,0.519264865,62
1483,0.4195810573130907,0.5,62
1484,0.4195810573130907,0.5,62
1485,0.4127265981115932,0.515837155,62
1486,0.4115417828024042,0.47027754,62
1487,0.42125224181186605,0.500993518,62
1488,0.4173161908229625,0.496543945,62
1489,0.4195810573130907,0.5,62
1490,0.4195810573130907,0.5,62
1491,0.4195810573130907,0.5,62
1492,0.41950922886234165,0.5,62
1493,0.4081237615487744,0.487828061,62
1494,0.5193992823452017,0.579175023,62
1495,0.4706147960159438,0.495720982,62
1496,0.4195810573130907,0.5,62
1622,0.4236799417825529,0.50791589,62
1623,0.42391841447893813,0.503469738,62
1624,0.4765056551727455,0.556477561,62
1625,0.4053451820098014,0.47487421,62
1626,0.4471065892338829,0.537498094,62
1627,0.5373149078810329,0.708297659,62
1628,0.3056289985734628,0.31086116,62
1629,0.41903479717630576,0.545936888,62
1630,0.4444565975315603,0.529465406,62
1631,0.385280210812483,0.473212645,62
1632,0.49585703525850117,0.58290377,62
1633,0.4195810573130907,0.5,62
1634,0.4187850003091788,0.529616902,62
1635,0.4270358667338818,0.541280597,62
1636,0.42430239987786517,0.507437945,62
1637,0.4160453211554887,0.507576735,62
1638,0.42857392523903953,0.543389807,62
1639,0.4402419641288323,0.470634776,62
1640,0.3718811425098176,0.397238089,62
1641,0.4195810573130907,0.5,62
1642,0.4209440283857579,0.503461919,62
1643,0.419623326268601,0.5,62
1644,0.6133466962609371,0.864491092,62
1645,0.6521773072203396,0.945107767,62
1646,0.4385121071158828,0.525958039,62
1797,0.3988115464397939,0.442801613,62
1798,0.4066482343951252,0.522479993,62
1799,0.4251445919883472,0.483794369,62
1800,0.44977725247003936,0.450146218,62
1801,0.4936389705125458,0.613291833,62
1802,0.4896239773647463,0.61782595,62
1803,0.5438065098395172,0.630765629,62
1804,0.45080546303952546,0.547195279,62
1805,0.45469799286192397,0.511466262,62
1806,0.37765715170996506,0.359789841,62
1807,0.4250351819474729,0.45953699,62
1808,0.43930894059395253,0.519818068,62
1809,0.42139848008109065,0.468717135,62
1810,0.43464123386143383,0.503522028,62
1811,0.4262531573106836,0.520163576,62
1812,0.4456072936836761,0.510226442,62
1813,0.4474908191836892,0.502984952,62
1814,0.40249625452157345,0.50664186,62
1815,0.46964736657819184,0.531723668,62
1816,0.41847817992377667,0.522365638,62
1817,0.49150366924279043,0.625679775,62
1818,0.41972519076999254,0.5,62
1819,0.4732811182279545,0.522808396,62
1820,0.4423019471271224,0.5574745,62
1821,0.4496052127494675,0.556467298,62
222,0.26290368542423354,0.857895496,67
223,0.26058822521043934,0.898710159,67
224,0.2592865450625979,0.927647247,67
225,0.27625532855019036,0.977966102,67
226,0.2760910074983052,0.988165692,67
227,0.26991198883857115,0.984936386,67
228,0.2756921749045652,0.980225989,67
229,0.275380938584832,0.987075879,67
230,0.2761839800021696,0.989325733,67
231,0.27532521034109747,0.979136176,67
232,0.27644423721627387,0.991050747,67
233,0.24166345847882448,0.773046092,67
234,0.2589498707667251,0.880333214,67
235,0.2677636884236708,0.940290449,67
236,0.2647181843401972,0.923167604,67
237,0.2529730165237133,0.877906532,67
238,0.27621513747536036,0.984966484,67
239,0.2599896134343306,0.931544988,67
240,0.27552653737340027,0.982696564,67
241,0.2603355319825664,0.92454147,67
242,0.2728265567022364,0.940621532,67
243,0.26045631079403675,0.915378393,67
244,0.2744142165915414,0.972881356,67
245,0.2752839402919302,0.976501941,67
246,0.2626969494661937,0.924561536,67
347,0.23459305992596496,0.649946387,67
348,0.2066021794159842,0.5,67
349,0.1963718061418326,0.456815089,67
350,0.22934842777748968,0.628641121,67
351,0.21847885323842986,0.521036889,67
352,0.22850188318325654,0.504255159,67
353,0.1809824262817205,0.368149012,67
354,0.19045120049303,0.392928134,67
355,0.2098126126184356,0.495503427,67
356,0.2166913110224112,0.571332543,67
357,0.17221701574634157,0.414691774,67
358,0.20662208593615636,0.5,67
359,0.20662208593615636,0.5,67
360,0.21903366664517893,0.477585483,67
361,0.203887930316938,0.48237238,67
362,0.20511588961062843,0.473618766,67
363,0.16864899282283832,0.246617381,67
364,0.20688553431273812,0.501109878,67
365,0.2066893976791883,0.5,67
366,0.20662208593615636,0.5,67
367,0.2284110954642487,0.595829493,67
368,0.20652255333529554,0.5,67
369,0.2101331152857157,0.500554939,67
370,0.21215539017882543,0.504994451,67
371,0.20690513393112475,0.512690231,67
522,0.1911931823473255,0.328732043,67
523,0.20742250995637224,0.502219756,67
524,0.21838288068371692,0.606727616,67
525,0.20626601377807402,0.496690432,67
526,0.21048664459719246,0.551623118,67
527,0.23087423188053383,0.488340011,67
528,0.20699598754734025,0.513733015,67
529,0.20836078263974525,0.577846335,67
530,0.2034892749683082,0.316433091,67
531,0.20110298270562646,0.427639095,67
532,0.1904816122046597,0.438169767,67
533,0.20662208593615636,0.5,67
534,0.20662208593615636,0.5,67
535,0.2081248752797938,0.515488127,67
536,0.21328375118015347,0.510998451,67
537,0.20616373792441633,0.497225305,67
538,0.20662208593615636,0.5,67
539,0.22675374422601174,0.712240637,67
540,0.2075337044201535,0.504429479,67
541,0.20662208593615636,0.5,67
542,0.20672161853701704,0.5,67
543,0.20662208593615636,0.5,67
544,0.2419027521534062,0.605911197,67
545,0.2170677537885859,0.505460976,67
546,0.20664199245632847,0.5,67
622,0.24451179366385345,0.502817961,67
623,0.2368487359003581,0.535231413,67
624,0.2306539139487988,0.526455226,67
625,0.2430886970079961,0.586067583,67
626,0.23382713194371343,0.505767603,67
627,0.23236627536991888,0.440403318,67
628,0.24137827006747276,0.554632956,67
629,0.23887833140677728,0.537425459,67
630,0.23832494242829805,0.514903717,67
631,0.2287177691502084,0.421921029,67
632,0.23742783993495825,0.508732294,67
633,0.20662208593615636,0.5,67
634,0.2062777795129657,0.47411539,67
635,0.21161163354280169,0.332355763,67
636,0.22591854240298334,0.478739881,67
637,0.21133829855194203,0.360719101,67
638,0.2144255128938811,0.393365815,67
639,0.19373283734828145,0.358715677,67
640,0.22240367840241948,0.477165359,67
641,0.18833801105903927,0.302227907,67
642,0.21878126659843455,0.467988487,67
643,0.21312842720926053,0.522687284,67
644,0.23877759686850894,0.564672022,67
645,0.21677116484580158,0.387518576,67
646,0.1987264276798979,0.334101469,67
647,0.20979096780838047,0.418021407,67
648,0.2266339585805531,0.561986995,67
649,0.20637674302936607,0.410148172,67
650,0.24559653810012314,0.61360008,67
651,0.2359181420734763,0.526067082,67
652,0.22388840013779313,0.518575092,67
653,0.23229535620698333,0.567941459,67
654,0.22048523354415725,0.5203672,67
655,0.22914895247844366,0.510722549,67
656,0.2081911518694235,0.405093524,67
657,0.23595399194907393,0.591198731,67
658,0.20691457921414874,0.502774695,67
659,0.20101558673941092,0.43057118,67
660,0.19898343031650817,0.37065094,67
661,0.23403630874846265,0.551624372,67
662,0.2203683645226837,0.491925481,67
663,0.22346153772751137,0.517853358,67
664,0.21846460928892286,0.603685798,67
665,0.22379232529188936,0.496150542,67
666,0.21010594197677213,0.538614973,67
667,0.21304489855221492,0.447376111,67
668,0.2040627251676283,0.481225506,67
669,0.2205113974257241,0.493007769,67
670,0.2368675943901284,0.515035397,67
671,0.2155919240933632,0.517739862,67
1747,0.20570042992414211,0.490758542,67
1748,0.20691107135566567,0.499989967,67
1749,0.19120098849417022,0.362420913,67
1750,0.23987941100796123,0.732163886,67
1751,0.2196873755243566,0.502271174,67
1752,0.1986044826712746,0.482395581,67
1753,0.2090592424734803,0.506926391,67
1754,0.22164936711998492,0.53419051,67
1755,0.19693001037571536,0.346199765,67
1756,0.18386870504408104,0.289729553,67
1757,0.18767000562210953,0.37061269,67
1758,0.20662208593615636,0.5,67
1759,0.2051688328971773,0.487999523,67
1760,0.20662208593615636,0.5,67
1761,0.20662208593615636,0.5,67
1762,0.20680496827259462,0.496760661,67
1763,0.20652255333529554,0.5,67
1764,0.20662208593615636,0.5,67
1765,0.20652255333529554,0.5,67
1766,0.2066021794159842,0.5,67
1767,0.20652255333529554,0.5,67
1768,0.20662208593615636,0.5,67
1769,0.2213250233508976,0.57740113,67
1770,0.2073372511896964,0.5,67
1771,0.20609963364941075,0.497780244,67
