dataset,balanced_accuracy,model,groundtruth_balanced_accuracy
1,0.2608014140752207,97,0.672733762
1,0.2692774549627102,98,0.748037116
1,0.2776178665620349,99,0.755531763
1,0.33522458160686186,100,0.995360457
1,0.3267750123431617,101,0.994289793
1,0.3297304598646274,102,0.98965025
1,0.33855890203059164,103,0.996074233
1,0.33870056066936366,104,0.998572448
1,0.3375420867371822,105,0.996788009
1,0.3375450333452227,106,0.995003569
1,0.33758406383359607,107,0.995003569
1,0.23016974795470935,108,0.564239829
1,0.22603587861645763,109,0.584939329
1,0.2683299409431012,110,0.756245539
1,0.2710990347512781,111,0.727337616
1,0.23026570733938262,112,0.593147752
1,0.3264115470945292,113,0.992862241
1,0.22739837577539798,114,0.559957173
1,0.33717609797005943,115,0.987508922
1,0.22031314592734358,116,0.575660243
1,0.33252989800243216,117,0.982869379
1,0.24600989905613604,118,0.578158458
1,0.33772231958155446,119,0.975374732
1,0.33984955284700924,120,0.980728051
1,0.23483432984647976,121,0.584582441
1,0.21763624932805148,247,0.499286224
1,0.2177333727637456,248,0.5
1,0.21771879253625742,249,0.499643112
1,0.19698004574170197,250,0.41184868
1,0.23749324209158212,251,0.514989293
1,0.19960020113044985,252,0.44468237
1,0.21645563623445407,253,0.447537473
1,0.23752727548729674,254,0.553890079
1,0.2232875709554222,255,0.546395432
1,0.2274336714031519,256,0.526766595
1,0.20988805615652276,257,0.44111349
1,0.2177333727637456,258,0.5
1,0.2177333727637456,259,0.5
1,0.2177333727637456,260,0.5
1,0.2177333727637456,261,0.5
1,0.21792993536047495,262,0.500713776
1,0.2177333727637456,263,0.5
1,0.2177333727637456,264,0.5
1,0.21765621281785402,265,0.499643112
1,0.2150689748337246,266,0.504282655
1,0.2179319363931523,267,0.500713776
1,0.21370523550201295,268,0.493219129
1,0.13254979055512006,269,0.151677373
1,0.10823254852764568,270,0.066738044
1,0.2177333727637456,271,0.5
1,0.22415481632476292,297,0.506067095
1,0.22296697901899992,298,0.502855103
1,0.22608386864226176,299,0.502141328
1,0.21057422504205103,300,0.504639543
1,0.23056607773662666,301,0.517844397
1,0.23536293450685436,302,0.520342612
1,0.19292301655122351,303,0.461099215
1,0.2341510658418718,304,0.575303355
1,0.23347688135754924,305,0.620985011
1,0.20906159026153434,306,0.387937188
1,0.18525559345710768,307,0.428265525
1,0.2177333727637456,308,0.5
1,0.2066001696358785,309,0.454675232
1,0.2180157827595211,310,0.480014276
1,0.21888217895357537,311,0.501427552
1,0.2203712128112559,312,0.509279086
1,0.21736072099948736,313,0.5
1,0.21907789596291333,314,0.57958601
1,0.19920198941726697,315,0.413276231
1,0.2177333727637456,316,0.5
1,0.21753350500435004,317,0.5
1,0.22367980122147418,318,0.529978587
1,0.22532741736460307,319,0.453961456
1,0.19379278844600253,320,0.429693076
1,0.21991773112263138,321,0.510706638
1,0.29378351897727595,372,0.799428979
1,0.27460507315181826,373,0.762312634
1,0.2915100903036138,374,0.807280514
1,0.32662497979774274,375,0.996074233
1,0.33012897385126455,376,0.996788009
1,0.34140949859729763,377,0.990720914
1,0.3431417187782104,378,0.99821556
1,0.3367025896770775,379,0.998929336
1,0.3383435888011193,380,0.996431121
1,0.3375262839825221,381,0.994646681
1,0.3367664165445017,382,0.997144897
1,0.2282285816958391,383,0.536759458
1,0.24121276115909912,384,0.658815132
1,0.28789360485520965,385,0.813704497
1,0.28242074130932576,386,0.76302641
1,0.23628978927792943,387,0.625624554
1,0.3300852483689775,388,0.974304069
1,0.24241371432658432,389,0.630264097
1,0.33162119564313186,390,0.992148465
1,0.24060447265463408,391,0.606709493
1,0.33757316800504866,392,0.991791577
1,0.24293160570423983,393,0.606352605
1,0.33544847640870107,394,0.990007138
1,0.33872346535311476,395,0.989293362
1,0.25087008515840736,396,0.706995004
1,0.21770269389819213,422,0.5
1,0.22484458162917523,423,0.518915061
1,0.24131057118336288,424,0.563169165
1,0.15638596695675505,425,0.284796574
1,0.2006939905077581,426,0.459314775
1,0.21969612517876813,427,0.518558173
1,0.22174087405921034,428,0.507137759
1,0.25062220073812386,429,0.574232691
1,0.2281054203676589,430,0.513204854
1,0.2113415166110606,431,0.476445396
1,0.1845736112039864,432,0.349036403
1,0.2177333727637456,433,0.5
1,0.21731671669400435,434,0.526052819
1,0.21504189161375872,435,0.517130621
1,0.23150632111775096,436,0.528194147
1,0.22579562836045444,437,0.502141328
1,0.20760429265426678,438,0.525695931
1,0.2177333727637456,439,0.5
1,0.17615803045928785,440,0.267309065
1,0.2177333727637456,441,0.5
1,0.2179718135319622,442,0.5
1,0.22640757285279775,443,0.528551035
1,0.31911712502709927,444,0.895788722
1,0.3261904933375748,445,0.937901499
1,0.22145296433135403,446,0.520342612
1,0.2318309391388164,1022,0.481798715
1,0.2291701756208032,1023,0.48786581
1,0.22018764195997037,1024,0.452177016
1,0.1954883821368199,1025,0.394361171
1,0.20737845703550906,1026,0.414346895
1,0.2236350996054619,1027,0.431120628
1,0.18027194527769405,1028,0.307637402
1,0.1968875046406589,1029,0.374018558
1,0.27934591859060964,1030,0.653818701
1,0.23282307571881544,1031,0.501070664
1,0.23467306097707907,1032,0.459671663
1,0.2177333727637456,1033,0.5
1,0.22073209382060358,1034,0.444325482
1,0.2331418189452071,1035,0.483940043
1,0.2356140325739981,1036,0.513204854
1,0.21217734476792502,1037,0.427551749
1,0.23415216010887702,1038,0.461099215
1,0.21997846914564217,1039,0.41862955
1,0.22597575716086463,1040,0.488579586
1,0.22545731395288734,1041,0.467880086
1,0.23388427964193337,1042,0.496431121
1,0.21362329074843492,1043,0.438972163
1,0.23830824623552407,1044,0.484296931
1,0.23674463363482712,1045,0.46538187
1,0.21804919173226428,1046,0.44111349
1,0.21778475160016927,1347,0.500356888
1,0.2185165769852238,1348,0.500713776
1,0.24729048446147167,1349,0.578515346
1,0.20770226510431006,1350,0.488222698
1,0.1997459058453756,1351,0.417915774
1,0.21857210120479348,1352,0.503568879
1,0.20040026794411842,1353,0.429693076
1,0.23991488302706418,1354,0.56923626
1,0.20944908249518943,1355,0.45503212
1,0.22098213993006172,1356,0.502498216
1,0.22112797570570902,1357,0.526766595
1,0.2177333727637456,1358,0.5
1,0.21778296520394788,1359,0.500713776
1,0.21684742048052938,1360,0.529978587
1,0.21871620318747703,1361,0.500713776
1,0.22798826826244123,1362,0.517130621
1,0.20411442448200404,1363,0.462883655
1,0.21545137361231062,1364,0.496431121
1,0.15751178146929518,1365,0.248037116
1,0.2287682143804423,1366,0.498572448
1,0.22170288858938664,1367,0.513204854
1,0.2213299028697974,1368,0.505353319
1,0.32372191250607,1369,0.913276231
1,0.3311342813480254,1370,0.947180585
1,0.22963335291862333,1371,0.551034975
1,0.22993734041668273,1472,0.518201285
1,0.2157078353467745,1473,0.481441827
1,0.2343904119418217,1474,0.519628837
1,0.2037184080713645,1475,0.490720914
1,0.22153722536352644,1476,0.493576017
1,0.26159010200965094,1477,0.631334761
1,0.23489963541103093,1478,0.575303355
1,0.2089044399693356,1479,0.476802284
1,0.2699539051457263,1480,0.618843683
1,0.2473329261255836,1481,0.589578872
1,0.22026635071583084,1482,0.516773733
1,0.2177333727637456,1483,0.5
1,0.2177333727637456,1484,0.5
1,0.21459605432379272,1485,0.505710207
1,0.21395917484598312,1486,0.47751606
1,0.21852782735283482,1487,0.503211991
1,0.21663186944879503,1488,0.495003569
1,0.2177333727637456,1489,0.5
1,0.2177333727637456,1490,0.5
1,0.2177333727637456,1491,0.5
1,0.21769450059367376,1492,0.5
1,0.2121482656679404,1493,0.480728051
1,0.26731433022339823,1494,0.592790864
1,0.24372628747431543,1495,0.514989293
1,0.2177333727637456,1496,0.5
1,0.21970385021604394,1622,0.508208423
1,0.21998468504459537,1623,0.507851535
1,0.24552110997778825,1624,0.568522484
1,0.2111543508250442,1625,0.481084939
1,0.2307892897559168,1626,0.538900785
1,0.2749337657842001,1627,0.736259814
1,0.16248401563049372,1628,0.311206281
1,0.21733360868893717,1629,0.537830121
1,0.2297001372247464,1630,0.521770164
1,0.20139194497499827,1631,0.505710207
1,0.2563129754738235,1632,0.568879372
1,0.2177333727637456,1633,0.5
1,0.21683093440146414,1634,0.530692363
1,0.22111751370252639,1635,0.562098501
1,0.22003460984416295,1636,0.51391863
1,0.21550685316868323,1637,0.5
1,0.22176127007727753,1638,0.535331906
1,0.2282065327607355,1639,0.480371163
1,0.19485599564712858,1640,0.398286938
1,0.2177333727637456,1641,0.5
1,0.2183925523689439,1642,0.501427552
1,0.2177538047489715,1643,0.5
1,0.3116818841062252,1644,0.86509636
1,0.330377242592286,1645,0.947894361
1,0.22739475971413753,1646,0.539614561
1,0.20828208972080442,1797,0.433261956
1,0.2119263970969099,1798,0.496074233
1,0.22160368377213918,1799,0.457530335
1,0.23477424989857137,1800,0.463954318
1,0.2554922261582367,1801,0.61598858
1,0.25248514681701567,1802,0.626695218
1,0.2805022965459748,1803,0.628479657
1,0.2344996712225394,1804,0.560670949
1,0.23623759460704896,1805,0.512491078
1,0.19925437027129136,1806,0.369735903
1,0.2218618273246546,1807,0.457530335
1,0.22752310228371955,1808,0.523911492
1,0.21864630543401148,1809,0.473947181
1,0.22576704918841767,1810,0.496431121
1,0.22132352386168225,1811,0.496788009
1,0.23069506550317698,1812,0.521770164
1,0.232833743879846,1813,0.496788009
1,0.20912586916679002,1814,0.492862241
1,0.24338543906452426,1815,0.548536759
1,0.21722691971049835,1816,0.526052819
1,0.25341324879920946,1817,0.634189864
1,0.21781372805184632,1818,0.5
1,0.24564131285129887,1819,0.521770164
1,0.2293716034988155,1820,0.533904354
1,0.23283027575714232,1821,0.526766595
10,-0.008486579833077646,322,0.557985758
10,-0.008486579833077646,323,0.679043744
10,-0.008486579833077646,324,0.689725331
10,-0.008486579833077646,325,0.498982706
10,-0.008486579833077646,326,0.523397762
10,-0.008486579833077646,327,0.920651068
10,-0.008486579833077646,328,0.322990844
10,-0.008486579833077646,329,0.309257375
10,-0.008486579833077646,330,0.476093591
10,-0.008486579833077646,331,0.553407935
10,-0.008486579833077646,332,0.486266531
10,-0.008486579833077646,333,0.486775178
10,-0.008486579833077646,334,0.500508647
10,-0.008486579833077646,335,0.517802645
10,-0.008486579833077646,336,0.54069176
10,-0.008486579833077646,337,0.501017294
10,-0.008486579833077646,338,0.500508647
10,-0.008486579833077646,339,0.5
10,-0.008486579833077646,340,0.508138352
10,-0.008486579833077646,341,0.5
10,-0.008486579833077646,342,0.534587996
10,-0.008486579833077646,343,0.503051882
10,-0.008486579833077646,344,0.845879959
10,-0.008486579833077646,345,0.856561546
10,-0.008486579833077646,346,0.566632757
10,-0.008486579833077646,722,0.623092574
10,-0.008486579833077646,723,0.682095626
10,-0.008486579833077646,724,0.695320448
10,-0.008486579833077646,725,0.746185148
10,-0.008486579833077646,726,0.684638861
10,-0.008486579833077646,727,0.757884028
10,-0.008486579833077646,728,0.707527976
10,-0.008486579833077646,729,0.789928789
10,-0.008486579833077646,730,0.81180061
10,-0.008486579833077646,731,0.739572737
10,-0.008486579833077646,732,0.871312309
10,-0.008486579833077646,733,0.538148525
10,-0.008486579833077646,734,0.630722279
10,-0.008486579833077646,735,0.589013225
10,-0.008486579833077646,736,0.606307223
10,-0.008486579833077646,737,0.589013225
10,-0.008486579833077646,738,0.723296033
10,-0.008486579833077646,739,0.671922686
10,-0.008486579833077646,740,0.833672431
10,-0.008486579833077646,741,0.519837233
10,-0.008486579833077646,742,0.756358087
10,-0.008486579833077646,743,0.630722279
10,-0.008486579833077646,744,0.681078332
10,-0.008486579833077646,745,0.745676501
10,-0.008486579833077646,746,0.626653103
10,-0.008486579833077646,1222,0.490844354
10,-0.008486579833077646,1223,0.631230926
10,-0.008486579833077646,1224,0.567141404
10,-0.008486579833077646,1225,0.510681587
10,-0.008486579833077646,1226,0.506612411
10,-0.008486579833077646,1227,0.950661241
10,-0.008486579833077646,1228,0.424720244
10,-0.008486579833077646,1229,0.550356053
10,-0.008486579833077646,1230,0.568667345
10,-0.008486579833077646,1231,0.733468973
10,-0.008486579833077646,1232,0.686673449
10,-0.008486579833077646,1233,0.5
10,-0.008486579833077646,1234,0.498982706
10,-0.008486579833077646,1235,0.477110885
10,-0.008486579833077646,1236,0.496439471
10,-0.008486579833077646,1237,0.508646999
10,-0.008486579833077646,1238,0.5
10,-0.008486579833077646,1239,0.5
10,-0.008486579833077646,1240,0.5
10,-0.008486579833077646,1241,0.5
10,-0.008486579833077646,1242,0.501525941
10,-0.008486579833077646,1243,0.5
10,-0.008486579833077646,1244,0.837741607
10,-0.008486579833077646,1245,0.856052899
10,-0.008486579833077646,1246,0.587995931
15,0.04521043137967561,172,0.408794788
15,0.04749974503452018,173,0.457654723
15,0.04459039398647389,174,0.382736156
15,0.04182469804685581,175,0.5
15,0.040806541332496844,176,0.5
15,0.05078705318381035,177,0.5
15,0.04488948881344092,178,0.5
15,0.045716404927600554,179,0.5
15,0.04468657266294722,180,0.5
15,0.04035001448325338,181,0.503257329
15,0.04563781692844449,182,0.5
15,0.044143281454451025,183,0.368078176
15,0.0451679553034186,184,0.350162866
15,0.04816474986358873,185,0.530944625
15,0.048058014470643715,186,0.501628664
15,0.04573188114717363,187,0.364820847
15,0.050398458413577006,188,0.741042345
15,0.04696557218276792,189,0.519543974
15,0.049278664806587526,190,0.664495114
15,0.04309861332323292,191,0.294788274
15,0.050195853874624566,192,0.747557003
15,0.04470161362670079,193,0.40228013
15,0.04840535338533617,194,0.374592834
15,0.04448466314197404,195,0.30781759
15,0.046517222791298427,196,0.496742671
15,0.04587810521854917,397,0.5
15,0.04912151670404209,398,0.687296417
15,0.05248265552166572,399,0.5
15,0.054481170515992425,400,0.5
15,0.050746909547117414,401,0.5
15,0.05246505024665547,402,0.5
15,0.0527182419206179,403,0.5
15,0.05298005716522808,404,0.5
15,0.05264585860955663,405,0.5
15,0.052048872275182144,406,0.5
15,0.05328175972174663,407,0.5
15,0.045481578643829096,408,0.408794788
15,0.04811731997171355,409,0.5
15,0.051877228895037,410,0.5
15,0.05026810930050859,411,0.5
15,0.05587932362528444,412,0.638436482
15,0.05570912139134062,413,0.591205212
15,0.04609727808396877,414,0.557003257
15,0.053446390034725545,415,0.5
15,0.04511159551139403,416,0.470684039
15,0.05266519364748649,417,0.5
15,0.04719048671473612,418,0.618892508
15,0.0530365618493711,419,0.5
15,0.05121173992376721,420,0.48534202
15,0.04983036524255661,421,0.473941368
15,0.05363619148492852,447,0.931596091
15,0.053168034034759525,448,0.95276873
15,0.05376669898852134,449,0.964169381
15,0.04312941537580103,450,0.5
15,0.04652934138860419,451,0.5
15,0.042827106287010176,452,0.5
15,0.04476237265490051,453,0.5
15,0.045437062931076806,454,0.5
15,0.04702903058132685,455,0.688925081
15,0.04317793924036322,456,0.5
15,0.042580645569090386,457,0.5
15,0.05183710060780936,458,0.938110749
15,0.0541883097655599,459,0.956026059
15,0.05273673796278481,460,0.949511401
15,0.0532672848536924,461,0.947882736
15,0.051197345008952955,462,0.942996743
15,0.05142281551016471,463,0.7752443
15,0.053245028509385804,464,0.929967427
15,0.051035175846451244,465,0.776872964
15,0.052032904812498525,466,0.970684039
15,0.05117858520818884,467,0.794788274
15,0.05387204323618385,468,0.938110749
15,0.05272820415797889,469,0.928338762
15,0.05159323956810814,470,0.908794788
15,0.053255837038761564,471,0.95276873
15,0.0520512462425215,747,0.519543974
15,0.05132930256229736,748,0.498371336
15,0.05122162478737761,749,0.513029316
15,0.04487536634430091,750,0.5
15,0.044605655153385555,751,0.5
15,0.04006993554848255,752,0.5
15,0.04617801844059284,753,0.5
15,0.04614958468387641,754,0.5
15,0.04146816368128588,755,0.535830619
15,0.04737126749094901,756,0.465798046
15,0.04692087859198944,757,0.5
15,0.04980591020601345,758,0.589576547
15,0.0529073830955776,759,0.543973941
15,0.053876590921567304,760,0.553745928
15,0.054133781492779906,761,0.589576547
15,0.052865923062567,762,0.615635179
15,0.05050815898046505,763,0.664495114
15,0.052710591726722975,764,0.529315961
15,0.04837525308411615,765,0.625407166
15,0.05302053363500882,766,0.558631922
15,0.04975608785501336,767,0.600977199
15,0.05264090818760435,768,0.615635179
15,0.048050668550454936,769,0.465798046
15,0.04811723077701778,770,0.504885993
15,0.051296740037510224,771,0.53257329
15,0.050034062142373305,922,0.728013029
15,0.04802983339741559,923,0.63029316
15,0.048609512708951294,924,0.672638436
15,0.046217231712193343,925,0.5
15,0.04420908812797928,926,0.5
15,0.050015283717527004,927,0.498371336
15,0.04759261097090374,928,0.486970684
15,0.047514035706534154,929,0.5
15,0.0463397110646402,930,0.486970684
15,0.03813613956352056,931,0.40228013
15,0.04160275738510962,932,0.5
15,0.04681127475896508,933,0.503257329
15,0.04510148280214345,934,0.509771987
15,0.05045637750659452,935,0.700325733
15,0.04949365241409901,936,0.762214984
15,0.046176785366376566,937,0.527687296
15,0.04033807368208591,938,0.231270358
15,0.04557942042172118,939,0.524429967
15,0.041853390078684945,940,0.288273616
15,0.049095298422675425,941,0.667752443
15,0.041568369292827895,942,0.276872964
15,0.047266826737432245,943,0.693811075
15,0.04550407780002764,944,0.622149837
15,0.04715019432322111,945,0.672638436
15,0.04765221115821435,946,0.522801303
15,0.05338138056265927,1272,0.53257329
15,0.05231735348148322,1273,0.509771987
15,0.050745855560025546,1274,0.314332248
15,0.054335422262356006,1275,0.5
15,0.05617559422847237,1276,0.5
15,0.05654761719432021,1277,0.5
15,0.052168214317886194,1278,0.5
15,0.05320868096905575,1279,0.5
15,0.05409018857251483,1280,0.5
15,0.051132544756578704,1281,0.5
15,0.05086513421098181,1282,0.5
15,0.046290236125931444,1283,0.5
15,0.04811839488924937,1284,0.578175896
15,0.04995309604210735,1285,0.407166124
15,0.051595581127214615,1286,0.498371336
15,0.051423606073625006,1287,0.5
15,0.055819006397268923,1288,0.5
15,0.04978665016562996,1289,0.5
15,0.05352312270388687,1290,0.5
15,0.0479974009465146,1291,0.469055375
15,0.05327228849152475,1292,0.486970684
15,0.04913718416526941,1293,0.5
15,0.05371102861763438,1294,0.5
15,0.05411117026072657,1295,0.5
15,0.0514743917603509,1296,0.5
17,0.08292052305112022,472,0.333333333
17,0.08084495114612289,473,0.333333333
17,0.08086705758610599,474,0.333333333
17,0.08373199105144702,475,0.333333333
17,0.08588023685410648,476,0.364453665
17,0.09439989307991989,477,0.333333333
17,0.08332942660650586,478,0.350276625
17,0.09199630292440408,479,0.415629322
17,0.08250341760220496,480,0.335408022
17,0.07683651855562759,481,0.286652835
17,0.07856020245428809,482,0.335408022
17,0.08114257469112299,483,0.336099585
17,0.0772949530168634,484,0.381396957
17,0.08084495114612289,485,0.333333333
17,0.08215203222898555,486,0.328838174
17,0.08082913461945382,487,0.346818811
17,0.08084495114612289,488,0.333333333
17,0.08074064901331515,489,0.333333333
17,0.0855018232348824,490,0.38208852
17,0.08084495114612289,491,0.333333333
17,0.07505188626452994,492,0.333333333
17,0.08084495114612289,493,0.333333333
17,0.14279268137045534,494,0.553250346
17,0.08585638001265297,495,0.336099585
17,0.08082192959939022,496,0.333333333
17,0.08084495114612289,497,0.333333333
17,0.08084495114612289,498,0.333333333
17,0.08084495114612289,499,0.333333333
17,0.08087171336053081,500,0.333333333
17,0.07983881030745252,501,0.333333333
17,0.08094841747415246,502,0.334370678
17,0.0815263510545218,503,0.333333333
17,0.0809772391935226,504,0.333333333
17,0.08118730864528426,505,0.333333333
17,0.08084548555009949,506,0.333333333
17,0.08093551436180073,507,0.333333333
17,0.08084495114612289,508,0.333333333
17,0.08084495114612289,509,0.333333333
17,0.08084495114612289,510,0.333333333
17,0.08084495114612289,511,0.333333333
17,0.08084495114612289,512,0.333333333
17,0.08084495114612289,513,0.333333333
17,0.08084495114612289,514,0.333333333
17,0.08084495114612289,515,0.333333333
17,0.08084495114612289,516,0.333333333
17,0.08084495114612289,517,0.333333333
17,0.08084495114612289,518,0.333333333
17,0.08084495114612289,519,0.333333333
17,0.08084495114612289,520,0.333333333
17,0.08084495114612289,521,0.333333333
17,0.09158282912090224,597,0.333333333
17,0.08726675795869611,598,0.352697095
17,0.09636739569941474,599,0.371715076
17,0.16404860647277947,600,0.677385892
17,0.1349749768030128,601,0.502074689
17,0.16706693138132422,602,0.699515906
17,0.1284230191397077,603,0.39626556
17,0.11418067070535823,604,0.382434302
17,0.1272704862485456,605,0.333333333
17,0.12630243958099996,606,0.333333333
17,0.1259090762887237,607,0.352005533
17,0.07989229921041399,608,0.30428769
17,0.08840608809576729,609,0.31120332
17,0.09957883429492494,610,0.384163209
17,0.0976645064556755,611,0.338520055
17,0.09032921939267924,612,0.298063624
17,0.1421636912807386,613,0.491701245
17,0.08485400339866138,614,0.321922545
17,0.12268170057828756,615,0.421161826
17,0.08982532243290756,616,0.389004149
17,0.12731246786160372,617,0.335062241
17,0.087495971852344,618,0.326071923
17,0.14898033278357298,619,0.64626556
17,0.13917639051445857,620,0.522475795
17,0.0845599517814358,621,0.25242047
17,0.13976156812353988,1372,0.93153527
17,0.1255712904283591,1373,0.782157676
17,0.14038761259723148,1374,0.934301521
17,0.16582966287180606,1375,0.970954357
17,0.15929181338115636,1376,0.978907331
17,0.14580880336816504,1377,0.995504841
17,0.1672317003584955,1378,0.977178423
17,0.16864369926535092,1379,0.968188105
17,0.15465906569388782,1380,0.973720609
17,0.16356752209624018,1381,0.978907331
17,0.16913811727497347,1382,0.97406639
17,0.08839301733673596,1383,0.425311203
17,0.13842497601065262,1384,0.925311203
17,0.14735145987420295,1385,0.98824343
17,0.14433867444337195,1386,0.991355463
17,0.13325423156600533,1387,0.926694329
17,0.1471969581801426,1388,0.967150761
17,0.09577741340874565,1389,0.482019364
17,0.1480935741816752,1390,0.976141079
17,0.0833948870628175,1391,0.344052559
17,0.1510245545214318,1392,0.971991701
17,0.10664734207098756,1393,0.645919779
17,0.15212181431624314,1394,0.980636238
17,0.15545895443508675,1395,0.983056708
17,0.13756184377981398,1396,0.883471646
32,0.06105779408276239,122,0.892595575
32,0.061979065506827066,123,0.864970241
32,0.07141709522836129,124,0.911541295
32,0.022914953490802824,125,0.2
32,0.021367520129548356,126,0.2
32,0.0294834712337821,127,0.2
32,0.012141777154240363,128,0.208291765
32,0.01449310902541256,129,0.2
32,0.015734266280540376,130,0.252362144
32,0.025274495736655543,131,0.229504234
32,0.021475088368219646,132,0.20104712
32,0.050720662904676375,133,0.854767854
32,0.050799177620220556,134,0.848400542
32,0.05497902331253516,135,0.88732791
32,0.0590203434640732,136,0.90388069
32,0.058647682789846486,137,0.873604317
32,0.03022153985994256,138,0.412865199
32,0.05122855505061162,139,0.881458987
32,0.028272398866787913,140,0.379180971
32,0.051832404288997456,141,0.884183164
32,0.03518276123315147,142,0.330249726
32,0.05467805461442078,143,0.898462597
32,0.09248698178576299,144,0.770258367
32,0.0894269774241552,145,0.738534281
32,0.05319101871888664,146,0.878776262
32,0.019903951898733025,272,0.183658713
32,0.017848311606768058,273,0.18115996
32,0.018411093075543016,274,0.18976886
32,0.019159885772115037,275,0.200609756
32,0.022982793415512397,276,0.2
32,0.03484043095765179,277,0.2
32,0.01619440486435969,278,0.2
32,0.023271899482546616,279,0.2
32,0.02921976379067203,280,0.2
32,0.02066738176985706,281,0.199991996
32,0.019570564135481482,282,0.2
32,0.018200698415263096,283,0.132291447
32,0.017362725362737357,284,0.170972914
32,0.021175717264145348,285,0.145098579
32,0.022407861924718275,286,0.176705677
32,0.02288484208275393,287,0.196493196
32,0.021058414906389922,288,0.202079068
32,0.015796674208926643,289,0.127619189
32,0.02106452274181323,290,0.202216606
32,0.017591369882163255,291,0.124007148
32,0.02102326463282478,292,0.201287544
32,0.01862684989976725,293,0.20333063
32,0.025783042521024237,294,0.199597498
32,0.019205911729126984,295,0.196833902
32,0.019393267796620123,296,0.181890784
32,0.06439445784800832,772,0.853900474
32,0.06803470590147374,773,0.894472147
32,0.06419447736645258,774,0.879860107
32,0.023373853278054364,775,0.2
32,0.01482563484015767,776,0.2
32,0.08993016634177006,777,0.2
32,0.014056626595731665,778,0.202432641
32,0.018093868305254678,779,0.2
32,0.01920654128830846,780,0.2
32,0.028527350244625403,781,0.227119713
32,0.014888752064264243,782,0.2
32,0.04924411392769431,783,0.842209507
32,0.05062348904443477,784,0.840659918
32,0.06860825768381665,785,0.85524705
32,0.05558670627802971,786,0.867161508
32,0.052181673481803637,787,0.835792028
32,0.026065587397591284,788,0.32105343
32,0.050302360689942906,789,0.861593845
32,0.02846871296984138,790,0.355550619
32,0.04298310279906099,791,0.836228999
32,0.02801729283240756,792,0.280476455
32,0.05286617520958362,793,0.873608508
32,0.08248546663088402,794,0.689401976
32,0.08861183667155302,795,0.678070346
32,0.04941696988434596,796,0.852066461
32,0.05816560267769706,872,0.88841991
32,0.06642986270054338,873,0.900705039
32,0.06731757838914237,874,0.911984229
32,0.029825669436179935,875,0.2
32,0.020367792935860312,876,0.2
32,0.09370018395724199,877,0.2
32,0.0148653633051069,878,0.214385917
32,0.021522842398548115,879,0.2
32,0.01827885974279179,880,0.2
32,0.020086929562653844,881,0.2592602
32,0.018480978546785563,882,0.2
32,0.051814307502400195,883,0.889212393
32,0.050341160298849816,884,0.862720077
32,0.06591869854765067,885,0.923342441
32,0.05501001646443861,886,0.902065822
32,0.04946294375927124,887,0.849965626
32,0.02353787217104396,888,0.378219362
32,0.053214012562452985,889,0.926168092
32,0.029218992652849433,890,0.359788392
32,0.052959542078463526,891,0.892886681
32,0.03499021937255985,892,0.390309695
32,0.05651308059305878,893,0.905209009
32,0.09343324014574345,894,0.753996183
32,0.09095472563189749,895,0.738446402
32,0.05157699034960571,896,0.903441531
35,0.07988497896972478,572,0.422439024
35,0.12601364427942374,573,0.686829268
35,0.09314221570402231,574,0.518292683
35,0.0861668952791075,575,0.475609756
35,0.08071320166243398,576,0.41195122
35,0.18265154166269687,577,0.987804878
35,0.11003838919105187,578,0.648536585
35,0.06583035356833364,579,0.365365854
35,0.10703502336783388,580,0.584878049
35,0.08023998339269284,581,0.450487805
35,0.12700266694130463,582,0.684878049
35,0.0909934828067967,583,0.5
35,0.0909934828067967,584,0.5
35,0.10235184832319692,585,0.550243902
35,0.09834436581897908,586,0.550243902
35,0.0947215224537812,587,0.510731707
35,0.07756207621930264,588,0.388780488
35,0.0909934828067967,589,0.5
35,0.08705162165448449,590,0.469512195
35,0.09066654778861795,591,0.5
35,0.10561698760785143,592,0.520731707
35,0.09441115111530005,593,0.565121951
35,0.133499604927578,594,0.713902439
35,0.1333682035999352,595,0.747804878
35,0.09245967604370452,596,0.512195122
35,0.07960489490922457,947,0.442926829
35,0.10521550766373604,948,0.603658537
35,0.09410616859480095,949,0.518292683
35,0.11950057158813081,950,0.650731707
35,0.10884346252151814,951,0.639756098
35,0.11609023198374117,952,0.66
35,0.08754594476954926,953,0.472682927
35,0.10239029940376523,954,0.598536585
35,0.09374014102600806,955,0.479756098
35,0.1317097763490691,956,0.720731707
35,0.0894151936920561,957,0.489512195
35,0.09474905666959801,958,0.52
35,0.09880271365685228,959,0.559756098
35,0.10297129603974313,960,0.557317073
35,0.09778100423569537,961,0.543658537
35,0.07910544894274488,962,0.399756098
35,0.09314366251371858,963,0.547560976
35,0.0909934828067967,964,0.5
35,0.08996715583115306,965,0.493902439
35,0.0909934828067967,966,0.5
35,0.0909934828067967,967,0.5
35,0.0933570548443683,968,0.52
35,0.0909934828067967,969,0.5
35,0.0913372702555121,970,0.5
35,0.09172657935855585,971,0.506097561
35,0.12969826164370515,1572,0.754390244
35,0.14185822725772151,1573,0.795365854
35,0.15210377454733054,1574,0.85804878
35,0.18606578136283516,1575,0.975609756
35,0.18710896063562593,1576,0.981707317
35,0.18466196221079234,1577,0.969512195
35,0.18676517332030004,1578,0.981707317
35,0.18712581293277308,1579,0.981707317
35,0.18231020736664433,1580,0.955609756
35,0.18245684320402403,1581,0.961707317
35,0.18148606723944943,1582,0.937317073
35,0.0909934828067967,1583,0.5
35,0.12343678612549684,1584,0.665853659
35,0.13352570375913975,1585,0.737317073
35,0.12565694561340573,1586,0.696097561
35,0.10462191207383915,1587,0.546829268
35,0.1802811876688147,1588,0.955609756
35,0.09136593974608284,1589,0.506097561
35,0.17959444813663658,1590,0.963414634
35,0.10516835646316673,1591,0.594146341
35,0.16474824043553923,1592,0.847804878
35,0.1113932987977182,1593,0.583414634
35,0.17172944262148193,1594,0.935609756
35,0.178302724995816,1595,0.955609756
35,0.11848893250781045,1596,0.622439024
47,0.04580485596574873,147,0.18621695
47,0.046224390983344646,148,0.198287566
47,0.047728035282431455,149,0.196665605
47,0.048701358112651624,150,0.12695989
47,0.047648004387649316,151,0.075954505
47,0.053391028301412666,152,0.157023719
47,0.051446834156079035,153,0.156904588
47,0.0532687825756194,154,0.188011978
47,0.04713419332361977,155,0.106116985
47,0.04964502138218163,156,0.134447803
47,0.055270378034765665,157,0.307924978
47,0.04373007932070239,158,0.164898774
47,0.04526255195923605,159,0.162498732
47,0.04606700211033919,160,0.140288682
47,0.04804436465109358,161,0.182632621
47,0.046307701057573,162,0.17658516
47,0.04982433585709209,163,0.156510569
47,0.04377311523584979,164,0.170712322
47,0.04881051887425567,165,0.166136858
47,0.04305794288137982,166,0.145882511
47,0.049237688079788115,167,0.149152606
47,0.04235784040677971,168,0.119875776
47,0.05055895307334661,169,0.177856075
47,0.04951221660178789,170,0.15092421
47,0.04412292322141485,171,0.145331413
47,0.04701229192211119,897,0.188530174
47,0.044983871558624225,898,0.153341014
47,0.04691365487272041,899,0.175579612
47,0.05317163902740245,900,0.228318426
47,0.04885776358812448,901,0.090711528
47,0.05368246272401365,902,0.188587833
47,0.05344599949678066,903,0.201507684
47,0.05329936900285968,904,0.201555966
47,0.04879850199356345,905,0.131294489
47,0.04829881017022535,906,0.110465678
47,0.054880890518284,907,0.29677177
47,0.04362905918985028,908,0.171011949
47,0.04378553892633462,909,0.134697737
47,0.04617119835717862,910,0.160107473
47,0.04716227483962007,911,0.161100672
47,0.047651578407589226,912,0.225286966
47,0.05187312212051145,913,0.211812872
47,0.04450401520549703,914,0.179796392
47,0.049841044383437325,915,0.175772489
47,0.043370291515285556,916,0.152687513
47,0.047457607463865945,917,0.107152564
47,0.04180274244294541,918,0.100684791
47,0.04461939738907179,919,0.058521406
47,0.05111064298927996,920,0.19685389
47,0.043945111490865954,921,0.13924485
47,0.04625402419720332,1147,0.23299862
47,0.04498425864022999,1148,0.212355737
47,0.045722975686312,1149,0.19865736
47,0.043571948787748546,1150,0.220780689
47,0.04651292537456892,1151,0.253430098
47,0.057871390735088644,1152,0.206106474
47,0.042270451189476504,1153,0.143974683
47,0.040723206783980254,1154,0.143840185
47,0.04479574739112731,1155,0.221431273
47,0.03981483199193101,1156,0.106078393
47,0.04245138007747839,1157,0.17603806
47,0.043204590095270244,1158,0.166835816
47,0.04354991419873429,1159,0.166999023
47,0.05350039512775016,1160,0.233902742
47,0.048978342763041395,1161,0.167029955
47,0.04395145997565965,1162,0.189277651
47,0.046759387950320405,1163,0.222433438
47,0.043441003783745755,1164,0.164520483
47,0.05204083892368676,1165,0.322511751
47,0.043120016641029824,1166,0.166666667
47,0.046564224886163436,1167,0.204252736
47,0.04016358420689935,1168,0.105150037
47,0.05185774509205365,1169,0.266362973
47,0.05679645970080982,1170,0.265057801
47,0.043121306738318,1171,0.166871609
47,0.06866562211104991,1247,0.759410782
47,0.0709812315973047,1248,0.79214292
47,0.07046920442865215,1249,0.787609232
47,0.07681161578855082,1250,0.921266906
47,0.07574286009279971,1251,0.927829745
47,0.07525775251812006,1252,0.89705022
47,0.07727280534374384,1253,0.924765213
47,0.07833433298193082,1254,0.924779574
47,0.07629776617851317,1255,0.923340641
47,0.07645588309313119,1256,0.915783203
47,0.07655399192423944,1257,0.920739182
47,0.04734201539982856,1258,0.238325662
47,0.060569347990986545,1259,0.539139716
47,0.07054309680443989,1260,0.791529764
47,0.07016386461531507,1261,0.782598203
47,0.06189678311888562,1262,0.572262967
47,0.0770048923010136,1263,0.918888928
47,0.06152668868811615,1264,0.583280782
47,0.07781436474669812,1265,0.91811476
47,0.05926811068010536,1266,0.535491168
47,0.07553799880142353,1267,0.903237577
47,0.06458148692187811,1268,0.667283508
47,0.0749379123476243,1269,0.886396029
47,0.07541097338851903,1270,0.8867093
47,0.06283534476059008,1271,0.628559431
47,0.0678071687984593,1447,0.742058117
47,0.07083608775240732,1448,0.798913128
47,0.06940216100157584,1449,0.782316019
47,0.07792441067985686,1450,0.9238678
47,0.07695483455691059,1451,0.93104723
47,0.07597449674023586,1452,0.907210613
47,0.07675360576952625,1453,0.924842827
47,0.0799452844141528,1454,0.927948794
47,0.07671119249561051,1455,0.925213791
47,0.07685714649036912,1456,0.915233212
47,0.07685135779796037,1457,0.921393157
47,0.04414459762419391,1458,0.193764257
47,0.06031807451198923,1459,0.546358364
47,0.07072021862114841,1460,0.80043098
47,0.06988050335796607,1461,0.783090104
47,0.0612382625549702,1462,0.562785202
47,0.07530196151750645,1463,0.913451183
47,0.05724998101839662,1464,0.494752478
47,0.07885090284229992,1465,0.922084452
47,0.05967400342512088,1466,0.538597022
47,0.07580989412997932,1467,0.914742197
47,0.0647513488626954,1468,0.661409052
47,0.07449027360352738,1469,0.878385308
47,0.0746369139943573,1470,0.88841296
47,0.06315013600822499,1471,0.621504698
47,0.0436059289945673,1847,0.179751431
47,0.04446490843694299,1848,0.203638113
47,0.04544413615572235,1849,0.200825776
47,0.04510011111090256,1850,0.182889735
47,0.03975812001172925,1851,0.111151128
47,0.05931349403466124,1852,0.23414392
47,0.04451776709877889,1853,0.146028599
47,0.046997140738146696,1854,0.229190341
47,0.041484526247190553,1855,0.104168937
47,0.04216061907870405,1856,0.132109006
47,0.04252369908103504,1857,0.148952512
47,0.043122524158261684,1858,0.166666667
47,0.03979119041177212,1859,0.087596489
47,0.04382380376289508,1860,0.121767661
47,0.0488411724841959,1861,0.155439019
47,0.04079843417436558,1862,0.112824533
47,0.04799006402173512,1863,0.276429339
47,0.04318829721766655,1864,0.166666667
47,0.04341963959378056,1865,0.153466626
47,0.043120016641029824,1866,0.166666667
47,0.04327926777981761,1867,0.168525807
47,0.043120016641029824,1868,0.166666667
47,0.05191715633420413,1869,0.246260048
47,0.05096762740171775,1870,0.205462948
47,0.04323633293058204,1871,0.170965342
61,0.09417223342127745,1172,0.925197796
61,0.09164413626419551,1173,0.944824257
61,0.0861204081511687,1174,0.836034753
61,0.09532267665155274,1175,0.924543982
61,0.09483438340057508,1176,0.934627646
61,0.09471710064996955,1177,0.907266816
61,0.09593859678168974,1178,0.953578191
61,0.09652784246596875,1179,0.940325324
61,0.09720561685075346,1180,0.952548794
61,0.09504833513882886,1181,0.951516146
61,0.096472157204436,1182,0.942875086
61,0.08603987380792175,1183,0.863819508
61,0.08979275001100458,1184,0.884860705
61,0.09433203779901116,1185,0.913300826
61,0.09169024353416053,1186,0.89231359
61,0.07799837535202767,1187,0.77379723
61,0.09511984845251557,1188,0.956758039
61,0.05805178844318524,1189,0.563533693
61,0.09777633754270396,1190,0.958491957
61,0.07211276277301717,1191,0.800519843
61,0.0961364683506157,1192,0.941236893
61,0.08886866080444307,1193,0.928353103
61,0.09445758885673708,1194,0.925925233
61,0.09725802859730615,1195,0.953332706
61,0.08927861154405936,1196,0.904231923
61,0.05252890325542463,1522,0.498980344
61,0.05271540626802771,1523,0.5
61,0.05270758189542637,1524,0.499882959
61,0.05124925404987013,1525,0.538727994
61,0.06784861589270438,1526,0.68445545
61,0.0731995889278092,1527,0.558548917
61,0.05843909041480779,1528,0.524760831
61,0.05569747948544661,1529,0.561426666
61,0.05613576166847538,1530,0.529773122
61,0.05725035136079062,1531,0.571353727
61,0.04473043936830529,1532,0.39317377
61,0.05271540626802771,1533,0.5
61,0.05271540626802771,1534,0.5
61,0.05271540626802771,1535,0.5
61,0.05271540626802771,1536,0.5
61,0.05271540626802771,1537,0.5
61,0.05271540626802771,1538,0.5
61,0.05244738924516688,1539,0.499531835
61,0.0522007983591507,1540,0.489264742
61,0.05271540626802771,1541,0.5
61,0.05281712311184319,1542,0.501521536
61,0.05271540626802771,1543,0.5
61,0.055951315373410006,1544,0.498515285
61,0.0529310079005433,1545,0.499684144
61,0.05271540626802771,1546,0.5
61,0.05271540626802771,1597,0.5
61,0.05565076121275862,1598,0.558913902
61,0.05400229127920571,1599,0.5207606
61,0.05360090212660682,1600,0.511631823
61,0.05458972584768551,1601,0.505020136
61,0.09398799955194381,1602,0.919724389
61,0.04283194215747733,1603,0.497969962
61,0.0414854542628506,1604,0.364440945
61,0.05262725597387665,1605,0.504150331
61,0.06408945029866749,1606,0.606829763
61,0.053987331822802284,1607,0.484565857
61,0.05271540626802771,1608,0.5
61,0.05244940875568469,1609,0.496021531
61,0.05359843301493705,1610,0.507896399
61,0.04561814020576192,1611,0.435985538
61,0.05271540626802771,1612,0.5
61,0.052229202875816914,1613,0.504488215
61,0.05271540626802771,1614,0.5
61,0.05539847296823286,1615,0.518886679
61,0.05271540626802771,1616,0.5
61,0.05271540626802771,1617,0.5
61,0.05271540626802771,1618,0.5
61,0.07178434358425786,1619,0.647286011
61,0.05352525400851851,1620,0.505031594
61,0.05324506517803078,1621,0.50276908
62,0.3159273730775141,97,0.653832546
62,0.3268961122412911,98,0.714315455
62,0.3370114218278485,99,0.700506875
62,0.41016243993841284,100,0.989127503
62,0.3998337206522184,101,0.989618642
62,0.40333143808178973,102,0.974299015
62,0.4142550334929595,103,0.989123104
62,0.4144481662448977,104,0.990113201
62,0.412997484630515,105,0.990112224
62,0.4130039320290993,106,0.98961913
62,0.413053580561776,107,0.989620108
62,0.2775788929727403,108,0.562178194
62,0.2724963184283587,109,0.562688392
62,0.32578773823119794,110,0.713722667
62,0.3290598735857088,111,0.709408952
62,0.27770285024342306,112,0.558911265
62,0.3993278781582761,113,0.979735264
62,0.2741265693517855,114,0.561373313
62,0.4126073222940616,115,0.980231778
62,0.2656727676228683,116,0.589196213
62,0.4067793944225283,117,0.974786733
62,0.2971566096383231,118,0.581171833
62,0.4130949700499005,119,0.967867294
62,0.41574272020224334,120,0.964419547
62,0.283362527719866,121,0.576523362
62,0.2615957708757532,247,0.5
62,0.2617159628392186,248,0.5
62,0.2616975490197379,249,0.5
62,0.23533439511573992,250,0.399006189
62,0.2861341592435653,251,0.516346864
62,0.23906537043421489,252,0.455462736
62,0.2598206575257019,253,0.454634397
62,0.2864729226986441,254,0.542747661
62,0.2689507851198312,255,0.54536658
62,0.27392861230573257,256,0.540466919
62,0.25161613795365867,257,0.440949457
62,0.2617159628392186,258,0.5
62,0.2617159628392186,259,0.5
62,0.2617159628392186,260,0.5
62,0.2617159628392186,261,0.5
62,0.2619604855809518,262,0.499504463
62,0.2617159628392186,263,0.5
62,0.2617159628392186,264,0.5
62,0.2616206665184436,265,0.500494071
62,0.2584635465300484,266,0.505921035
62,0.26196526369762296,267,0.500494071
62,0.2566911794402157,268,0.491083262
62,0.1541634152247367,269,0.156278467
62,0.1235519060693524,270,0.065260885
62,0.2617159628392186,271,0.5
62,0.2696974788509027,297,0.507950098
62,0.26827056719568954,298,0.517404401
62,0.27204264806920153,299,0.507949121
62,0.25294905678469487,300,0.503950614
62,0.2775330106773112,301,0.52166436
62,0.2835689988428158,302,0.511227779
62,0.23102515961920309,303,0.468561241
62,0.2825903983015591,304,0.598648561
62,0.28219634732381144,305,0.624875383
62,0.2501581061935242,306,0.397935946
62,0.2213674495683513,307,0.426201604
62,0.2617159628392186,308,0.5
62,0.2476079792136438,309,0.45269281
62,0.2619169045288634,310,0.482656686
62,0.26314077703432887,311,0.501484657
62,0.2651387678837038,312,0.523123605
62,0.2612469753498985,313,0.498023715
62,0.26415067431941985,314,0.583825938
62,0.23819467361410168,315,0.408829946
62,0.2617159628392186,316,0.5
62,0.2614664463144162,317,0.499011858
62,0.269259136837125,318,0.532691774
62,0.2705490025265903,319,0.453143387
62,0.2315710429824443,320,0.416144251
62,0.2644716019203398,321,0.507423285
62,0.35746957834873416,372,0.776555713
62,0.33368944534904244,373,0.748354562
62,0.35463929517911524,374,0.770197785
62,0.39967975362648045,375,0.989123104
62,0.40401427575474214,376,0.990110758
62,0.41774168937732936,377,0.98368881
62,0.41992849491751627,378,0.993573166
62,0.41202075368844737,379,0.994561797
62,0.41398937189378104,380,0.990609227
62,0.41299928851233353,381,0.991103787
62,0.412046449167662,382,0.987643823
62,0.2748769123755509,383,0.530180368
62,0.2918049783818287,384,0.638228498
62,0.350339634179497,385,0.779058812
62,0.3433476164627446,386,0.757265925
62,0.2854982757705332,387,0.612048103
62,0.4036615553076647,388,0.961426287
62,0.2931497632774178,389,0.619292037
62,0.40579647843616745,390,0.982206597
62,0.29063338486453677,391,0.593271934
62,0.4130961478567955,392,0.978741746
62,0.2934867424791136,393,0.588912281
62,0.4104760184720404,394,0.970833187
62,0.4144757408692669,395,0.974299504
62,0.30389333144741226,396,0.663410489
62,0.26167864184500333,422,0.500000489
62,0.270724175869525,423,0.541116884
62,0.2909199052893363,424,0.529794298
62,0.18449507105168755,425,0.289276946
62,0.2404626005317642,426,0.45803474
62,0.2642033190130668,427,0.507572337
62,0.26674456248141504,428,0.508493528
62,0.3029230699631498,429,0.591739385
62,0.27449569639838417,430,0.510080322
62,0.25367810652476774,431,0.477822998
62,0.219589674678265,432,0.341513607
62,0.2617159628392186,433,0.5
62,0.261431918409916,434,0.52204261
62,0.25855144004389563,435,0.508373309
62,0.27890528971297734,436,0.531008707
62,0.2716755492886759,437,0.517140017
62,0.24954719310704926,438,0.509563771
62,0.2617159628392186,439,0.5
62,0.2086381057861419,440,0.267443986
62,0.2617159628392186,441,0.5
62,0.2620086254758724,442,0.499505929
62,0.2726487506853684,443,0.535058037
62,0.38958458673481233,444,0.890209181
62,0.398615978685833,445,0.935217059
62,0.2664360905347248,446,0.523027332
62,0.27875128665466037,1022,0.471251999
62,0.2753782081181486,1023,0.456793454
62,0.2641304494328782,1024,0.431548911
62,0.233214461642668,1025,0.380242725
62,0.2481906333814686,1026,0.424718902
62,0.2683326759801293,1027,0.430957589
62,0.21398029013343303,1028,0.313869569
62,0.23480462756718273,1029,0.364215956
62,0.33874023087294314,1030,0.677789376
62,0.28015518909800224,1031,0.514132585
62,0.2822328758055052,1032,0.472456144
62,0.2617159628392186,1033,0.5
62,0.2647270916728433,1034,0.416105156
62,0.28039112541538913,1035,0.481277098
62,0.2835528510564305,1036,0.491303664
62,0.25406905492188353,1037,0.412260099
62,0.28152063164839464,1038,0.466420755
62,0.26369365291215335,1039,0.411248011
62,0.27160415389594467,1040,0.489130435
62,0.2707677682882192,1041,0.449894051
62,0.2814159912243817,1042,0.49604792
62,0.25596204684750795,1043,0.419267504
62,0.2867702587095652,1044,0.475809573
62,0.28474792861080955,1045,0.467902969
62,0.26143110731837205,1046,0.43008429
62,0.2617808398184254,1347,0.500000489
62,0.2627064023882698,1348,0.50495244
62,0.2985084917511448,1349,0.547329181
62,0.24942004351946295,1350,0.508339589
62,0.2389586101068391,1351,0.421618129
62,0.26279040674332,1352,0.502552945
62,0.23981859274627496,1353,0.421514037
62,0.2894248803058205,1354,0.551037403
62,0.2511563324318547,1355,0.453226954
62,0.2656318323678997,1356,0.491271898
62,0.2662195198453603,1357,0.530844505
62,0.2617159628392186,1358,0.5
62,0.26177858886566974,1359,0.5
62,0.2609010970390517,1360,0.524672769
62,0.2629438433734522,1361,0.494841819
62,0.2744832492459365,1362,0.531464659
62,0.24469154620591463,1363,0.466929976
62,0.25887580593029924,1364,0.498537823
62,0.18555937007970735,1365,0.24855004
62,0.2752145164473428,1366,0.497556523
62,0.26670244737797044,1367,0.511872368
62,0.2662208736473724,1368,0.508925046
62,0.39541006953087476,1369,0.912957957
62,0.4048012184829983,1370,0.948570663
62,0.2767199374692585,1371,0.549058186
62,0.2766958174671091,1472,0.497373262
62,0.25902360350937076,1473,0.473691567
62,0.2823884946999983,1474,0.515183769
62,0.24428698198200202,1475,0.492573783
62,0.266368678570652,1476,0.494043291
62,0.3167120821360586,1477,0.61695314
62,0.2833256330386588,1478,0.556600224
62,0.25061922833760397,1479,0.477622145
62,0.3268087671013815,1480,0.617451121
62,0.29885760390689875,1481,0.57158656
62,0.2649648033204746,1482,0.519264865
62,0.2617159628392186,1483,0.5
62,0.2617159628392186,1484,0.5
62,0.25802800965217615,1485,0.515837155
62,0.2568655553027295,1486,0.47027754
62,0.26270161018088084,1487,0.500993518
62,0.26032798093116577,1488,0.496543945
62,0.2617159628392186,1489,0.5
62,0.2617159628392186,1490,0.5
62,0.2617159628392186,1491,0.5
62,0.26166829684298176,1492,0.5
62,0.25475076367329763,1493,0.487828061
62,0.32330659034125475,1494,0.579175023
62,0.2936740105492862,1495,0.495720982
62,0.2617159628392186,1496,0.5
62,0.26420664537918814,1622,0.50791589
62,0.2645252450119452,1623,0.503469738
62,0.2962868459495597,1624,0.556477561
62,0.25350864066198303,1625,0.47487421
62,0.2780375974423864,1626,0.537498094
62,0.33381552103196604,1627,0.708297659
62,0.1922708082093914,1628,0.31086116
62,0.2616172079310778,1629,0.545936888
62,0.2766405434791934,1630,0.529465406
62,0.24167019050020172,1631,0.473212645
62,0.3098193712673717,1632,0.58290377
62,0.2617159628392186,1633,0.5
62,0.2608216888408878,1634,0.529616902
62,0.2663235628130616,1635,0.541280597
62,0.2646242270634828,1636,0.507437945
62,0.258965895361613,1637,0.507576735
62,0.26698488799743536,1638,0.543389807
62,0.2742534596355244,1639,0.470634776
62,0.23277334778585185,1640,0.397238089
62,0.2617159628392186,1641,0.5
62,0.2625480797038411,1642,0.503461919
62,0.2617417612267086,1643,0.5
62,0.380222771851534,1644,0.864491092
62,0.4038432531825412,1645,0.945107767
62,0.27384470854335335,1646,0.525958039
62,0.24961632055842853,1797,0.442801613
62,0.25476458133871405,1798,0.522479993
62,0.266277091246777,1799,0.483794369
62,0.28228309898306236,1800,0.450146218
62,0.3091793121344323,1801,0.613291833
62,0.3053563854585982,1802,0.61782595
62,0.33990801613231664,1803,0.630765629
62,0.28282726861868157,1804,0.547195279
62,0.28453117785227133,1805,0.511466262
62,0.23782280412977844,1806,0.359789841
62,0.2664246152804316,1807,0.45953699
62,0.27388244773063797,1808,0.519818068
62,0.2625176853684976,1809,0.468717135
62,0.27159184651545804,1810,0.503522028
62,0.26623043721774775,1811,0.520163576
62,0.27766325244613155,1812,0.510226442
62,0.2802625897252057,1813,0.502984952
62,0.25114849522943555,1814,0.50664186
62,0.293531773252289,1815,0.531723668
62,0.2613358905238797,1816,0.522365638
62,0.3066667672725186,1817,0.625679775
62,0.2618151970102881,1818,0.5
62,0.2961951453842594,1819,0.522808396
62,0.27647037326198387,1820,0.5574745
62,0.2806238134869789,1821,0.556467298
67,0.15375759234756967,222,0.857895496
67,0.15246786477807922,223,0.898710159
67,0.15191073619829526,224,0.927647247
67,0.16018844238315139,225,0.977966102
67,0.16007037577728553,226,0.988165692
67,0.15683120972804274,227,0.984936386
67,0.1598829239858341,228,0.980225989
67,0.15969250604072296,229,0.987075879
67,0.16011105453178526,230,0.989325733
67,0.1596994815696721,231,0.979136176
67,0.16023016926823508,232,0.991050747
67,0.14381778088890135,233,0.773046092
67,0.15224461404193895,234,0.880333214
67,0.15593398116320842,235,0.940290449
67,0.15459776409750114,236,0.923167604
67,0.14888965013194833,237,0.877906532
67,0.16014456133728286,238,0.984966484
67,0.15228614366704663,239,0.931544988
67,0.159767358333012,240,0.982696564
67,0.152394949570592,241,0.92454147
67,0.15853516941280174,242,0.940621532
67,0.15250050463121193,243,0.915378393
67,0.15928018097391433,244,0.972881356
67,0.15968785040961936,245,0.976501941
67,0.15358937988542673,246,0.924561536
67,0.14080033478647241,347,0.649946387
67,0.12730118236674484,348,0.5
67,0.12241491342549823,349,0.456815089
67,0.13838807123967428,350,0.628641121
67,0.13281266289134086,351,0.521036889
67,0.14029491234482339,352,0.504255159
67,0.11469630478018242,353,0.368149012
67,0.11977049087176957,354,0.392928134
67,0.12874325342647713,355,0.495503427
67,0.1321205071616227,356,0.571332543
67,0.11049557587291092,357,0.414691774
67,0.12731060929923083,358,0.5
67,0.12731060929923083,359,0.5
67,0.13353691943485763,360,0.477585483
67,0.1259952101985577,361,0.48237238
67,0.12661862353796294,362,0.473618766
67,0.10927441626821026,363,0.246617381
67,0.127438013527799,364,0.501109878
67,0.12734040343940825,365,0.5
67,0.12731060929923083,366,0.5
67,0.1375074701461858,367,0.595829493
67,0.1272634746368007,368,0.5
67,0.12897282448700254,369,0.500554939
67,0.1299298878651415,370,0.504994451
67,0.1274453723685181,371,0.512690231
67,0.12040320506314828,522,0.328732043
67,0.1276829199255069,523,0.502219756
67,0.13277436782912985,524,0.606727616
67,0.1271441648067056,525,0.496690432
67,0.12906450224799654,526,0.551623118
67,0.14018992743933295,527,0.488340011
67,0.12743884104933328,528,0.513733015
67,0.1274799970849343,529,0.577846335
67,0.12654799706816572,530,0.316433091
67,0.12468468258912009,531,0.427639095
67,0.11919879547007044,532,0.438169767
67,0.12731060929923083,533,0.5
67,0.12731060929923083,534,0.5
67,0.12803282834122606,535,0.515488127
67,0.13083281538423722,536,0.510998451
67,0.12709537895234035,537,0.497225305
67,0.12731060929923083,538,0.5
67,0.1367216352570395,539,0.712240637
67,0.12777635079680966,540,0.504429479
67,0.12731060929923083,541,0.5
67,0.12735774396166102,542,0.5
67,0.12731060929923083,543,0.5
67,0.14496470904907546,544,0.605911197
67,0.13297365402763822,545,0.505460976
67,0.1273200362317169,546,0.5
67,0.14570109825950853,622,0.502817961
67,0.1419722630473858,623,0.535231413
67,0.13891742745864333,624,0.526455226
67,0.1450557517739456,625,0.586067583
67,0.14068326000183579,626,0.505767603
67,0.13956192254518687,627,0.440403318
67,0.14423668075962076,628,0.554632956
67,0.14299574667854822,629,0.537425459
67,0.14284379663621244,630,0.514903717
67,0.13815058031583477,631,0.421921029
67,0.14224241472412685,632,0.508732294
67,0.12731060929923083,633,0.5
67,0.1273625077156268,634,0.47411539
67,0.13002171425898693,635,0.332355763
67,0.13680491328718097,636,0.478739881
67,0.12978819202258443,637,0.360719101
67,0.13152122258709475,638,0.393365815
67,0.12151303618596523,639,0.358715677
67,0.13519697699453256,640,0.477165359
67,0.11892664704818726,641,0.302227907
67,0.13347061320925507,642,0.467988487
67,0.13056528246415128,643,0.522687284
67,0.14300545415080626,644,0.564672022
67,0.13259745007341875,645,0.387518576
67,0.12383173605017758,646,0.334101469
67,0.1287653581443665,647,0.418021407
67,0.13659441801649846,648,0.561986995
67,0.1268483466856951,649,0.410148172
67,0.14508721417573373,650,0.61360008
67,0.14069286728411318,651,0.526067082
67,0.13500559938401593,652,0.518575092
67,0.1387515120663511,653,0.567941459
67,0.13325647397976614,654,0.5203672
67,0.13714982787077318,655,0.510722549
67,0.12735169774268157,656,0.405093524
67,0.14044762555570306,657,0.591198731
67,0.1274468708295604,658,0.502774695
67,0.12442093263687407,659,0.43057118
67,0.12362244935941757,660,0.37065094
67,0.14029051751125446,661,0.551624372
67,0.13363805535842205,662,0.491925481
67,0.13462923696971205,663,0.517853358
67,0.13291668013175598,664,0.603685798
67,0.13469199983241714,665,0.496150542
67,0.12896714902593395,666,0.538614973
67,0.12986667234211416,667,0.447376111
67,0.12606902270151576,668,0.481225506
67,0.13335474084663373,669,0.493007769
67,0.14123821141447374,670,0.515035397
67,0.1314168618645457,671,0.517739862
67,0.12686372057794362,1747,0.490758542
67,0.1274705737201897,1748,0.499989967
67,0.12020899394616169,1749,0.362420913
67,0.14292720400425635,1750,0.732163886
67,0.1338368729837737,1751,0.502271174
67,0.1234139523956372,1752,0.482395581
67,0.12853162073285124,1753,0.506926391
67,0.13457566746348487,1754,0.53419051
67,0.12273611727191307,1755,0.346199765
67,0.11642170305484764,1756,0.289729553
67,0.11801146397732261,1757,0.37061269
67,0.12731060929923083,1758,0.5
67,0.1266519382300629,1759,0.487999523
67,0.12731060929923083,1760,0.5
67,0.12731060929923083,1761,0.5
67,0.12742548574524032,1762,0.496760661
67,0.1272634746368007,1763,0.5
67,0.12731060929923083,1764,0.5
67,0.1272634746368007,1765,0.5
67,0.12730118236674484,1766,0.5
67,0.1272634746368007,1767,0.5
67,0.12731060929923083,1768,0.5
67,0.13426749654866685,1769,0.57740113
67,0.12764654383569493,1770,0.5
67,0.12706385927734956,1771,0.497780244
