groundtruth_balanced_accuracy,balanced_accuracy,dataset,model
0.672733762,0.6401070219915138,1,97
0.748037116,0.6660459464238815,1,98
0.755531763,0.6918299343830826,1,99
0.995360457,0.8756398601318414,1,100
0.994289793,0.8519681631957055,1,101
0.98965025,0.8561984400327891,1,102
0.996074233,0.8854315482591382,1,103
0.998572448,0.8831221438556562,1,104
0.996788009,0.8848412821477825,1,105
0.995003569,0.8813893964723254,1,106
0.995003569,0.8816588800294172,1,107
0.564239829,0.5403024507542262,1,108
0.584939329,0.5387565367967879,1,109
0.756245539,0.667526280501939,1,110
0.727337616,0.6730448230486706,1,111
0.593147752,0.5474799732599623,1,112
0.992862241,0.8450302006417485,1,113
0.559957173,0.5417110272765031,1,114
0.987508922,0.8486963721782437,1,115
0.575660243,0.5256184784123523,1,116
0.982869379,0.8575789755207589,1,117
0.578158458,0.5841440272420482,1,118
0.975374732,0.8633313636700275,1,119
0.980728051,0.8548134243134915,1,120
0.584582441,0.5644881147758826,1,121
0.499286224,0.5098394069889921,1,247
0.5,0.5098698833784252,1,248
0.499643112,0.5098214966487082,1,249
0.41184868,0.451268434367819,1,250
0.514989293,0.5467113218039695,1,251
0.44468237,0.4570311775785719,1,252
0.447537473,0.48191711391811864,1,253
0.553890079,0.5476874274649709,1,254
0.546395432,0.5278912677935086,1,255
0.526766595,0.5372796353924161,1,256
0.44111349,0.47096741687250887,1,257
0.5,0.5098698833784252,1,258
0.5,0.5098698833784252,1,259
0.5,0.5098698833784252,1,260
0.5,0.5098698833784252,1,261
0.500713776,0.5100700392569272,1,262
0.5,0.5098698833784252,1,263
0.5,0.5098698833784252,1,264
0.499643112,0.5098847304547712,1,265
0.504282655,0.5123395952312567,1,266
0.500713776,0.5105101464834504,1,267
0.493219129,0.5024809271914038,1,268
0.151677373,0.24629492304977935,1,269
0.066738044,0.18163846981686155,1,270
0.5,0.5098698833784252,1,271
0.506067095,0.5175509993618478,1,297
0.502855103,0.5253741191340667,1,298
0.502141328,0.5227942643093907,1,299
0.504639543,0.4973292337453614,1,300
0.517844397,0.5633857697918512,1,301
0.520342612,0.5199440232524989,1,302
0.461099215,0.4377234569995584,1,303
0.575303355,0.5741894468074304,1,304
0.620985011,0.5624433991261009,1,305
0.387937188,0.4723219852563414,1,306
0.428265525,0.40934615198626617,1,307
0.5,0.5098698833784252,1,308
0.454675232,0.4800916693195223,1,309
0.480014276,0.5014958855296954,1,310
0.501427552,0.5118992950432654,1,311
0.509279086,0.5101085948111809,1,312
0.5,0.508737896881815,1,313
0.57958601,0.5250232003071976,1,314
0.413276231,0.4369930732752355,1,315
0.5,0.5098698833784252,1,316
0.5,0.5092266873731025,1,317
0.529978587,0.5326009145353947,1,318
0.453961456,0.5188839959046674,1,319
0.429693076,0.4464584306002685,1,320
0.510706638,0.5164977371034732,1,321
0.799428979,0.7405199367696226,1,372
0.762312634,0.6818791061841598,1,373
0.807280514,0.7364456089701183,1,374
0.996074233,0.8475378626417456,1,375
0.996788009,0.8486780453352032,1,376
0.990720914,0.8825608078988085,1,377
0.99821556,0.8929227962329624,1,378
0.998929336,0.8810990013106527,1,379
0.996431121,0.8876453167579047,1,380
0.994646681,0.8810181408310827,1,381
0.997144897,0.8811647100315008,1,382
0.536759458,0.5389556122061777,1,383
0.658815132,0.586011824500777,1,384
0.813704497,0.727271899342457,1,385
0.76302641,0.7056729695193101,1,386
0.625624554,0.5714106746206863,1,387
0.974304069,0.8555610621215572,1,388
0.630264097,0.5825635076416794,1,389
0.992148465,0.8456076828150465,1,390
0.606709493,0.5809154870154675,1,391
0.991791577,0.8503967323336422,1,392
0.606352605,0.5771825990799031,1,393
0.990007138,0.8368695519178584,1,394
0.989293362,0.8495805849817701,1,395
0.706995004,0.6147501664368032,1,396
0.5,0.5097652816326084,1,422
0.518915061,0.5416453646678195,1,423
0.563169165,0.5833328586158656,1,424
0.284796574,0.3497567624850241,1,425
0.459314775,0.4664385196897065,1,426
0.518558173,0.5171747487126998,1,427
0.507137759,0.5107117947581264,1,428
0.574232691,0.5715923583403042,1,429
0.513204854,0.5458757063533544,1,430
0.476445396,0.4889576401039999,1,431
0.349036403,0.41390041387601034,1,432
0.5,0.5098698833784252,1,433
0.526052819,0.5153063919954075,1,434
0.517130621,0.5009768760067185,1,435
0.528194147,0.544542586238654,1,436
0.502141328,0.5461383657183296,1,437
0.525695931,0.4718357822895601,1,438
0.5,0.5098698833784252,1,439
0.267309065,0.3705027824448457,1,440
0.5,0.5098698833784252,1,441
0.5,0.5095206071800319,1,442
0.528551035,0.5391163363899361,1,443
0.895788722,0.8088213984448109,1,444
0.937901499,0.8406578174467865,1,445
0.520342612,0.5289914447541062,1,446
0.481798715,0.5435862515371249,1,1022
0.48786581,0.5309908984081724,1,1023
0.452177016,0.5101591854281786,1,1024
0.394361171,0.47011456206338986,1,1025
0.414346895,0.4924556454118281,1,1026
0.431120628,0.5105556550600898,1,1027
0.307637402,0.40870509412101963,1,1028
0.374018558,0.4702622006260077,1,1029
0.653818701,0.6856128172683843,1,1030
0.501070664,0.5642344534777087,1,1031
0.459671663,0.5433364011932444,1,1032
0.5,0.5098698833784252,1,1033
0.444325482,0.5050321477476906,1,1034
0.483940043,0.5506767108579701,1,1035
0.513204854,0.5599380679630986,1,1036
0.427551749,0.5020506313668429,1,1037
0.461099215,0.5473988424049316,1,1038
0.41862955,0.5038196273249625,1,1039
0.488579586,0.5519951067016434,1,1040
0.467880086,0.5229253622125518,1,1041
0.496431121,0.5596713579703155,1,1042
0.438972163,0.4949175905640242,1,1043
0.484296931,0.5515055308827909,1,1044
0.46538187,0.5386820456298187,1,1045
0.44111349,0.508517462885647,1,1046
0.500356888,0.5100214802777463,1,1347
0.500713776,0.5127637132982898,1,1348
0.578515346,0.5833421084321477,1,1349
0.488222698,0.4822486250495055,1,1350
0.417915774,0.4513988645025011,1,1351
0.503568879,0.510497005554067,1,1352
0.429693076,0.4536832649717587,1,1353
0.56923626,0.5722449234491466,1,1354
0.45503212,0.4873012071612669,1,1355
0.502498216,0.514052419219401,1,1356
0.526766595,0.5080379564197897,1,1357
0.5,0.5098698833784252,1,1358
0.500713776,0.5100347838056857,1,1359
0.529978587,0.5065584044489062,1,1360
0.500713776,0.5090641815447732,1,1361
0.517130621,0.554064859406967,1,1362
0.462883655,0.4752744664302442,1,1363
0.496431121,0.5106810775022413,1,1364
0.248037116,0.33373396428167434,1,1365
0.498572448,0.5372213319249425,1,1366
0.513204854,0.5209942008005333,1,1367
0.505353319,0.5134723366481816,1,1368
0.913276231,0.8241757283476152,1,1369
0.947180585,0.8502654257364333,1,1370
0.551034975,0.5515259864926534,1,1371
0.518201285,0.5408851296893682,1,1472
0.481441827,0.5021688676578402,1,1473
0.519628837,0.5230437988947548,1,1474
0.490720914,0.5133442027851374,1,1475
0.493576017,0.5004597330713392,1,1476
0.631334761,0.6182393533520095,1,1477
0.575303355,0.5680083164305716,1,1478
0.476802284,0.48826658619347557,1,1479
0.618843683,0.654674695483598,1,1480
0.589578872,0.5609899699259481,1,1481
0.516773733,0.5247232580655502,1,1482
0.5,0.5098698833784252,1,1483
0.5,0.5098698833784252,1,1484
0.505710207,0.49455428563738135,1,1485
0.47751606,0.49072951284414773,1,1486
0.503211991,0.5126970631696407,1,1487
0.495003569,0.5064197473790659,1,1488
0.5,0.5098698833784252,1,1489
0.5,0.5098698833784252,1,1490
0.5,0.5098698833784252,1,1491
0.5,0.5097477091078497,1,1492
0.480728051,0.48787111572428243,1,1493
0.592790864,0.6264037996593913,1,1494
0.514989293,0.5528365579956471,1,1495
0.5,0.5098698833784252,1,1496
0.508208423,0.5160713338877655,1,1622
0.507851535,0.5134898326083369,1,1623
0.568522484,0.590793281941707,1,1624
0.481084939,0.479549995103002,1,1625
0.538900785,0.5569940505277787,1,1626
0.736259814,0.6809264531910348,1,1627
0.311206281,0.34553547643025195,1,1628
0.537830121,0.5164181629381963,1,1629
0.521770164,0.5388811642748174,1,1630
0.505710207,0.4513314392033125,1,1631
0.568879372,0.5940926879029605,1,1632
0.5,0.5098698833784252,1,1633
0.530692363,0.5254595975331584,1,1634
0.562098501,0.5210242114849152,1,1635
0.51391863,0.5166006025912606,1,1636
0.5,0.5170257916671156,1,1637
0.535331906,0.521382745556638,1,1638
0.480371163,0.5336231921034401,1,1639
0.398286938,0.43487139649105416,1,1640
0.5,0.5098698833784252,1,1641
0.501427552,0.5119406687530524,1,1642
0.5,0.5099380103462519,1,1643
0.86509636,0.7884475792862736,1,1644
0.947894361,0.8476854936067445,1,1645
0.539614561,0.5359670530746313,1,1646
0.433261956,0.4792093407735167,1,1797
0.496074233,0.496070531670048,1,1798
0.457530335,0.507916815633039,1,1799
0.463954318,0.5301607627208088,1,1800
0.61598858,0.6001125139971155,1,1801
0.626695218,0.6246996330180958,1,1802
0.628479657,0.6642481586294359,1,1803
0.560670949,0.548200888659705,1,1804
0.512491078,0.5576816707370058,1,1805
0.369735903,0.43796127348044744,1,1806
0.457530335,0.5180798559779822,1,1807
0.523911492,0.5379636515666736,1,1808
0.473947181,0.5164414693589343,1,1809
0.496431121,0.5338401273964039,1,1810
0.496788009,0.5201400260592925,1,1811
0.521770164,0.5573143671220712,1,1812
0.496788009,0.5495234620762823,1,1813
0.492862241,0.5041917168814174,1,1814
0.548536759,0.5806015281013137,1,1815
0.526052819,0.5086767172820108,1,1816
0.634189864,0.6223066729943026,1,1817
0.5,0.5098715468438209,1,1818
0.521770164,0.5747080254286141,1,1819
0.533904354,0.5592170477417967,1,1820
0.526766595,0.5558470380345324,1,1821
0.557985758,0.029551708145693356,10,322
0.679043744,0.029551708145693356,10,323
0.689725331,0.029551708145693356,10,324
0.498982706,0.029551708145693356,10,325
0.523397762,0.029551708145693356,10,326
0.920651068,0.029551708145693356,10,327
0.322990844,0.029551708145693356,10,328
0.309257375,0.029551708145693356,10,329
0.476093591,0.029551708145693356,10,330
0.553407935,0.029551708145693356,10,331
0.486266531,0.029551708145693356,10,332
0.486775178,0.029551708145693356,10,333
0.500508647,0.029551708145693356,10,334
0.517802645,0.029551708145693356,10,335
0.54069176,0.029551708145693356,10,336
0.501017294,0.029551708145693356,10,337
0.500508647,0.029551708145693356,10,338
0.5,0.029551708145693356,10,339
0.508138352,0.029551708145693356,10,340
0.5,0.029551708145693356,10,341
0.534587996,0.029551708145693356,10,342
0.503051882,0.029551708145693356,10,343
0.845879959,0.029551708145693356,10,344
0.856561546,0.029551708145693356,10,345
0.566632757,0.029551708145693356,10,346
0.623092574,0.029551708145693356,10,722
0.682095626,0.029551708145693356,10,723
0.695320448,0.029551708145693356,10,724
0.746185148,0.029551708145693356,10,725
0.684638861,0.029551708145693356,10,726
0.757884028,0.029551708145693356,10,727
0.707527976,0.029551708145693356,10,728
0.789928789,0.029551708145693356,10,729
0.81180061,0.029551708145693356,10,730
0.739572737,0.029551708145693356,10,731
0.871312309,0.029551708145693356,10,732
0.538148525,0.029551708145693356,10,733
0.630722279,0.029551708145693356,10,734
0.589013225,0.029551708145693356,10,735
0.606307223,0.029551708145693356,10,736
0.589013225,0.029551708145693356,10,737
0.723296033,0.029551708145693356,10,738
0.671922686,0.029551708145693356,10,739
0.833672431,0.029551708145693356,10,740
0.519837233,0.029551708145693356,10,741
0.756358087,0.029551708145693356,10,742
0.630722279,0.029551708145693356,10,743
0.681078332,0.029551708145693356,10,744
0.745676501,0.029551708145693356,10,745
0.626653103,0.029551708145693356,10,746
0.490844354,0.029551708145693356,10,1222
0.631230926,0.029551708145693356,10,1223
0.567141404,0.029551708145693356,10,1224
0.510681587,0.029551708145693356,10,1225
0.506612411,0.029551708145693356,10,1226
0.950661241,0.029551708145693356,10,1227
0.424720244,0.029551708145693356,10,1228
0.550356053,0.029551708145693356,10,1229
0.568667345,0.029551708145693356,10,1230
0.733468973,0.029551708145693356,10,1231
0.686673449,0.029551708145693356,10,1232
0.5,0.029551708145693356,10,1233
0.498982706,0.029551708145693356,10,1234
0.477110885,0.029551708145693356,10,1235
0.496439471,0.029551708145693356,10,1236
0.508646999,0.029551708145693356,10,1237
0.5,0.029551708145693356,10,1238
0.5,0.029551708145693356,10,1239
0.5,0.029551708145693356,10,1240
0.5,0.029551708145693356,10,1241
0.501525941,0.029551708145693356,10,1242
0.5,0.029551708145693356,10,1243
0.837741607,0.029551708145693356,10,1244
0.856052899,0.029551708145693356,10,1245
0.587995931,0.029551708145693356,10,1246
0.408794788,-0.01972479239543823,15,172
0.457654723,-0.01972479239543823,15,173
0.382736156,-0.01972479239543823,15,174
0.5,-0.01972479239543823,15,175
0.5,-0.01972479239543823,15,176
0.5,-0.01972479239543823,15,177
0.5,-0.01972479239543823,15,178
0.5,-0.01972479239543823,15,179
0.5,-0.01972479239543823,15,180
0.503257329,-0.01972479239543823,15,181
0.5,-0.01972479239543823,15,182
0.368078176,-0.01972479239543823,15,183
0.350162866,-0.01972479239543823,15,184
0.530944625,-0.01972479239543823,15,185
0.501628664,-0.01972479239543823,15,186
0.364820847,-0.01972479239543823,15,187
0.741042345,-0.01972479239543823,15,188
0.519543974,-0.01972479239543823,15,189
0.664495114,-0.01972479239543823,15,190
0.294788274,-0.01972479239543823,15,191
0.747557003,-0.01972479239543823,15,192
0.40228013,-0.01972479239543823,15,193
0.374592834,-0.01972479239543823,15,194
0.30781759,-0.01972479239543823,15,195
0.496742671,-0.01972479239543823,15,196
0.5,-0.01972479239543823,15,397
0.687296417,-0.01972479239543823,15,398
0.5,-0.01972479239543823,15,399
0.5,-0.01972479239543823,15,400
0.5,-0.01972479239543823,15,401
0.5,-0.01972479239543823,15,402
0.5,-0.01972479239543823,15,403
0.5,-0.01972479239543823,15,404
0.5,-0.01972479239543823,15,405
0.5,-0.01972479239543823,15,406
0.5,-0.01972479239543823,15,407
0.408794788,-0.01972479239543823,15,408
0.5,-0.01972479239543823,15,409
0.5,-0.01972479239543823,15,410
0.5,-0.01972479239543823,15,411
0.638436482,-0.01972479239543823,15,412
0.591205212,-0.01972479239543823,15,413
0.557003257,-0.01972479239543823,15,414
0.5,-0.01972479239543823,15,415
0.470684039,-0.01972479239543823,15,416
0.5,-0.01972479239543823,15,417
0.618892508,-0.01972479239543823,15,418
0.5,-0.01972479239543823,15,419
0.48534202,-0.01972479239543823,15,420
0.473941368,-0.01972479239543823,15,421
0.931596091,-0.01972479239543823,15,447
0.95276873,-0.01972479239543823,15,448
0.964169381,-0.01972479239543823,15,449
0.5,-0.01972479239543823,15,450
0.5,-0.01972479239543823,15,451
0.5,-0.01972479239543823,15,452
0.5,-0.01972479239543823,15,453
0.5,-0.01972479239543823,15,454
0.688925081,-0.01972479239543823,15,455
0.5,-0.01972479239543823,15,456
0.5,-0.01972479239543823,15,457
0.938110749,-0.01972479239543823,15,458
0.956026059,-0.01972479239543823,15,459
0.949511401,-0.01972479239543823,15,460
0.947882736,-0.01972479239543823,15,461
0.942996743,-0.01972479239543823,15,462
0.7752443,-0.01972479239543823,15,463
0.929967427,-0.01972479239543823,15,464
0.776872964,-0.01972479239543823,15,465
0.970684039,-0.01972479239543823,15,466
0.794788274,-0.01972479239543823,15,467
0.938110749,-0.01972479239543823,15,468
0.928338762,-0.01972479239543823,15,469
0.908794788,-0.01972479239543823,15,470
0.95276873,-0.01972479239543823,15,471
0.519543974,-0.01972479239543823,15,747
0.498371336,-0.01972479239543823,15,748
0.513029316,-0.01972479239543823,15,749
0.5,-0.01972479239543823,15,750
0.5,-0.01972479239543823,15,751
0.5,-0.01972479239543823,15,752
0.5,-0.01972479239543823,15,753
0.5,-0.01972479239543823,15,754
0.535830619,-0.01972479239543823,15,755
0.465798046,-0.01972479239543823,15,756
0.5,-0.01972479239543823,15,757
0.589576547,-0.01972479239543823,15,758
0.543973941,-0.01972479239543823,15,759
0.553745928,-0.01972479239543823,15,760
0.589576547,-0.01972479239543823,15,761
0.615635179,-0.01972479239543823,15,762
0.664495114,-0.01972479239543823,15,763
0.529315961,-0.01972479239543823,15,764
0.625407166,-0.01972479239543823,15,765
0.558631922,-0.01972479239543823,15,766
0.600977199,-0.01972479239543823,15,767
0.615635179,-0.01972479239543823,15,768
0.465798046,-0.01972479239543823,15,769
0.504885993,-0.01972479239543823,15,770
0.53257329,-0.01972479239543823,15,771
0.728013029,-0.01972479239543823,15,922
0.63029316,-0.01972479239543823,15,923
0.672638436,-0.01972479239543823,15,924
0.5,-0.01972479239543823,15,925
0.5,-0.01972479239543823,15,926
0.498371336,-0.01972479239543823,15,927
0.486970684,-0.01972479239543823,15,928
0.5,-0.01972479239543823,15,929
0.486970684,-0.01972479239543823,15,930
0.40228013,-0.01972479239543823,15,931
0.5,-0.01972479239543823,15,932
0.503257329,-0.01972479239543823,15,933
0.509771987,-0.01972479239543823,15,934
0.700325733,-0.01972479239543823,15,935
0.762214984,-0.01972479239543823,15,936
0.527687296,-0.01972479239543823,15,937
0.231270358,-0.01972479239543823,15,938
0.524429967,-0.01972479239543823,15,939
0.288273616,-0.01972479239543823,15,940
0.667752443,-0.01972479239543823,15,941
0.276872964,-0.01972479239543823,15,942
0.693811075,-0.01972479239543823,15,943
0.622149837,-0.01972479239543823,15,944
0.672638436,-0.01972479239543823,15,945
0.522801303,-0.01972479239543823,15,946
0.53257329,-0.01972479239543823,15,1272
0.509771987,-0.01972479239543823,15,1273
0.314332248,-0.01972479239543823,15,1274
0.5,-0.01972479239543823,15,1275
0.5,-0.01972479239543823,15,1276
0.5,-0.01972479239543823,15,1277
0.5,-0.01972479239543823,15,1278
0.5,-0.01972479239543823,15,1279
0.5,-0.01972479239543823,15,1280
0.5,-0.01972479239543823,15,1281
0.5,-0.01972479239543823,15,1282
0.5,-0.01972479239543823,15,1283
0.578175896,-0.01972479239543823,15,1284
0.407166124,-0.01972479239543823,15,1285
0.498371336,-0.01972479239543823,15,1286
0.5,-0.01972479239543823,15,1287
0.5,-0.01972479239543823,15,1288
0.5,-0.01972479239543823,15,1289
0.5,-0.01972479239543823,15,1290
0.469055375,-0.01972479239543823,15,1291
0.486970684,-0.01972479239543823,15,1292
0.5,-0.01972479239543823,15,1293
0.5,-0.01972479239543823,15,1294
0.5,-0.01972479239543823,15,1295
0.5,-0.01972479239543823,15,1296
0.333333333,0.32459993535725407,17,472
0.333333333,0.3135666416979662,17,473
0.333333333,0.3136871989053332,17,474
0.333333333,0.32921230024642884,17,475
0.364453665,0.33780393497468264,17,476
0.333333333,0.38583983101236946,17,477
0.350276625,0.3252349492808744,17,478
0.415629322,0.36698103021507855,17,479
0.335408022,0.3223109270879931,17,480
0.286652835,0.29683119308188277,17,481
0.335408022,0.3007147477329888,17,482
0.336099585,0.31568582606860107,17,483
0.381396957,0.29129479625438814,17,484
0.333333333,0.3135666416979662,17,485
0.328838174,0.3211686871450176,17,486
0.346818811,0.3122902519164511,17,487
0.333333333,0.3135666416979662,17,488
0.333333333,0.31299456460958186,17,489
0.38208852,0.3347216064601757,17,490
0.333333333,0.3135666416979662,17,491
0.333333333,0.28277208126508235,17,492
0.333333333,0.3135666416979662,17,493
0.553250346,0.6305069641839173,17,494
0.336099585,0.3404296082989071,17,495
0.333333333,0.3134410939668309,17,496
0.333333333,0.3135666416979662,17,497
0.333333333,0.3135666416979662,17,498
0.333333333,0.3135666416979662,17,499
0.333333333,0.3137125891157521,17,500
0.333333333,0.3080796646080035,17,501
0.334370678,0.31403088079297337,17,502
0.333333333,0.31725902555978563,17,503
0.333333333,0.3142880729901473,17,504
0.333333333,0.31543368424536733,17,505
0.333333333,0.3135695560636929,17,506
0.333333333,0.3140605271169046,17,507
0.333333333,0.3135666416979662,17,508
0.333333333,0.3135666416979662,17,509
0.333333333,0.3135666416979662,17,510
0.333333333,0.3135666416979662,17,511
0.333333333,0.3135666416979662,17,512
0.333333333,0.3135666416979662,17,513
0.333333333,0.3135666416979662,17,514
0.333333333,0.3135666416979662,17,515
0.333333333,0.3135666416979662,17,516
0.333333333,0.3135666416979662,17,517
0.333333333,0.3135666416979662,17,518
0.333333333,0.3135666416979662,17,519
0.333333333,0.3135666416979662,17,520
0.333333333,0.3135666416979662,17,521
0.333333333,0.3721255314457399,17,597
0.352697095,0.3478836577501042,17,598
0.371715076,0.3951312709218656,17,599
0.677385892,0.7369931623197858,17,600
0.502074689,0.5950254071097154,17,601
0.699515906,0.7518229709034892,17,602
0.39626556,0.5661885628028107,17,603
0.382434302,0.4919102854966808,17,604
0.333333333,0.563906995208443,17,605
0.333333333,0.5586014636331854,17,606
0.352005533,0.5560378423666262,17,607
0.30428769,0.3110200694922227,17,608
0.31120332,0.356225253673907,17,609
0.384163209,0.4107217804413904,17,610
0.338520055,0.4051802089897343,17,611
0.298063624,0.3676420285458288,17,612
0.491701245,0.6345931611003259,17,613
0.321922545,0.336217493994552,17,614
0.421161826,0.5340877552473274,17,615
0.389004149,0.35713685716761623,17,616
0.335062241,0.5636925955816969,17,617
0.326071923,0.3494392919589852,17,618
0.64626556,0.6565338673500409,17,619
0.522475795,0.6133946226355332,17,620
0.25242047,0.33925160525844444,17,621
0.93153527,0.5819373563306696,17,1372
0.782157676,0.5154371490075156,17,1373
0.934301521,0.5837030306994211,17,1374
0.970954357,0.7191383240314946,17,1375
0.978907331,0.6839832040880045,17,1376
0.995504841,0.612659386893484,17,1377
0.977178423,0.7270583489760323,17,1378
0.968188105,0.7344122497673042,17,1379
0.973720609,0.6590323567636303,17,1380
0.978907331,0.7071883438117201,17,1381
0.97406639,0.7371091689802443,17,1382
0.425311203,0.3479073177699875,17,1383
0.925311203,0.5752919498730964,17,1384
0.98824343,0.620434915956181,17,1385
0.991355463,0.603994215706555,17,1386
0.926694329,0.547053588506169,17,1387
0.967150761,0.619140604758226,17,1388
0.482019364,0.3806286543536733,17,1389
0.976141079,0.6239976191214379,17,1390
0.344052559,0.32595497299984716,17,1391
0.971991701,0.6399107657105048,17,1392
0.645919779,0.4273397104918737,17,1393
0.980636238,0.6465814127461336,17,1394
0.983056708,0.6638356009206772,17,1395
0.883471646,0.5708766704283386,17,1396
0.892595575,0.001659928809497141,32,122
0.864970241,0.001659928809497141,32,123
0.911541295,0.001659928809497141,32,124
0.2,0.001659928809497141,32,125
0.2,0.001659928809497141,32,126
0.2,0.001659928809497141,32,127
0.208291765,0.001659928809497141,32,128
0.2,0.001659928809497141,32,129
0.252362144,0.001659928809497141,32,130
0.229504234,0.001659928809497141,32,131
0.20104712,0.001659928809497141,32,132
0.854767854,0.001659928809497141,32,133
0.848400542,0.001659928809497141,32,134
0.88732791,0.001659928809497141,32,135
0.90388069,0.001659928809497141,32,136
0.873604317,0.001659928809497141,32,137
0.412865199,0.001659928809497141,32,138
0.881458987,0.001659928809497141,32,139
0.379180971,0.001659928809497141,32,140
0.884183164,0.001659928809497141,32,141
0.330249726,0.001659928809497141,32,142
0.898462597,0.001659928809497141,32,143
0.770258367,0.001659928809497141,32,144
0.738534281,0.001659928809497141,32,145
0.878776262,0.001659928809497141,32,146
0.183658713,0.001659928809497141,32,272
0.18115996,0.001659928809497141,32,273
0.18976886,0.001659928809497141,32,274
0.200609756,0.001659928809497141,32,275
0.2,0.001659928809497141,32,276
0.2,0.001659928809497141,32,277
0.2,0.001659928809497141,32,278
0.2,0.001659928809497141,32,279
0.2,0.001659928809497141,32,280
0.199991996,0.001659928809497141,32,281
0.2,0.001659928809497141,32,282
0.132291447,0.001659928809497141,32,283
0.170972914,0.001659928809497141,32,284
0.145098579,0.001659928809497141,32,285
0.176705677,0.001659928809497141,32,286
0.196493196,0.001659928809497141,32,287
0.202079068,0.001659928809497141,32,288
0.127619189,0.001659928809497141,32,289
0.202216606,0.001659928809497141,32,290
0.124007148,0.001659928809497141,32,291
0.201287544,0.001659928809497141,32,292
0.20333063,0.001659928809497141,32,293
0.199597498,0.001659928809497141,32,294
0.196833902,0.001659928809497141,32,295
0.181890784,0.001659928809497141,32,296
0.853900474,0.001659928809497141,32,772
0.894472147,0.001659928809497141,32,773
0.879860107,0.001659928809497141,32,774
0.2,0.001659928809497141,32,775
0.2,0.001659928809497141,32,776
0.2,0.001659928809497141,32,777
0.202432641,0.001659928809497141,32,778
0.2,0.001659928809497141,32,779
0.2,0.001659928809497141,32,780
0.227119713,0.001659928809497141,32,781
0.2,0.001659928809497141,32,782
0.842209507,0.001659928809497141,32,783
0.840659918,0.001659928809497141,32,784
0.85524705,0.001659928809497141,32,785
0.867161508,0.001659928809497141,32,786
0.835792028,0.001659928809497141,32,787
0.32105343,0.001659928809497141,32,788
0.861593845,0.001659928809497141,32,789
0.355550619,0.001659928809497141,32,790
0.836228999,0.001659928809497141,32,791
0.280476455,0.001659928809497141,32,792
0.873608508,0.001659928809497141,32,793
0.689401976,0.001659928809497141,32,794
0.678070346,0.001659928809497141,32,795
0.852066461,0.001659928809497141,32,796
0.88841991,0.001659928809497141,32,872
0.900705039,0.001659928809497141,32,873
0.911984229,0.001659928809497141,32,874
0.2,0.001659928809497141,32,875
0.2,0.001659928809497141,32,876
0.2,0.001659928809497141,32,877
0.214385917,0.001659928809497141,32,878
0.2,0.001659928809497141,32,879
0.2,0.001659928809497141,32,880
0.2592602,0.001659928809497141,32,881
0.2,0.001659928809497141,32,882
0.889212393,0.001659928809497141,32,883
0.862720077,0.001659928809497141,32,884
0.923342441,0.001659928809497141,32,885
0.902065822,0.001659928809497141,32,886
0.849965626,0.001659928809497141,32,887
0.378219362,0.001659928809497141,32,888
0.926168092,0.001659928809497141,32,889
0.359788392,0.001659928809497141,32,890
0.892886681,0.001659928809497141,32,891
0.390309695,0.001659928809497141,32,892
0.905209009,0.001659928809497141,32,893
0.753996183,0.001659928809497141,32,894
0.738446402,0.001659928809497141,32,895
0.903441531,0.001659928809497141,32,896
0.422439024,-0.00749891516506479,35,572
0.686829268,-0.00749891516506479,35,573
0.518292683,-0.00749891516506479,35,574
0.475609756,-0.00749891516506479,35,575
0.41195122,-0.00749891516506479,35,576
0.987804878,-0.00749891516506479,35,577
0.648536585,-0.00749891516506479,35,578
0.365365854,-0.00749891516506479,35,579
0.584878049,-0.00749891516506479,35,580
0.450487805,-0.00749891516506479,35,581
0.684878049,-0.00749891516506479,35,582
0.5,-0.00749891516506479,35,583
0.5,-0.00749891516506479,35,584
0.550243902,-0.00749891516506479,35,585
0.550243902,-0.00749891516506479,35,586
0.510731707,-0.00749891516506479,35,587
0.388780488,-0.00749891516506479,35,588
0.5,-0.00749891516506479,35,589
0.469512195,-0.00749891516506479,35,590
0.5,-0.00749891516506479,35,591
0.520731707,-0.00749891516506479,35,592
0.565121951,-0.00749891516506479,35,593
0.713902439,-0.00749891516506479,35,594
0.747804878,-0.00749891516506479,35,595
0.512195122,-0.00749891516506479,35,596
0.442926829,-0.00749891516506479,35,947
0.603658537,-0.00749891516506479,35,948
0.518292683,-0.00749891516506479,35,949
0.650731707,-0.00749891516506479,35,950
0.639756098,-0.00749891516506479,35,951
0.66,-0.00749891516506479,35,952
0.472682927,-0.00749891516506479,35,953
0.598536585,-0.00749891516506479,35,954
0.479756098,-0.00749891516506479,35,955
0.720731707,-0.00749891516506479,35,956
0.489512195,-0.00749891516506479,35,957
0.52,-0.00749891516506479,35,958
0.559756098,-0.00749891516506479,35,959
0.557317073,-0.00749891516506479,35,960
0.543658537,-0.00749891516506479,35,961
0.399756098,-0.00749891516506479,35,962
0.547560976,-0.00749891516506479,35,963
0.5,-0.00749891516506479,35,964
0.493902439,-0.00749891516506479,35,965
0.5,-0.00749891516506479,35,966
0.5,-0.00749891516506479,35,967
0.52,-0.00749891516506479,35,968
0.5,-0.00749891516506479,35,969
0.5,-0.00749891516506479,35,970
0.506097561,-0.00749891516506479,35,971
0.754390244,-0.00749891516506479,35,1572
0.795365854,-0.00749891516506479,35,1573
0.85804878,-0.00749891516506479,35,1574
0.975609756,-0.00749891516506479,35,1575
0.981707317,-0.00749891516506479,35,1576
0.969512195,-0.00749891516506479,35,1577
0.981707317,-0.00749891516506479,35,1578
0.981707317,-0.00749891516506479,35,1579
0.955609756,-0.00749891516506479,35,1580
0.961707317,-0.00749891516506479,35,1581
0.937317073,-0.00749891516506479,35,1582
0.5,-0.00749891516506479,35,1583
0.665853659,-0.00749891516506479,35,1584
0.737317073,-0.00749891516506479,35,1585
0.696097561,-0.00749891516506479,35,1586
0.546829268,-0.00749891516506479,35,1587
0.955609756,-0.00749891516506479,35,1588
0.506097561,-0.00749891516506479,35,1589
0.963414634,-0.00749891516506479,35,1590
0.594146341,-0.00749891516506479,35,1591
0.847804878,-0.00749891516506479,35,1592
0.583414634,-0.00749891516506479,35,1593
0.935609756,-0.00749891516506479,35,1594
0.955609756,-0.00749891516506479,35,1595
0.622439024,-0.00749891516506479,35,1596
0.18621695,-0.001402928132156811,47,147
0.198287566,-0.001402928132156811,47,148
0.196665605,-0.001402928132156811,47,149
0.12695989,-0.001402928132156811,47,150
0.075954505,-0.001402928132156811,47,151
0.157023719,-0.001402928132156811,47,152
0.156904588,-0.001402928132156811,47,153
0.188011978,-0.001402928132156811,47,154
0.106116985,-0.001402928132156811,47,155
0.134447803,-0.001402928132156811,47,156
0.307924978,-0.001402928132156811,47,157
0.164898774,-0.001402928132156811,47,158
0.162498732,-0.001402928132156811,47,159
0.140288682,-0.001402928132156811,47,160
0.182632621,-0.001402928132156811,47,161
0.17658516,-0.001402928132156811,47,162
0.156510569,-0.001402928132156811,47,163
0.170712322,-0.001402928132156811,47,164
0.166136858,-0.001402928132156811,47,165
0.145882511,-0.001402928132156811,47,166
0.149152606,-0.001402928132156811,47,167
0.119875776,-0.001402928132156811,47,168
0.177856075,-0.001402928132156811,47,169
0.15092421,-0.001402928132156811,47,170
0.145331413,-0.001402928132156811,47,171
0.188530174,-0.001402928132156811,47,897
0.153341014,-0.001402928132156811,47,898
0.175579612,-0.001402928132156811,47,899
0.228318426,-0.001402928132156811,47,900
0.090711528,-0.001402928132156811,47,901
0.188587833,-0.001402928132156811,47,902
0.201507684,-0.001402928132156811,47,903
0.201555966,-0.001402928132156811,47,904
0.131294489,-0.001402928132156811,47,905
0.110465678,-0.001402928132156811,47,906
0.29677177,-0.001402928132156811,47,907
0.171011949,-0.001402928132156811,47,908
0.134697737,-0.001402928132156811,47,909
0.160107473,-0.001402928132156811,47,910
0.161100672,-0.001402928132156811,47,911
0.225286966,-0.001402928132156811,47,912
0.211812872,-0.001402928132156811,47,913
0.179796392,-0.001402928132156811,47,914
0.175772489,-0.001402928132156811,47,915
0.152687513,-0.001402928132156811,47,916
0.107152564,-0.001402928132156811,47,917
0.100684791,-0.001402928132156811,47,918
0.058521406,-0.001402928132156811,47,919
0.19685389,-0.001402928132156811,47,920
0.13924485,-0.001402928132156811,47,921
0.23299862,-0.001402928132156811,47,1147
0.212355737,-0.001402928132156811,47,1148
0.19865736,-0.001402928132156811,47,1149
0.220780689,-0.001402928132156811,47,1150
0.253430098,-0.001402928132156811,47,1151
0.206106474,-0.001402928132156811,47,1152
0.143974683,-0.001402928132156811,47,1153
0.143840185,-0.001402928132156811,47,1154
0.221431273,-0.001402928132156811,47,1155
0.106078393,-0.001402928132156811,47,1156
0.17603806,-0.001402928132156811,47,1157
0.166835816,-0.001402928132156811,47,1158
0.166999023,-0.001402928132156811,47,1159
0.233902742,-0.001402928132156811,47,1160
0.167029955,-0.001402928132156811,47,1161
0.189277651,-0.001402928132156811,47,1162
0.222433438,-0.001402928132156811,47,1163
0.164520483,-0.001402928132156811,47,1164
0.322511751,-0.001402928132156811,47,1165
0.166666667,-0.001402928132156811,47,1166
0.204252736,-0.001402928132156811,47,1167
0.105150037,-0.001402928132156811,47,1168
0.266362973,-0.001402928132156811,47,1169
0.265057801,-0.001402928132156811,47,1170
0.166871609,-0.001402928132156811,47,1171
0.759410782,-0.001402928132156811,47,1247
0.79214292,-0.001402928132156811,47,1248
0.787609232,-0.001402928132156811,47,1249
0.921266906,-0.001402928132156811,47,1250
0.927829745,-0.001402928132156811,47,1251
0.89705022,-0.001402928132156811,47,1252
0.924765213,-0.001402928132156811,47,1253
0.924779574,-0.001402928132156811,47,1254
0.923340641,-0.001402928132156811,47,1255
0.915783203,-0.001402928132156811,47,1256
0.920739182,-0.001402928132156811,47,1257
0.238325662,-0.001402928132156811,47,1258
0.539139716,-0.001402928132156811,47,1259
0.791529764,-0.001402928132156811,47,1260
0.782598203,-0.001402928132156811,47,1261
0.572262967,-0.001402928132156811,47,1262
0.918888928,-0.001402928132156811,47,1263
0.583280782,-0.001402928132156811,47,1264
0.91811476,-0.001402928132156811,47,1265
0.535491168,-0.001402928132156811,47,1266
0.903237577,-0.001402928132156811,47,1267
0.667283508,-0.001402928132156811,47,1268
0.886396029,-0.001402928132156811,47,1269
0.8867093,-0.001402928132156811,47,1270
0.628559431,-0.001402928132156811,47,1271
0.742058117,-0.001402928132156811,47,1447
0.798913128,-0.001402928132156811,47,1448
0.782316019,-0.001402928132156811,47,1449
0.9238678,-0.001402928132156811,47,1450
0.93104723,-0.001402928132156811,47,1451
0.907210613,-0.001402928132156811,47,1452
0.924842827,-0.001402928132156811,47,1453
0.927948794,-0.001402928132156811,47,1454
0.925213791,-0.001402928132156811,47,1455
0.915233212,-0.001402928132156811,47,1456
0.921393157,-0.001402928132156811,47,1457
0.193764257,-0.001402928132156811,47,1458
0.546358364,-0.001402928132156811,47,1459
0.80043098,-0.001402928132156811,47,1460
0.783090104,-0.001402928132156811,47,1461
0.562785202,-0.001402928132156811,47,1462
0.913451183,-0.001402928132156811,47,1463
0.494752478,-0.001402928132156811,47,1464
0.922084452,-0.001402928132156811,47,1465
0.538597022,-0.001402928132156811,47,1466
0.914742197,-0.001402928132156811,47,1467
0.661409052,-0.001402928132156811,47,1468
0.878385308,-0.001402928132156811,47,1469
0.88841296,-0.001402928132156811,47,1470
0.621504698,-0.001402928132156811,47,1471
0.179751431,-0.001402928132156811,47,1847
0.203638113,-0.001402928132156811,47,1848
0.200825776,-0.001402928132156811,47,1849
0.182889735,-0.001402928132156811,47,1850
0.111151128,-0.001402928132156811,47,1851
0.23414392,-0.001402928132156811,47,1852
0.146028599,-0.001402928132156811,47,1853
0.229190341,-0.001402928132156811,47,1854
0.104168937,-0.001402928132156811,47,1855
0.132109006,-0.001402928132156811,47,1856
0.148952512,-0.001402928132156811,47,1857
0.166666667,-0.001402928132156811,47,1858
0.087596489,-0.001402928132156811,47,1859
0.121767661,-0.001402928132156811,47,1860
0.155439019,-0.001402928132156811,47,1861
0.112824533,-0.001402928132156811,47,1862
0.276429339,-0.001402928132156811,47,1863
0.166666667,-0.001402928132156811,47,1864
0.153466626,-0.001402928132156811,47,1865
0.166666667,-0.001402928132156811,47,1866
0.168525807,-0.001402928132156811,47,1867
0.166666667,-0.001402928132156811,47,1868
0.246260048,-0.001402928132156811,47,1869
0.205462948,-0.001402928132156811,47,1870
0.170965342,-0.001402928132156811,47,1871
0.925197796,0.9161989120605869,61,1172
0.944824257,0.9308169337742662,61,1173
0.836034753,0.8300091375256936,61,1174
0.924543982,0.9168504598204036,61,1175
0.934627646,0.9257896833460697,61,1176
0.907266816,0.9000734698163089,61,1177
0.953578191,0.9449861279575693,61,1178
0.940325324,0.9327046506399754,61,1179
0.952548794,0.9441212988391157,61,1180
0.951516146,0.9416976717480561,61,1181
0.942875086,0.9351005701858061,61,1182
0.863819508,0.8560627806635751,61,1183
0.884860705,0.878393810668512,61,1184
0.913300826,0.9073094762897991,61,1185
0.89231359,0.8866618633516624,61,1186
0.77379723,0.7668157604052592,61,1187
0.956758039,0.9459343362669566,61,1188
0.563533693,0.5595881643452744,61,1189
0.958491957,0.9491831490640101,61,1190
0.800519843,0.7856439514401063,61,1191
0.941236893,0.9334412092038693,61,1192
0.928353103,0.9178471919286992,61,1193
0.925925233,0.9171295896547793,61,1194
0.953332706,0.9448803760110362,61,1195
0.904231923,0.8965668200276022,61,1196
0.498980344,0.49721471151068486,61,1522
0.5,0.4983147691895895,61,1523
0.499882959,0.49820144914762365,61,1524
0.538727994,0.5299112623877201,61,1525
0.68445545,0.6758532571479374,61,1526
0.558548917,0.5708383787436901,61,1527
0.524760831,0.5251715973909926,61,1528
0.561426666,0.5543075209400085,61,1529
0.529773122,0.528639216828042,61,1530
0.571353727,0.5655919883641102,61,1531
0.39317377,0.39548017253880785,61,1532
0.5,0.4983147691895895,61,1533
0.5,0.4983147691895895,61,1534
0.5,0.4983147691895895,61,1535
0.5,0.4983147691895895,61,1536
0.5,0.4983147691895895,61,1537
0.5,0.4983147691895895,61,1538
0.499531835,0.4976352032151964,61,1539
0.489264742,0.4892630232234072,61,1540
0.5,0.4983147691895895,61,1541
0.501521536,0.49978792972954117,61,1542
0.5,0.4983147691895895,61,1543
0.498515285,0.5003513050076169,61,1544
0.499684144,0.4982352053204291,61,1545
0.5,0.4983147691895895,61,1546
0.5,0.4983147691895895,61,1597
0.558913902,0.5536342726584094,61,1598
0.5207606,0.5185542070850634,61,1599
0.511631823,0.5095380189467624,61,1600
0.505020136,0.5046467249822109,61,1601
0.919724389,0.9119313642024682,61,1602
0.497969962,0.4864584450886765,61,1603
0.364440945,0.3676985459506825,61,1604
0.504150331,0.5018409690681609,61,1605
0.606829763,0.6038013734626833,61,1606
0.484565857,0.48471311907103015,61,1607
0.5,0.4983147691895895,61,1608
0.496021531,0.49446233814244944,61,1609
0.507896399,0.5063004388886626,61,1610
0.435985538,0.43234702073926046,61,1611
0.5,0.4983147691895895,61,1612
0.504488215,0.5024816765295729,61,1613
0.5,0.4983147691895895,61,1614
0.518886679,0.5179608328201247,61,1615
0.5,0.4983147691895895,61,1616
0.5,0.4983147691895895,61,1617
0.5,0.4983147691895895,61,1618
0.647286011,0.6496066841951902,61,1619
0.505031594,0.5036395338389824,61,1620
0.50276908,0.5011823335757886,61,1621
0.653832546,0.6408903368559379,62,97
0.714315455,0.6682520240508193,62,98
0.700506875,0.6925280872365432,62,99
0.989127503,0.880800369030071,62,100
0.989618642,0.8581131810684812,62,101
0.974299015,0.8614834472071478,62,102
0.989123104,0.8901326393631834,62,103
0.990113201,0.8880998247141186,62,104
0.990112224,0.8895639380653713,62,105
0.98961913,0.8862813650604275,62,106
0.989620108,0.886559169911769,62,107
0.562178194,0.5411395600736556,62,108
0.562688392,0.5398302256366662,62,109
0.713722667,0.6700146366374229,62,110
0.709408952,0.6746468530848152,62,111
0.558911265,0.5482687124106103,62,112
0.979735264,0.8510351914968735,62,113
0.561373313,0.5425483034913855,62,114
0.980231778,0.8541885181023032,62,115
0.589196213,0.5282042544924391,62,116
0.974786733,0.8627539460448631,62,117
0.581171833,0.5841751358464815,62,118
0.967867294,0.8679391943490189,62,119
0.964419547,0.8595098305989486,62,120
0.576523362,0.564934286679532,62,121
0.5,0.5093802814177931,62,247
0.5,0.5094103573807834,62,248
0.5,0.5093629526766488,62,249
0.399006189,0.44889175556516525,62,250
0.516346864,0.5451666139927156,62,251
0.455462736,0.45673016602877603,62,252
0.454634397,0.480431079972979,62,253
0.542747661,0.5473427710155407,62,254
0.54536658,0.5283884702695536,62,255
0.540466919,0.5370660573717579,62,256
0.440949457,0.46954316405981456,62,257
0.5,0.5094103573807834,62,258
0.5,0.5094103573807834,62,259
0.5,0.5094103573807834,62,260
0.5,0.5094103573807834,62,261
0.499504463,0.5096093054192214,62,262
0.5,0.5094103573807834,62,263
0.5,0.5094103573807834,62,264
0.500494071,0.5094256505746027,62,265
0.505921035,0.5120239825439094,62,266
0.500494071,0.510046885561928,62,267
0.491083262,0.5019586718151584,62,268
0.156278467,0.24207931445554165,62,269
0.065260885,0.176506560540106,62,270
0.5,0.5094103573807834,62,271
0.507950098,0.5169597783938094,62,297
0.517404401,0.5250656020237542,62,298
0.507949121,0.5219030427838887,62,299
0.503950614,0.4976599436504263,62,300
0.52166436,0.5617537042077582,62,301
0.511227779,0.519891871671083,62,302
0.468561241,0.4388588936582559,62,303
0.598648561,0.5749175408566691,62,304
0.624875383,0.565104093963603,62,305
0.397935946,0.46894038327478677,62,306
0.426201604,0.4102215074041225,62,307
0.5,0.5094103573807834,62,308
0.45269281,0.47888247742092216,62,309
0.482656686,0.5006571494762369,62,310
0.501484657,0.5114289019330558,62,311
0.523123605,0.5102545498483475,62,312
0.498023715,0.5082612535346802,62,313
0.583825938,0.5277145012180348,62,314
0.408829946,0.4353447464436677,62,315
0.5,0.5094103573807834,62,316
0.499011858,0.5087738633006073,62,317
0.532691774,0.5324718485666273,62,318
0.453143387,0.5158303516809328,62,319
0.416144251,0.4453509572581689,62,320
0.507423285,0.5161249645565075,62,321
0.776555713,0.742369062543751,62,372
0.748354562,0.6847763548463265,62,373
0.770197785,0.7381581112164187,62,374
0.989123104,0.8537407772567023,62,375
0.990110758,0.8549066117799805,62,376
0.98368881,0.8869735010637059,62,377
0.993573166,0.897543820439306,62,378
0.994561797,0.8862924661711769,62,379
0.990609227,0.8923045749541865,62,380
0.991103787,0.8860185395282612,62,381
0.987643823,0.886096039216208,62,382
0.530180368,0.5386447232974035,62,383
0.638228498,0.5884432711111918,62,384
0.779058812,0.7300899391976212,62,385
0.757265925,0.7079593723009543,62,386
0.612048103,0.573340662860108,62,387
0.961426287,0.8604771793480985,62,388
0.619292037,0.5844977624962894,62,389
0.982206597,0.8516506971978781,62,390
0.593271934,0.5817295423999075,62,391
0.978741746,0.8559816042450314,62,392
0.588912281,0.5777928571754989,62,393
0.970833187,0.8425535602528598,62,394
0.974299504,0.8548768239971491,62,395
0.663410489,0.6171318560699854,62,396
0.500000489,0.5093131269767517,62,422
0.541116884,0.5413116306392672,62,423
0.529794298,0.5814034150441831,62,424
0.289276946,0.34717028008492945,62,425
0.45803474,0.4662436740391192,62,426
0.507572337,0.5168597295996449,62,427
0.508493528,0.5104327655705142,62,428
0.591739385,0.5717105522332137,62,429
0.510080322,0.5444898743649123,62,430
0.477822998,0.48838549721974617,62,431
0.341513607,0.410737100195386,62,432
0.5,0.5094103573807834,62,433
0.52204261,0.5159335781386863,62,434
0.508373309,0.5014349345398963,62,435
0.531008707,0.5441095681433902,62,436
0.517140017,0.545150831722736,62,437
0.509563771,0.4737590705629782,62,438
0.5,0.5094103573807834,62,439
0.267443986,0.3659073898146874,62,440
0.5,0.5094103573807834,62,441
0.499505929,0.5090664476053504,62,442
0.535058037,0.5389113319848685,62,443
0.890209181,0.8124114118806388,62,444
0.935217059,0.844867998317917,62,445
0.523027332,0.5285820811534656,62,446
0.471251999,0.5407475179327145,62,1022
0.456793454,0.5279896932131636,62,1023
0.431548911,0.50699654638089,62,1024
0.380242725,0.46653317436046243,62,1025
0.424718902,0.4897020317948,62,1026
0.430957589,0.50714702125586,62,1027
0.313869569,0.4048102521389991,62,1028
0.364215956,0.46620118477148054,62,1029
0.677789376,0.6849687735620044,62,1030
0.514132585,0.5618324331955463,62,1031
0.472456144,0.5403186165246787,62,1032
0.5,0.5094103573807834,62,1033
0.416105156,0.5015764170617626,62,1034
0.481277098,0.547606653354119,62,1035
0.491303664,0.5570956568910137,62,1036
0.412260099,0.49840641053479257,62,1037
0.466420755,0.5438097776211499,62,1038
0.411248011,0.4999218614063042,62,1039
0.489130435,0.5495291454382615,62,1040
0.449894051,0.5199799520318124,62,1041
0.49604792,0.5569980660663747,62,1042
0.419267504,0.49179293002816993,62,1043
0.475809573,0.5482766350991394,62,1044
0.467902969,0.5353397335131896,62,1045
0.43008429,0.5050477068162759,62,1046
0.500000489,0.5095646833857957,62,1347
0.50495244,0.5123407426226323,62,1348
0.547329181,0.5822934630728668,62,1349
0.508339589,0.483014355232104,62,1350
0.421618129,0.4498182548510858,62,1351
0.502552945,0.5101333562573932,62,1352
0.421514037,0.452338529216907,62,1353
0.551037403,0.5716689805404944,62,1354
0.453226954,0.485771302130726,62,1355
0.491271898,0.5131837391181445,62,1356
0.530844505,0.5087490444484369,62,1357
0.5,0.5094103573807834,62,1358
0.5,0.5095731839939114,62,1359
0.524672769,0.507438409281591,62,1360
0.494841819,0.5088344810745652,62,1361
0.531464659,0.5533048735726901,62,1362
0.466929976,0.4747787907206634,62,1363
0.498537823,0.510061378101252,62,1364
0.24855004,0.3298158576439784,62,1365
0.497556523,0.5354999983051829,62,1366
0.511872368,0.5206549752455667,62,1367
0.508925046,0.5132150889785709,62,1368
0.912957957,0.828011257060131,62,1369
0.948570663,0.8545340169263764,62,1370
0.549058186,0.5514102914992116,62,1371
0.497373262,0.5392641990824256,62,1472
0.473691567,0.5009842854421518,62,1473
0.515183769,0.5225495536335205,62,1474
0.492573783,0.5129260958047722,62,1475
0.494043291,0.4998641793544673,62,1476
0.61695314,0.6183957343535744,62,1477
0.556600224,0.5678441084770988,62,1478
0.477622145,0.48737272550484223,62,1479
0.617451121,0.6531216921227252,62,1480
0.57158656,0.5612212418051278,62,1481
0.519264865,0.5243674023484878,62,1482
0.5,0.5094103573807834,62,1483
0.5,0.5094103573807834,62,1484
0.515837155,0.4952300529439201,62,1485
0.47027754,0.4898977318177835,62,1486
0.500993518,0.5121816628686503,62,1487
0.496543945,0.5059370862736123,62,1488
0.5,0.5094103573807834,62,1489
0.5,0.5094103573807834,62,1490
0.5,0.5094103573807834,62,1491
0.5,0.5092936429393031,62,1492
0.487828061,0.4877171737643921,62,1493
0.579175023,0.6241534633554927,62,1494
0.495720982,0.5501889302973769,62,1495
0.5,0.5094103573807834,62,1496
0.50791589,0.5157170496161394,62,1622
0.503469738,0.5130658699568229,62,1623
0.556477561,0.5894920649719902,62,1624
0.47487421,0.4792962036318862,62,1625
0.537498094,0.5562972700823221,62,1626
0.708297659,0.6825721377974179,62,1627
0.31086116,0.3436928201445969,62,1628
0.545936888,0.5175400567915931,62,1629
0.529465406,0.5383334718294851,62,1630
0.473212645,0.4527720239860999,62,1631
0.58290377,0.593110325937489,62,1632
0.5,0.5094103573807834,62,1633
0.529616902,0.5258100264955076,62,1634
0.541280597,0.5220964886905071,62,1635
0.507437945,0.5162628821352875,62,1636
0.507576735,0.5165172631903586,62,1637
0.543389807,0.5218752473939973,62,1638
0.470634776,0.530706743633312,62,1639
0.397238089,0.4331402498244556,62,1640
0.5,0.5094103573807834,62,1641
0.503461919,0.511506812262255,62,1642
0.5,0.5094783745856419,62,1643
0.864491092,0.791823103227171,62,1644
0.945107767,0.8519049328742352,62,1645
0.525958039,0.5356586817862881,62,1646
0.442801613,0.47758743938261,62,1797
0.522479993,0.4967871229349519,62,1798
0.483794369,0.5064286259236266,62,1799
0.450146218,0.5264551057966976,62,1800
0.613291833,0.6003267343722682,62,1801
0.61782595,0.6243415125498483,62,1802
0.630765629,0.6621368189797656,62,1803
0.547195279,0.5480614633630498,62,1804
0.511466262,0.5552433005429376,62,1805
0.359789841,0.4341547893561275,62,1806
0.45953699,0.5152364855729772,62,1807
0.519818068,0.5372099765278511,62,1808
0.468717135,0.5144224897089076,62,1809
0.503522028,0.5324731341407346,62,1810
0.520163576,0.5197765441460745,62,1811
0.510226442,0.5555254784748856,62,1812
0.502984952,0.5471501443980459,62,1813
0.50664186,0.5041628956846198,62,1814
0.531723668,0.578349983716479,62,1815
0.522365638,0.5093002198961255,62,1816
0.625679775,0.6224365769799393,62,1817
0.5,0.5094133424766454,62,1818
0.522808396,0.5721185229077974,62,1819
0.5574745,0.5590873334380289,62,1820
0.556467298,0.5552967889488284,62,1821
0.857895496,0.005771758558435536,67,222
0.898710159,0.005771758558435536,67,223
0.927647247,0.005771758558435536,67,224
0.977966102,0.005771758558435536,67,225
0.988165692,0.005771758558435536,67,226
0.984936386,0.005771758558435536,67,227
0.980225989,0.005771758558435536,67,228
0.987075879,0.005771758558435536,67,229
0.989325733,0.005771758558435536,67,230
0.979136176,0.005771758558435536,67,231
0.991050747,0.005771758558435536,67,232
0.773046092,0.005771758558435536,67,233
0.880333214,0.005771758558435536,67,234
0.940290449,0.005771758558435536,67,235
0.923167604,0.005771758558435536,67,236
0.877906532,0.005771758558435536,67,237
0.984966484,0.005771758558435536,67,238
0.931544988,0.005771758558435536,67,239
0.982696564,0.005771758558435536,67,240
0.92454147,0.005771758558435536,67,241
0.940621532,0.005771758558435536,67,242
0.915378393,0.005771758558435536,67,243
0.972881356,0.005771758558435536,67,244
0.976501941,0.005771758558435536,67,245
0.924561536,0.005771758558435536,67,246
0.649946387,0.005771758558435536,67,347
0.5,0.005771758558435536,67,348
0.456815089,0.005771758558435536,67,349
0.628641121,0.005771758558435536,67,350
0.521036889,0.005771758558435536,67,351
0.504255159,0.005771758558435536,67,352
0.368149012,0.005771758558435536,67,353
0.392928134,0.005771758558435536,67,354
0.495503427,0.005771758558435536,67,355
0.571332543,0.005771758558435536,67,356
0.414691774,0.005771758558435536,67,357
0.5,0.005771758558435536,67,358
0.5,0.005771758558435536,67,359
0.477585483,0.005771758558435536,67,360
0.48237238,0.005771758558435536,67,361
0.473618766,0.005771758558435536,67,362
0.246617381,0.005771758558435536,67,363
0.501109878,0.005771758558435536,67,364
0.5,0.005771758558435536,67,365
0.5,0.005771758558435536,67,366
0.595829493,0.005771758558435536,67,367
0.5,0.005771758558435536,67,368
0.500554939,0.005771758558435536,67,369
0.504994451,0.005771758558435536,67,370
0.512690231,0.005771758558435536,67,371
0.328732043,0.005771758558435536,67,522
0.502219756,0.005771758558435536,67,523
0.606727616,0.005771758558435536,67,524
0.496690432,0.005771758558435536,67,525
0.551623118,0.005771758558435536,67,526
0.488340011,0.005771758558435536,67,527
0.513733015,0.005771758558435536,67,528
0.577846335,0.005771758558435536,67,529
0.316433091,0.005771758558435536,67,530
0.427639095,0.005771758558435536,67,531
0.438169767,0.005771758558435536,67,532
0.5,0.005771758558435536,67,533
0.5,0.005771758558435536,67,534
0.515488127,0.005771758558435536,67,535
0.510998451,0.005771758558435536,67,536
0.497225305,0.005771758558435536,67,537
0.5,0.005771758558435536,67,538
0.712240637,0.005771758558435536,67,539
0.504429479,0.005771758558435536,67,540
0.5,0.005771758558435536,67,541
0.5,0.005771758558435536,67,542
0.5,0.005771758558435536,67,543
0.605911197,0.005771758558435536,67,544
0.505460976,0.005771758558435536,67,545
0.5,0.005771758558435536,67,546
0.502817961,0.005771758558435536,67,622
0.535231413,0.005771758558435536,67,623
0.526455226,0.005771758558435536,67,624
0.586067583,0.005771758558435536,67,625
0.505767603,0.005771758558435536,67,626
0.440403318,0.005771758558435536,67,627
0.554632956,0.005771758558435536,67,628
0.537425459,0.005771758558435536,67,629
0.514903717,0.005771758558435536,67,630
0.421921029,0.005771758558435536,67,631
0.508732294,0.005771758558435536,67,632
0.5,0.005771758558435536,67,633
0.47411539,0.005771758558435536,67,634
0.332355763,0.005771758558435536,67,635
0.478739881,0.005771758558435536,67,636
0.360719101,0.005771758558435536,67,637
0.393365815,0.005771758558435536,67,638
0.358715677,0.005771758558435536,67,639
0.477165359,0.005771758558435536,67,640
0.302227907,0.005771758558435536,67,641
0.467988487,0.005771758558435536,67,642
0.522687284,0.005771758558435536,67,643
0.564672022,0.005771758558435536,67,644
0.387518576,0.005771758558435536,67,645
0.334101469,0.005771758558435536,67,646
0.418021407,0.005771758558435536,67,647
0.561986995,0.005771758558435536,67,648
0.410148172,0.005771758558435536,67,649
0.61360008,0.005771758558435536,67,650
0.526067082,0.005771758558435536,67,651
0.518575092,0.005771758558435536,67,652
0.567941459,0.005771758558435536,67,653
0.5203672,0.005771758558435536,67,654
0.510722549,0.005771758558435536,67,655
0.405093524,0.005771758558435536,67,656
0.591198731,0.005771758558435536,67,657
0.502774695,0.005771758558435536,67,658
0.43057118,0.005771758558435536,67,659
0.37065094,0.005771758558435536,67,660
0.551624372,0.005771758558435536,67,661
0.491925481,0.005771758558435536,67,662
0.517853358,0.005771758558435536,67,663
0.603685798,0.005771758558435536,67,664
0.496150542,0.005771758558435536,67,665
0.538614973,0.005771758558435536,67,666
0.447376111,0.005771758558435536,67,667
0.481225506,0.005771758558435536,67,668
0.493007769,0.005771758558435536,67,669
0.515035397,0.005771758558435536,67,670
0.517739862,0.005771758558435536,67,671
0.490758542,0.005771758558435536,67,1747
0.499989967,0.005771758558435536,67,1748
0.362420913,0.005771758558435536,67,1749
0.732163886,0.005771758558435536,67,1750
0.502271174,0.005771758558435536,67,1751
0.482395581,0.005771758558435536,67,1752
0.506926391,0.005771758558435536,67,1753
0.53419051,0.005771758558435536,67,1754
0.346199765,0.005771758558435536,67,1755
0.289729553,0.005771758558435536,67,1756
0.37061269,0.005771758558435536,67,1757
0.5,0.005771758558435536,67,1758
0.487999523,0.005771758558435536,67,1759
0.5,0.005771758558435536,67,1760
0.5,0.005771758558435536,67,1761
0.496760661,0.005771758558435536,67,1762
0.5,0.005771758558435536,67,1763
0.5,0.005771758558435536,67,1764
0.5,0.005771758558435536,67,1765
0.5,0.005771758558435536,67,1766
0.5,0.005771758558435536,67,1767
0.5,0.005771758558435536,67,1768
0.57740113,0.005771758558435536,67,1769
0.5,0.005771758558435536,67,1770
0.497780244,0.005771758558435536,67,1771
