dataset,model,rate_f,rate
9,311,1,100
9,312,1,100
9,313,0.923076923,92
9,314,0.923076923,92
9,343,0.923076923,92
9,344,0.923076923,92
9,291,0.833333333,83
9,293,0.833333333,83
9,295,0.833333333,83
9,297,0.833333333,83
9,299,0.833333333,83
9,301,0.833333333,83
9,315,0.833333333,83
9,316,0.833333333,83
9,317,0.833333333,83
9,318,0.833333333,83
9,323,0.833333333,83
9,324,0.833333333,83
9,325,0.833333333,83
9,326,0.833333333,83
9,327,0.833333333,83
9,328,0.833333333,83
9,329,0.833333333,83
9,330,0.833333333,83
9,331,0.833333333,83
9,332,0.833333333,83
9,333,0.833333333,83
9,334,0.833333333,83
9,345,0.833333333,83
9,346,0.833333333,83
9,347,0.833333333,83
9,348,0.833333333,83
9,349,0.833333333,83
9,350,0.833333333,83
9,351,0.833333333,83
9,352,0.833333333,83
9,353,0.833333333,83
9,354,0.833333333,83
9,355,0.833333333,83
9,356,0.833333333,83
9,357,0.833333333,83
9,358,0.833333333,83
9,359,0.833333333,83
9,360,0.833333333,83
9,361,0.833333333,83
9,362,0.833333333,83
9,363,0.833333333,83
9,364,0.833333333,83
9,365,0.833333333,83
9,366,0.833333333,83
9,375,0.833333333,83
9,376,0.833333333,83
9,377,0.833333333,83
9,378,0.833333333,83
9,379,0.833333333,83
9,380,0.833333333,83
9,381,0.833333333,83
9,382,0.833333333,83
9,383,0.833333333,83
9,384,0.833333333,83
9,385,0.833333333,83
9,386,0.833333333,83
9,387,0.833333333,83
9,388,0.833333333,83
9,389,0.833333333,83
9,390,0.833333333,83
9,391,0.833333333,83
9,392,0.833333333,83
9,393,0.833333333,83
9,394,0.833333333,83
9,395,0.833333333,83
9,396,0.833333333,83
9,397,0.833333333,83
9,398,0.833333333,83
9,407,0.833333333,83
9,408,0.833333333,83
9,409,0.833333333,83
9,410,0.833333333,83
9,411,0.833333333,83
9,412,0.833333333,83
9,413,0.833333333,83
9,414,0.833333333,83
9,415,0.833333333,83
9,416,0.833333333,83
9,417,0.833333333,83
9,418,0.833333333,83
9,419,0.833333333,83
9,420,0.833333333,83
9,421,0.833333333,83
9,422,0.833333333,83
9,423,0.833333333,83
9,424,0.833333333,83
9,425,0.833333333,83
9,426,0.833333333,83
9,427,0.833333333,83
9,428,0.833333333,83
9,429,0.833333333,83
9,430,0.833333333,83
9,439,0.833333333,83
9,440,0.833333333,83
9,441,0.833333333,83
9,442,0.833333333,83
9,443,0.833333333,83
9,444,0.833333333,83
9,445,0.833333333,83
9,446,0.833333333,83
9,447,0.833333333,83
9,448,0.833333333,83
9,449,0.833333333,83
9,450,0.833333333,83
9,451,0.833333333,83
9,452,0.833333333,83
9,453,0.833333333,83
9,454,0.833333333,83
9,455,0.833333333,83
9,456,0.833333333,83
9,457,0.833333333,83
9,458,0.833333333,83
9,459,0.833333333,83
9,460,0.833333333,83
9,461,0.833333333,83
9,462,0.833333333,83
9,471,0.833333333,83
9,472,0.833333333,83
9,473,0.833333333,83
9,474,0.833333333,83
9,475,0.833333333,83
9,476,0.833333333,83
9,477,0.833333333,83
9,478,0.833333333,83
9,479,0.833333333,83
9,480,0.833333333,83
9,481,0.833333333,83
9,482,0.833333333,83
9,483,0.833333333,83
9,484,0.833333333,83
9,485,0.833333333,83
9,486,0.833333333,83
9,487,0.833333333,83
9,488,0.833333333,83
9,489,0.833333333,83
9,490,0.833333333,83
9,491,0.833333333,83
9,492,0.833333333,83
9,493,0.833333333,83
9,494,0.833333333,83
9,503,0.833333333,83
9,504,0.833333333,83
9,505,0.833333333,83
9,506,0.833333333,83
9,507,0.833333333,83
9,508,0.833333333,83
9,509,0.833333333,83
9,510,0.833333333,83
9,511,0.833333333,83
9,512,0.833333333,83
9,513,0.833333333,83
9,514,0.833333333,83
9,515,0.833333333,83
9,516,0.833333333,83
9,517,0.833333333,83
9,518,0.833333333,83
9,519,0.833333333,83
9,520,0.833333333,83
9,521,0.833333333,83
9,522,0.833333333,83
9,523,0.833333333,83
9,524,0.833333333,83
9,525,0.833333333,83
9,526,0.833333333,83
15,311,1,100
15,312,1,100
15,313,1,100
15,314,1,100
15,320,0.875,88
15,322,0.875,88
15,323,0.875,88
15,324,0.875,88
15,325,0.875,88
15,326,0.875,88
15,327,0.875,88
15,328,0.875,88
15,329,0.875,88
15,330,0.875,88
15,343,0.875,88
15,344,0.875,88
15,345,0.875,88
15,346,0.875,88
15,315,0.8,80
15,316,0.8,80
15,317,0.8,80
15,318,0.8,80
15,331,0.8,80
15,332,0.8,80
15,333,0.8,80
15,334,0.8,80
15,375,0.8,80
15,376,0.8,80
15,377,0.8,80
15,378,0.8,80
15,407,0.8,80
15,408,0.8,80
15,409,0.8,80
15,410,0.8,80
15,439,0.8,80
15,440,0.8,80
15,441,0.8,80
15,442,0.8,80
15,471,0.8,80
15,472,0.8,80
15,473,0.8,80
15,474,0.8,80
15,503,0.8,80
15,504,0.8,80
15,505,0.8,80
15,506,0.8,80
22,311,1,100
22,312,0.888888889,89
22,313,0.888888889,89
22,351,0.846153846,85
22,391,0.8,80
39,311,1,100
39,312,1,100
39,313,1,100
39,314,1,100
39,315,0.857142857,86
39,316,0.857142857,86
39,317,0.857142857,86
39,318,0.857142857,86
39,322,0.857142857,86
39,325,0.857142857,86
39,326,0.857142857,86
39,327,0.857142857,86
39,328,0.857142857,86
39,329,0.857142857,86
39,330,0.857142857,86
39,331,0.857142857,86
39,332,0.857142857,86
39,333,0.857142857,86
39,334,0.857142857,86
39,343,0.857142857,86
39,344,0.857142857,86
39,345,0.857142857,86
39,346,0.857142857,86
39,320,0.8,80
39,323,0.8,80
39,324,0.8,80
39,340,0.8,80
53,315,1,100
53,316,1,100
53,317,1,100
53,318,1,100
53,343,1,100
53,344,1,100
53,345,1,100
53,346,1,100
53,371,1,100
53,372,1,100
53,373,1,100
53,374,1,100
53,399,1,100
53,400,1,100
53,401,1,100
53,402,1,100
53,427,1,100
53,428,1,100
53,429,1,100
53,430,1,100
53,455,1,100
53,456,1,100
53,457,1,100
53,458,1,100
53,483,1,100
53,484,1,100
53,485,1,100
53,486,1,100
53,511,1,100
53,512,1,100
53,513,1,100
53,514,1,100
53,539,0.888888889,89
53,540,0.888888889,89
53,541,0.888888889,89
53,542,0.888888889,89
53,567,0.888888889,89
53,568,0.888888889,89
53,569,0.888888889,89
53,570,0.888888889,89
53,595,0.888888889,89
53,596,0.888888889,89
53,597,0.888888889,89
53,598,0.888888889,89
53,623,0.888888889,89
53,624,0.888888889,89
53,625,0.888888889,89
53,626,0.888888889,89
53,651,0.888888889,89
53,652,0.888888889,89
53,653,0.888888889,89
53,654,0.888888889,89
53,679,0.888888889,89
53,680,0.888888889,89
53,681,0.888888889,89
53,682,0.888888889,89
53,444,0.833333333,83
53,446,0.833333333,83
53,448,0.833333333,83
53,450,0.833333333,83
53,452,0.833333333,83
53,454,0.833333333,83
53,500,0.833333333,83
53,502,0.833333333,83
53,504,0.833333333,83
53,506,0.833333333,83
53,508,0.833333333,83
53,510,0.833333333,83
53,564,0.8,80
53,566,0.8,80
53,612,0.8,80
53,614,0.8,80
53,616,0.8,80
53,618,0.8,80
53,620,0.8,80
53,622,0.8,80
53,668,0.8,80
53,670,0.8,80
53,672,0.8,80
53,674,0.8,80
53,676,0.8,80
53,678,0.8,80
55,315,1,100
55,317,1,100
55,331,1,100
55,333,1,100
55,347,0.941176471,94
55,349,0.941176471,94
55,363,0.941176471,94
55,365,0.941176471,94
55,379,0.875,88
55,381,0.875,88
55,395,0.875,88
55,397,0.875,88
55,411,0.875,88
55,413,0.875,88
55,427,0.875,88
55,429,0.875,88
55,443,0.875,88
55,445,0.875,88
55,459,0.875,88
55,461,0.875,88
55,407,0.823529412,82
55,409,0.823529412,82
55,415,0.823529412,82
55,417,0.823529412,82
55,419,0.823529412,82
55,421,0.823529412,82
55,423,0.823529412,82
55,425,0.823529412,82
55,439,0.823529412,82
55,441,0.823529412,82
55,447,0.823529412,82
55,449,0.823529412,82
55,451,0.823529412,82
55,453,0.823529412,82
55,455,0.823529412,82
55,457,0.823529412,82
55,291,0.8,80
55,316,0.8,80
55,318,0.8,80
55,332,0.8,80
55,334,0.8,80
55,343,0.8,80
55,345,0.8,80
55,348,0.8,80
55,350,0.8,80
55,351,0.8,80
55,353,0.8,80
55,355,0.8,80
55,357,0.8,80
55,359,0.8,80
55,361,0.8,80
55,364,0.8,80
55,366,0.8,80
55,475,0.8,80
55,477,0.8,80
55,491,0.8,80
55,493,0.8,80
55,503,0.8,80
55,505,0.8,80
55,507,0.8,80
55,509,0.8,80
55,511,0.8,80
55,513,0.8,80
55,515,0.8,80
55,517,0.8,80
55,519,0.8,80
55,521,0.8,80
55,523,0.8,80
55,525,0.8,80
69,315,1,100
69,316,1,100
69,317,1,100
69,318,1,100
69,331,1,100
69,332,1,100
69,333,1,100
69,334,1,100
69,347,1,100
69,348,1,100
69,349,1,100
69,350,1,100
69,363,1,100
69,364,1,100
69,365,1,100
69,366,1,100
69,379,1,100
69,380,1,100
69,381,1,100
69,382,1,100
69,395,1,100
69,396,1,100
69,397,1,100
69,398,1,100
69,411,1,100
69,412,1,100
69,413,1,100
69,414,1,100
69,427,1,100
69,428,1,100
69,429,1,100
69,430,1,100
69,443,1,100
69,444,1,100
69,445,1,100
69,446,1,100
69,459,1,100
69,460,1,100
69,461,1,100
69,462,1,100
69,475,1,100
69,476,1,100
69,477,1,100
69,478,1,100
69,491,1,100
69,492,1,100
69,493,1,100
69,494,1,100
69,507,1,100
69,508,1,100
69,509,1,100
69,510,1,100
69,523,1,100
69,524,1,100
69,525,1,100
69,526,1,100
69,291,0.8,80
69,293,0.8,80
69,295,0.8,80
69,297,0.8,80
69,299,0.8,80
69,301,0.8,80
79,315,1,100
79,316,1,100
79,317,1,100
79,318,1,100
79,331,1,100
79,332,1,100
79,333,1,100
79,334,1,100
79,347,1,100
79,348,1,100
79,349,1,100
79,350,1,100
79,363,1,100
79,364,1,100
79,365,1,100
79,366,1,100
79,379,1,100
79,380,1,100
79,381,1,100
79,382,1,100
79,395,1,100
79,396,1,100
79,397,1,100
79,398,1,100
79,411,1,100
79,412,1,100
79,413,1,100
79,414,1,100
79,427,1,100
79,428,1,100
79,429,1,100
79,430,1,100
79,443,1,100
79,444,1,100
79,445,1,100
79,446,1,100
79,459,1,100
79,460,1,100
79,461,1,100
79,462,1,100
79,475,1,100
79,476,1,100
79,477,1,100
79,478,1,100
79,491,1,100
79,492,1,100
79,493,1,100
79,494,1,100
79,507,1,100
79,508,1,100
79,509,1,100
79,510,1,100
79,523,1,100
79,524,1,100
79,525,1,100
79,526,1,100
88,315,1,100
88,316,1,100
88,317,1,100
88,318,1,100
88,331,1,100
88,332,1,100
88,333,1,100
88,334,1,100
88,347,1,100
88,348,1,100
88,349,1,100
88,350,1,100
88,363,1,100
88,364,1,100
88,365,1,100
88,366,1,100
88,379,1,100
88,380,1,100
88,381,1,100
88,382,1,100
88,395,1,100
88,396,1,100
88,397,1,100
88,398,1,100
88,411,1,100
88,412,1,100
88,413,1,100
88,414,1,100
88,427,1,100
88,428,1,100
88,429,1,100
88,430,1,100
88,443,1,100
88,444,1,100
88,445,1,100
88,446,1,100
88,459,1,100
88,460,1,100
88,461,1,100
88,462,1,100
88,475,1,100
88,476,1,100
88,477,1,100
88,478,1,100
88,491,1,100
88,492,1,100
88,493,1,100
88,494,1,100
88,507,1,100
88,508,1,100
88,509,1,100
88,510,1,100
88,523,1,100
88,524,1,100
88,525,1,100
88,526,1,100
88,504,0.888888889,89
88,506,0.888888889,89
88,512,0.888888889,89
88,514,0.888888889,89
88,516,0.888888889,89
88,518,0.888888889,89
88,520,0.888888889,89
88,522,0.888888889,89
88,312,0.8,80
88,314,0.8,80
88,328,0.8,80
88,330,0.8,80
88,344,0.8,80
88,346,0.8,80
88,352,0.8,80
88,354,0.8,80
88,356,0.8,80
88,358,0.8,80
88,360,0.8,80
88,362,0.8,80
88,376,0.8,80
88,378,0.8,80
88,384,0.8,80
88,386,0.8,80
88,388,0.8,80
88,390,0.8,80
88,392,0.8,80
88,394,0.8,80
88,408,0.8,80
88,410,0.8,80
88,416,0.8,80
88,418,0.8,80
88,420,0.8,80
88,422,0.8,80
88,424,0.8,80
88,426,0.8,80
88,440,0.8,80
88,442,0.8,80
88,448,0.8,80
88,450,0.8,80
88,452,0.8,80
88,454,0.8,80
88,456,0.8,80
88,458,0.8,80
88,472,0.8,80
88,474,0.8,80
88,480,0.8,80
88,482,0.8,80
88,484,0.8,80
88,486,0.8,80
88,488,0.8,80
88,490,0.8,80
89,315,1,100
89,331,1,100
89,316,0.933333333,93
89,317,0.933333333,93
89,332,0.933333333,93
89,333,0.933333333,93
89,347,0.933333333,93
89,348,0.933333333,93
89,363,0.933333333,93
89,364,0.933333333,93
89,379,0.933333333,93
89,380,0.933333333,93
89,384,0.933333333,93
89,388,0.933333333,93
89,392,0.933333333,93
89,395,0.933333333,93
89,396,0.933333333,93
89,411,0.933333333,93
89,412,0.933333333,93
89,416,0.933333333,93
89,420,0.933333333,93
89,424,0.933333333,93
89,427,0.933333333,93
89,428,0.933333333,93
89,443,0.933333333,93
89,444,0.933333333,93
89,448,0.933333333,93
89,452,0.933333333,93
89,456,0.933333333,93
89,459,0.933333333,93
89,460,0.933333333,93
89,328,0.875,88
89,352,0.875,88
89,356,0.875,88
89,360,0.875,88
89,376,0.875,88
89,408,0.875,88
89,415,0.875,88
89,419,0.875,88
89,423,0.875,88
89,436,0.875,88
89,440,0.875,88
89,447,0.875,88
89,451,0.875,88
89,455,0.875,88
89,318,0.857142857,86
89,330,0.857142857,86
89,334,0.857142857,86
89,349,0.857142857,86
89,350,0.857142857,86
89,354,0.857142857,86
89,358,0.857142857,86
89,362,0.857142857,86
89,365,0.857142857,86
89,366,0.857142857,86
89,381,0.857142857,86
89,382,0.857142857,86
89,386,0.857142857,86
89,390,0.857142857,86
89,394,0.857142857,86
89,397,0.857142857,86
89,398,0.857142857,86
89,413,0.857142857,86
89,414,0.857142857,86
89,418,0.857142857,86
89,422,0.857142857,86
89,426,0.857142857,86
89,429,0.857142857,86
89,430,0.857142857,86
89,445,0.857142857,86
89,446,0.857142857,86
89,450,0.857142857,86
89,454,0.857142857,86
89,458,0.857142857,86
89,461,0.857142857,86
89,462,0.857142857,86
89,475,0.857142857,86
89,476,0.857142857,86
89,480,0.857142857,86
89,484,0.857142857,86
89,488,0.857142857,86
89,491,0.857142857,86
89,492,0.857142857,86
89,507,0.857142857,86
89,508,0.857142857,86
89,512,0.857142857,86
89,516,0.857142857,86
89,520,0.857142857,86
89,523,0.857142857,86
89,524,0.857142857,86
89,312,0.823529412,82
89,344,0.823529412,82
89,383,0.823529412,82
89,387,0.823529412,82
89,391,0.823529412,82
89,404,0.823529412,82
89,432,0.823529412,82
89,314,0.8,80
89,346,0.8,80
89,378,0.8,80
89,410,0.8,80
89,438,0.8,80
89,442,0.8,80
89,472,0.8,80
89,479,0.8,80
89,483,0.8,80
89,487,0.8,80
89,496,0.8,80
89,500,0.8,80
89,504,0.8,80
89,511,0.8,80
89,515,0.8,80
89,519,0.8,80
90,315,1,100
90,316,1,100
90,317,1,100
90,318,1,100
90,335,1,100
90,336,1,100
90,337,1,100
90,338,1,100
90,355,1,100
90,356,1,100
90,357,1,100
90,358,1,100
90,375,1,100
90,376,1,100
90,377,1,100
90,378,1,100
90,395,1,100
90,396,1,100
90,397,1,100
90,398,1,100
90,415,1,100
90,416,1,100
90,417,1,100
90,418,1,100
90,435,1,100
90,436,1,100
90,437,1,100
90,438,1,100
90,455,1,100
90,456,1,100
90,457,1,100
90,458,1,100
90,475,1,100
90,476,1,100
90,477,1,100
90,478,1,100
90,495,1,100
90,496,1,100
90,497,1,100
90,498,1,100
90,515,1,100
90,516,1,100
90,517,1,100
90,518,1,100
90,535,1,100
90,536,1,100
90,537,1,100
90,538,1,100
90,555,1,100
90,556,1,100
90,557,1,100
90,558,1,100
90,575,1,100
90,576,1,100
90,577,1,100
90,578,1,100
91,315,1,100
91,317,1,100
91,331,1,100
91,333,1,100
91,347,1,100
91,349,1,100
91,363,1,100
91,365,1,100
91,353,0.947368421,95
91,357,0.947368421,95
91,361,0.947368421,95
91,379,0.941176471,94
91,381,0.941176471,94
91,395,0.941176471,94
91,397,0.941176471,94
91,411,0.941176471,94
91,413,0.941176471,94
91,415,0.941176471,94
91,417,0.941176471,94
91,419,0.941176471,94
91,421,0.941176471,94
91,423,0.941176471,94
91,425,0.941176471,94
91,427,0.941176471,94
91,429,0.941176471,94
91,443,0.941176471,94
91,445,0.941176471,94
91,447,0.941176471,94
91,449,0.941176471,94
91,451,0.941176471,94
91,453,0.941176471,94
91,455,0.941176471,94
91,457,0.941176471,94
91,459,0.941176471,94
91,461,0.941176471,94
91,329,0.9,90
91,351,0.9,90
91,355,0.9,90
91,359,0.9,90
91,383,0.888888889,89
91,385,0.888888889,89
91,387,0.888888889,89
91,389,0.888888889,89
91,391,0.888888889,89
91,393,0.888888889,89
91,316,0.875,88
91,318,0.875,88
91,332,0.875,88
91,334,0.875,88
91,348,0.875,88
91,350,0.875,88
91,364,0.875,88
91,366,0.875,88
91,475,0.875,88
91,477,0.875,88
91,479,0.875,88
91,481,0.875,88
91,483,0.875,88
91,485,0.875,88
91,487,0.875,88
91,489,0.875,88
91,491,0.875,88
91,493,0.875,88
91,325,0.857142857,86
91,327,0.857142857,86
91,345,0.857142857,86
91,407,0.842105263,84
91,409,0.842105263,84
91,439,0.842105263,84
91,441,0.842105263,84
91,314,0.823529412,82
91,330,0.823529412,82
91,346,0.823529412,82
91,354,0.823529412,82
91,358,0.823529412,82
91,362,0.823529412,82
91,471,0.823529412,82
91,473,0.823529412,82
91,313,0.818181818,82
91,343,0.818181818,82
91,375,0.8,80
91,377,0.8,80
91,380,0.8,80
91,382,0.8,80
91,396,0.8,80
91,398,0.8,80
91,408,0.8,80
91,410,0.8,80
91,412,0.8,80
91,414,0.8,80
91,416,0.8,80
91,418,0.8,80
91,420,0.8,80
91,422,0.8,80
91,424,0.8,80
91,426,0.8,80
91,428,0.8,80
91,430,0.8,80
91,440,0.8,80
91,442,0.8,80
91,444,0.8,80
91,446,0.8,80
91,448,0.8,80
91,450,0.8,80
91,452,0.8,80
91,454,0.8,80
91,456,0.8,80
91,458,0.8,80
91,460,0.8,80
91,462,0.8,80
91,507,0.8,80
91,509,0.8,80
91,511,0.8,80
91,513,0.8,80
91,515,0.8,80
91,517,0.8,80
91,519,0.8,80
91,521,0.8,80
91,523,0.8,80
91,525,0.8,80
93,315,1,100
93,316,1,100
93,317,1,100
93,318,1,100
93,331,1,100
93,332,1,100
93,333,1,100
93,334,1,100
93,347,0.909090909,91
93,348,0.909090909,91
93,349,0.909090909,91
93,350,0.909090909,91
93,363,0.909090909,91
93,364,0.909090909,91
93,365,0.909090909,91
93,366,0.909090909,91
93,379,0.909090909,91
93,380,0.909090909,91
93,381,0.909090909,91
93,382,0.909090909,91
93,395,0.909090909,91
93,396,0.909090909,91
93,397,0.909090909,91
93,398,0.909090909,91
93,411,0.909090909,91
93,412,0.909090909,91
93,413,0.909090909,91
93,414,0.909090909,91
93,427,0.909090909,91
93,428,0.909090909,91
93,429,0.909090909,91
93,430,0.909090909,91
93,443,0.909090909,91
93,444,0.909090909,91
93,445,0.909090909,91
93,446,0.909090909,91
93,459,0.909090909,91
93,460,0.909090909,91
93,461,0.909090909,91
93,462,0.909090909,91
93,293,0.833333333,83
93,295,0.833333333,83
93,297,0.833333333,83
103,315,1,100
103,316,1,100
103,317,1,100
103,318,1,100
103,331,1,100
103,332,1,100
103,333,1,100
103,334,1,100
103,347,0.947368421,95
103,348,0.947368421,95
103,349,0.947368421,95
103,350,0.947368421,95
103,363,0.947368421,95
103,364,0.947368421,95
103,365,0.947368421,95
103,366,0.947368421,95
103,320,0.909090909,91
103,322,0.909090909,91
103,324,0.909090909,91
103,326,0.909090909,91
103,328,0.909090909,91
103,330,0.909090909,91
103,379,0.888888889,89
103,380,0.888888889,89
103,381,0.888888889,89
103,382,0.888888889,89
103,395,0.888888889,89
103,396,0.888888889,89
103,397,0.888888889,89
103,398,0.888888889,89
103,312,0.869565217,87
103,314,0.869565217,87
103,327,0.869565217,87
103,329,0.869565217,87
103,351,0.857142857,86
103,352,0.857142857,86
103,353,0.857142857,86
103,354,0.857142857,86
103,355,0.857142857,86
103,356,0.857142857,86
103,357,0.857142857,86
103,358,0.857142857,86
103,359,0.857142857,86
103,360,0.857142857,86
103,361,0.857142857,86
103,362,0.857142857,86
103,383,0.842105263,84
103,384,0.842105263,84
103,385,0.842105263,84
103,386,0.842105263,84
103,387,0.842105263,84
103,388,0.842105263,84
103,389,0.842105263,84
103,390,0.842105263,84
103,391,0.842105263,84
103,392,0.842105263,84
103,393,0.842105263,84
103,394,0.842105263,84
103,311,0.833333333,83
103,313,0.833333333,83
103,411,0.823529412,82
103,412,0.823529412,82
103,413,0.823529412,82
103,414,0.823529412,82
103,427,0.823529412,82
103,428,0.823529412,82
103,429,0.823529412,82
103,430,0.823529412,82
103,443,0.823529412,82
103,444,0.823529412,82
103,445,0.823529412,82
103,446,0.823529412,82
103,459,0.823529412,82
103,460,0.823529412,82
103,461,0.823529412,82
103,462,0.823529412,82
103,343,0.818181818,82
103,344,0.818181818,82
103,345,0.818181818,82
103,346,0.818181818,82
103,323,0.8,80
103,325,0.8,80
103,375,0.8,80
103,376,0.8,80
103,377,0.8,80
103,378,0.8,80
111,315,1,100
111,316,1,100
111,317,1,100
111,318,1,100
111,343,1,100
111,344,1,100
111,345,1,100
111,346,1,100
111,371,1,100
111,372,1,100
111,373,1,100
111,374,1,100
111,399,1,100
111,400,1,100
111,401,1,100
111,402,1,100
111,427,1,100
111,428,1,100
111,429,1,100
111,430,1,100
111,455,1,100
111,456,1,100
111,457,1,100
111,458,1,100
111,483,1,100
111,484,1,100
111,485,1,100
111,486,1,100
111,511,1,100
111,512,1,100
111,513,1,100
111,514,1,100
111,426,0.909090909,91
111,444,0.909090909,91
111,446,0.909090909,91
111,448,0.909090909,91
111,450,0.909090909,91
111,452,0.909090909,91
111,454,0.909090909,91
111,482,0.909090909,91
111,500,0.909090909,91
111,502,0.909090909,91
111,504,0.909090909,91
111,506,0.909090909,91
111,508,0.909090909,91
111,510,0.909090909,91
111,539,0.888888889,89
111,540,0.888888889,89
111,541,0.888888889,89
111,542,0.888888889,89
111,567,0.888888889,89
111,568,0.888888889,89
111,569,0.888888889,89
111,570,0.888888889,89
111,595,0.888888889,89
111,596,0.888888889,89
111,597,0.888888889,89
111,598,0.888888889,89
111,623,0.888888889,89
111,624,0.888888889,89
111,625,0.888888889,89
111,626,0.888888889,89
111,651,0.888888889,89
111,652,0.888888889,89
111,653,0.888888889,89
111,654,0.888888889,89
111,679,0.888888889,89
111,680,0.888888889,89
111,681,0.888888889,89
111,682,0.888888889,89
111,314,0.833333333,83
111,340,0.833333333,83
111,342,0.833333333,83
111,370,0.833333333,83
111,396,0.833333333,83
111,398,0.833333333,83
111,424,0.833333333,83
111,480,0.833333333,83
111,538,0.8,80
111,556,0.8,80
111,558,0.8,80
111,560,0.8,80
111,562,0.8,80
111,564,0.8,80
111,566,0.8,80
111,592,0.8,80
111,594,0.8,80
111,612,0.8,80
111,614,0.8,80
111,616,0.8,80
111,618,0.8,80
111,620,0.8,80
111,622,0.8,80
111,648,0.8,80
111,650,0.8,80
111,668,0.8,80
111,670,0.8,80
111,672,0.8,80
111,674,0.8,80
111,676,0.8,80
111,678,0.8,80
113,315,1,100
113,316,1,100
113,317,1,100
113,318,1,100
113,331,1,100
113,332,1,100
113,333,1,100
113,334,1,100
113,320,0.909090909,91
113,322,0.909090909,91
113,324,0.909090909,91
113,326,0.909090909,91
113,328,0.909090909,91
113,330,0.909090909,91
113,347,0.888888889,89
113,348,0.888888889,89
113,349,0.888888889,89
113,350,0.888888889,89
113,363,0.888888889,89
113,364,0.888888889,89
113,365,0.888888889,89
113,366,0.888888889,89
113,379,0.888888889,89
113,380,0.888888889,89
113,381,0.888888889,89
113,382,0.888888889,89
113,395,0.888888889,89
113,396,0.888888889,89
113,397,0.888888889,89
113,398,0.888888889,89
113,411,0.888888889,89
113,412,0.888888889,89
113,413,0.888888889,89
113,414,0.888888889,89
113,427,0.888888889,89
113,428,0.888888889,89
113,429,0.888888889,89
113,430,0.888888889,89
113,443,0.888888889,89
113,444,0.888888889,89
113,445,0.888888889,89
113,446,0.888888889,89
113,459,0.888888889,89
113,460,0.888888889,89
113,461,0.888888889,89
113,462,0.888888889,89
113,475,0.888888889,89
113,476,0.888888889,89
113,477,0.888888889,89
113,478,0.888888889,89
113,491,0.888888889,89
113,492,0.888888889,89
113,493,0.888888889,89
113,494,0.888888889,89
113,507,0.888888889,89
113,508,0.888888889,89
113,509,0.888888889,89
113,510,0.888888889,89
113,523,0.888888889,89
113,524,0.888888889,89
113,525,0.888888889,89
113,526,0.888888889,89
113,312,0.833333333,83
113,314,0.833333333,83
113,352,0.8,80
113,354,0.8,80
113,356,0.8,80
113,358,0.8,80
113,360,0.8,80
113,362,0.8,80
113,384,0.8,80
113,386,0.8,80
113,388,0.8,80
113,390,0.8,80
113,392,0.8,80
113,394,0.8,80
113,416,0.8,80
113,418,0.8,80
113,420,0.8,80
113,422,0.8,80
113,424,0.8,80
113,426,0.8,80
113,448,0.8,80
113,450,0.8,80
113,452,0.8,80
113,454,0.8,80
113,456,0.8,80
113,458,0.8,80
113,480,0.8,80
113,482,0.8,80
113,484,0.8,80
113,486,0.8,80
113,488,0.8,80
113,490,0.8,80
113,512,0.8,80
113,514,0.8,80
113,516,0.8,80
113,518,0.8,80
113,520,0.8,80
113,522,0.8,80
116,315,1,100
116,316,1,100
116,333,1,100
116,334,1,100
116,317,0.888888889,89
116,318,0.888888889,89
116,335,0.888888889,89
116,336,0.888888889,89
116,351,0.888888889,89
116,352,0.888888889,89
116,369,0.888888889,89
116,370,0.888888889,89
116,387,0.888888889,89
116,388,0.888888889,89
116,405,0.888888889,89
116,406,0.888888889,89
116,423,0.888888889,89
116,424,0.888888889,89
116,441,0.888888889,89
116,442,0.888888889,89
116,459,0.888888889,89
116,460,0.888888889,89
116,477,0.888888889,89
116,478,0.888888889,89
116,495,0.888888889,89
116,496,0.888888889,89
116,513,0.888888889,89
116,514,0.888888889,89
116,531,0.888888889,89
116,532,0.888888889,89
116,549,0.888888889,89
116,550,0.888888889,89
116,289,0.8,80
122,315,1,100
122,317,1,100
122,335,1,100
122,337,1,100
122,355,1,100
122,357,1,100
122,375,1,100
122,377,1,100
122,395,1,100
122,397,1,100
122,415,1,100
122,417,1,100
122,435,1,100
122,437,1,100
122,455,1,100
122,457,1,100
122,475,1,100
122,477,1,100
122,495,1,100
122,497,1,100
122,515,1,100
122,517,1,100
122,535,1,100
122,537,1,100
122,555,1,100
122,557,1,100
122,575,1,100
122,577,1,100
122,563,0.909090909,91
122,565,0.909090909,91
122,567,0.909090909,91
122,569,0.909090909,91
122,571,0.909090909,91
122,573,0.909090909,91
122,316,0.888888889,89
122,318,0.888888889,89
122,336,0.888888889,89
122,338,0.888888889,89
122,356,0.888888889,89
122,358,0.888888889,89
122,376,0.888888889,89
122,378,0.888888889,89
122,396,0.888888889,89
122,398,0.888888889,89
122,416,0.888888889,89
122,418,0.888888889,89
122,436,0.888888889,89
122,438,0.888888889,89
122,456,0.888888889,89
122,458,0.888888889,89
122,476,0.888888889,89
122,478,0.888888889,89
122,496,0.888888889,89
122,498,0.888888889,89
122,516,0.888888889,89
122,518,0.888888889,89
122,536,0.888888889,89
122,538,0.888888889,89
122,556,0.888888889,89
122,558,0.888888889,89
122,576,0.888888889,89
122,578,0.888888889,89
122,331,0.833333333,83
122,333,0.833333333,83
122,363,0.833333333,83
122,365,0.833333333,83
122,367,0.833333333,83
122,369,0.833333333,83
122,371,0.833333333,83
122,373,0.833333333,83
122,403,0.833333333,83
122,405,0.833333333,83
122,407,0.833333333,83
122,409,0.833333333,83
122,411,0.833333333,83
122,413,0.833333333,83
122,443,0.833333333,83
122,445,0.833333333,83
122,447,0.833333333,83
122,449,0.833333333,83
122,451,0.833333333,83
122,453,0.833333333,83
122,483,0.833333333,83
122,485,0.833333333,83
122,487,0.833333333,83
122,489,0.833333333,83
122,491,0.833333333,83
122,493,0.833333333,83
122,523,0.833333333,83
122,525,0.833333333,83
122,527,0.833333333,83
122,529,0.833333333,83
122,531,0.833333333,83
122,533,0.833333333,83
122,551,0.833333333,83
122,553,0.833333333,83
122,564,0.8,80
122,566,0.8,80
122,568,0.8,80
122,570,0.8,80
122,572,0.8,80
122,574,0.8,80
128,315,1,100
128,316,1,100
128,317,1,100
128,318,1,100
128,340,1,100
128,342,1,100
128,343,1,100
128,344,1,100
128,345,1,100
128,346,1,100
128,371,1,100
128,372,1,100
128,373,1,100
128,374,1,100
128,390,1,100
128,394,1,100
128,396,1,100
128,398,1,100
128,399,1,100
128,400,1,100
128,401,1,100
128,402,1,100
128,424,1,100
128,426,1,100
128,427,1,100
128,428,1,100
128,429,1,100
128,430,1,100
128,446,1,100
128,450,1,100
128,452,1,100
128,454,1,100
128,455,1,100
128,456,1,100
128,457,1,100
128,458,1,100
128,480,1,100
128,482,1,100
128,483,1,100
128,484,1,100
128,485,1,100
128,486,1,100
128,500,1,100
128,502,1,100
128,504,1,100
128,506,1,100
128,508,1,100
128,510,1,100
128,511,1,100
128,512,1,100
128,513,1,100
128,514,1,100
128,312,0.923076923,92
128,314,0.923076923,92
128,368,0.923076923,92
128,370,0.923076923,92
128,388,0.923076923,92
128,392,0.923076923,92
128,444,0.923076923,92
128,448,0.923076923,92
128,536,0.909090909,91
128,538,0.909090909,91
128,539,0.909090909,91
128,540,0.909090909,91
128,541,0.909090909,91
128,542,0.909090909,91
128,556,0.909090909,91
128,558,0.909090909,91
128,560,0.909090909,91
128,562,0.909090909,91
128,564,0.909090909,91
128,566,0.909090909,91
128,567,0.909090909,91
128,568,0.909090909,91
128,569,0.909090909,91
128,570,0.909090909,91
128,592,0.909090909,91
128,594,0.909090909,91
128,595,0.909090909,91
128,596,0.909090909,91
128,597,0.909090909,91
128,598,0.909090909,91
128,612,0.909090909,91
128,614,0.909090909,91
128,616,0.909090909,91
128,618,0.909090909,91
128,620,0.909090909,91
128,622,0.909090909,91
128,623,0.909090909,91
128,624,0.909090909,91
128,625,0.909090909,91
128,626,0.909090909,91
128,648,0.909090909,91
128,650,0.909090909,91
128,651,0.909090909,91
128,652,0.909090909,91
128,653,0.909090909,91
128,654,0.909090909,91
128,668,0.909090909,91
128,670,0.909090909,91
128,672,0.909090909,91
128,674,0.909090909,91
128,676,0.909090909,91
128,678,0.909090909,91
128,679,0.909090909,91
128,680,0.909090909,91
128,681,0.909090909,91
128,682,0.909090909,91
128,338,0.857142857,86
128,422,0.857142857,86
128,451,0.857142857,86
128,453,0.857142857,86
128,472,0.857142857,86
128,474,0.857142857,86
128,476,0.857142857,86
128,478,0.857142857,86
128,507,0.857142857,86
128,509,0.857142857,86
128,528,0.833333333,83
128,530,0.833333333,83
128,532,0.833333333,83
128,534,0.833333333,83
128,336,0.8,80
128,339,0.8,80
128,341,0.8,80
128,395,0.8,80
128,397,0.8,80
128,418,0.8,80
128,420,0.8,80
128,423,0.8,80
128,425,0.8,80
128,479,0.8,80
128,481,0.8,80
128,499,0.8,80
128,501,0.8,80
128,503,0.8,80
128,505,0.8,80
136,315,1,100
136,316,1,100
136,317,1,100
136,318,1,100
136,335,1,100
136,336,1,100
136,337,1,100
136,338,1,100
136,355,1,100
136,356,1,100
136,357,1,100
136,358,1,100
136,375,1,100
136,376,1,100
136,377,1,100
136,378,1,100
136,395,1,100
136,396,1,100
136,397,1,100
136,398,1,100
136,415,1,100
136,416,1,100
136,417,1,100
136,418,1,100
136,435,1,100
136,436,1,100
136,437,1,100
136,438,1,100
136,455,1,100
136,456,1,100
136,457,1,100
136,458,1,100
136,475,1,100
136,476,1,100
136,477,1,100
136,478,1,100
136,495,1,100
136,496,1,100
136,497,1,100
136,498,1,100
136,515,1,100
136,516,1,100
136,517,1,100
136,518,1,100
136,535,1,100
136,536,1,100
136,537,1,100
136,538,1,100
136,555,1,100
136,556,1,100
136,557,1,100
136,558,1,100
136,575,1,100
136,576,1,100
136,577,1,100
136,578,1,100
136,291,0.857142857,86
136,293,0.857142857,86
136,295,0.857142857,86
136,297,0.857142857,86
136,299,0.857142857,86
136,301,0.857142857,86
137,315,1,100
137,316,1,100
137,331,1,100
137,332,1,100
137,347,1,100
137,348,1,100
137,363,1,100
137,364,1,100
137,343,0.952380952,95
137,344,0.952380952,95
137,351,0.952380952,95
137,352,0.952380952,95
137,355,0.952380952,95
137,356,0.952380952,95
137,359,0.952380952,95
137,360,0.952380952,95
137,317,0.947368421,95
137,318,0.947368421,95
137,333,0.947368421,95
137,334,0.947368421,95
137,349,0.947368421,95
137,350,0.947368421,95
137,365,0.947368421,95
137,366,0.947368421,95
137,312,0.909090909,91
137,320,0.909090909,91
137,324,0.909090909,91
137,328,0.909090909,91
137,345,0.9,90
137,346,0.9,90
137,354,0.9,90
137,357,0.9,90
137,358,0.9,90
137,361,0.9,90
137,362,0.9,90
137,379,0.888888889,89
137,380,0.888888889,89
137,395,0.888888889,89
137,396,0.888888889,89
137,411,0.888888889,89
137,412,0.888888889,89
137,427,0.888888889,89
137,428,0.888888889,89
137,439,0.888888889,89
137,440,0.888888889,89
137,443,0.888888889,89
137,444,0.888888889,89
137,447,0.888888889,89
137,448,0.888888889,89
137,451,0.888888889,89
137,452,0.888888889,89
137,455,0.888888889,89
137,456,0.888888889,89
137,459,0.888888889,89
137,460,0.888888889,89
137,314,0.857142857,86
137,322,0.857142857,86
137,326,0.857142857,86
137,330,0.857142857,86
137,353,0.857142857,86
137,375,0.842105263,84
137,376,0.842105263,84
137,383,0.842105263,84
137,384,0.842105263,84
137,387,0.842105263,84
137,388,0.842105263,84
137,391,0.842105263,84
137,392,0.842105263,84
137,407,0.842105263,84
137,408,0.842105263,84
137,415,0.842105263,84
137,416,0.842105263,84
137,419,0.842105263,84
137,420,0.842105263,84
137,423,0.842105263,84
137,424,0.842105263,84
137,340,0.833333333,83
137,381,0.823529412,82
137,382,0.823529412,82
137,397,0.823529412,82
137,398,0.823529412,82
137,413,0.823529412,82
137,414,0.823529412,82
137,429,0.823529412,82
137,430,0.823529412,82
137,441,0.823529412,82
137,442,0.823529412,82
137,445,0.823529412,82
137,446,0.823529412,82
137,450,0.823529412,82
137,453,0.823529412,82
137,454,0.823529412,82
137,457,0.823529412,82
137,458,0.823529412,82
137,461,0.823529412,82
137,462,0.823529412,82
137,471,0.823529412,82
137,472,0.823529412,82
137,475,0.823529412,82
137,476,0.823529412,82
137,479,0.823529412,82
137,480,0.823529412,82
137,483,0.823529412,82
137,484,0.823529412,82
137,487,0.823529412,82
137,488,0.823529412,82
137,491,0.823529412,82
137,492,0.823529412,82
137,503,0.823529412,82
137,504,0.823529412,82
137,507,0.823529412,82
137,508,0.823529412,82
137,511,0.823529412,82
137,512,0.823529412,82
137,515,0.823529412,82
137,516,0.823529412,82
137,519,0.823529412,82
137,520,0.823529412,82
137,523,0.823529412,82
137,524,0.823529412,82
137,311,0.8,80
137,327,0.8,80
138,315,1,100
138,316,1,100
138,317,1,100
138,318,1,100
138,320,1,100
138,322,1,100
138,324,1,100
138,326,1,100
138,328,1,100
138,330,1,100
138,331,1,100
138,332,1,100
138,333,1,100
138,334,1,100
138,347,1,100
138,348,1,100
138,349,1,100
138,350,1,100
138,351,1,100
138,352,1,100
138,353,1,100
138,354,1,100
138,355,1,100
138,356,1,100
138,357,1,100
138,358,1,100
138,359,1,100
138,360,1,100
138,361,1,100
138,362,1,100
138,363,1,100
138,364,1,100
138,365,1,100
138,366,1,100
138,312,0.952380952,95
138,314,0.952380952,95
138,327,0.952380952,95
138,329,0.952380952,95
138,344,0.952380952,95
138,346,0.952380952,95
138,343,0.909090909,91
138,345,0.909090909,91
138,379,0.888888889,89
138,380,0.888888889,89
138,381,0.888888889,89
138,382,0.888888889,89
138,383,0.888888889,89
138,384,0.888888889,89
138,385,0.888888889,89
138,386,0.888888889,89
138,387,0.888888889,89
138,388,0.888888889,89
138,389,0.888888889,89
138,390,0.888888889,89
138,391,0.888888889,89
138,392,0.888888889,89
138,393,0.888888889,89
138,394,0.888888889,89
138,395,0.888888889,89
138,396,0.888888889,89
138,397,0.888888889,89
138,398,0.888888889,89
138,311,0.869565217,87
138,313,0.869565217,87
138,342,0.869565217,87
138,376,0.842105263,84
138,378,0.842105263,84
138,323,0.833333333,83
138,325,0.833333333,83
138,291,0.823529412,82
138,411,0.823529412,82
138,412,0.823529412,82
138,413,0.823529412,82
138,414,0.823529412,82
138,415,0.823529412,82
138,416,0.823529412,82
138,417,0.823529412,82
138,418,0.823529412,82
138,419,0.823529412,82
138,420,0.823529412,82
138,421,0.823529412,82
138,422,0.823529412,82
138,423,0.823529412,82
138,424,0.823529412,82
138,425,0.823529412,82
138,426,0.823529412,82
138,427,0.823529412,82
138,428,0.823529412,82
138,429,0.823529412,82
138,430,0.823529412,82
138,443,0.823529412,82
138,444,0.823529412,82
138,445,0.823529412,82
138,446,0.823529412,82
138,447,0.823529412,82
138,448,0.823529412,82
138,449,0.823529412,82
138,450,0.823529412,82
138,451,0.823529412,82
138,452,0.823529412,82
138,453,0.823529412,82
138,454,0.823529412,82
138,455,0.823529412,82
138,456,0.823529412,82
138,457,0.823529412,82
138,458,0.823529412,82
138,459,0.823529412,82
138,460,0.823529412,82
138,461,0.823529412,82
138,462,0.823529412,82
138,338,0.8,80
138,340,0.8,80
138,375,0.8,80
138,377,0.8,80
143,315,1,100
143,316,1,100
143,317,1,100
143,318,1,100
143,335,1,100
143,336,1,100
143,337,1,100
143,338,1,100
143,355,1,100
143,356,1,100
143,357,1,100
143,358,1,100
143,375,1,100
143,376,1,100
143,377,1,100
143,378,1,100
143,395,1,100
143,396,1,100
143,397,1,100
143,398,1,100
143,415,1,100
143,416,1,100
143,417,1,100
143,418,1,100
143,435,1,100
143,436,1,100
143,437,1,100
143,438,1,100
143,455,1,100
143,456,1,100
143,457,1,100
143,458,1,100
143,475,1,100
143,476,1,100
143,477,1,100
143,478,1,100
143,495,1,100
143,496,1,100
143,497,1,100
143,498,1,100
143,515,1,100
143,516,1,100
143,517,1,100
143,518,1,100
143,535,1,100
143,536,1,100
143,537,1,100
143,538,1,100
143,555,1,100
143,556,1,100
143,557,1,100
143,558,1,100
143,575,1,100
143,576,1,100
143,577,1,100
143,578,1,100
143,324,0.8,80
143,326,0.8,80
143,328,0.8,80
143,330,0.8,80
143,332,0.8,80
143,334,0.8,80
143,364,0.8,80
143,366,0.8,80
143,368,0.8,80
143,370,0.8,80
143,372,0.8,80
143,374,0.8,80
143,404,0.8,80
143,406,0.8,80
143,408,0.8,80
143,410,0.8,80
143,412,0.8,80
143,414,0.8,80
143,444,0.8,80
143,446,0.8,80
143,448,0.8,80
143,450,0.8,80
143,452,0.8,80
143,454,0.8,80
143,484,0.8,80
143,486,0.8,80
143,488,0.8,80
143,490,0.8,80
143,492,0.8,80
143,494,0.8,80
143,524,0.8,80
143,526,0.8,80
143,528,0.8,80
143,530,0.8,80
143,532,0.8,80
143,534,0.8,80
143,546,0.8,80
143,550,0.8,80
143,552,0.8,80
143,554,0.8,80
143,564,0.8,80
143,566,0.8,80
143,568,0.8,80
143,570,0.8,80
143,572,0.8,80
143,574,0.8,80
146,315,1,100
146,316,1,100
146,343,1,100
146,344,1,100
146,317,0.909090909,91
146,318,0.909090909,91
146,345,0.909090909,91
146,346,0.909090909,91
146,371,0.909090909,91
146,372,0.909090909,91
146,399,0.909090909,91
146,400,0.909090909,91
146,427,0.909090909,91
146,428,0.909090909,91
146,455,0.909090909,91
146,456,0.909090909,91
146,483,0.909090909,91
146,484,0.909090909,91
146,511,0.909090909,91
146,512,0.909090909,91
146,373,0.8,80
146,374,0.8,80
146,401,0.8,80
146,402,0.8,80
146,429,0.8,80
146,430,0.8,80
146,457,0.8,80
146,458,0.8,80
146,485,0.8,80
146,486,0.8,80
146,513,0.8,80
146,514,0.8,80
146,539,0.8,80
146,540,0.8,80
146,567,0.8,80
146,568,0.8,80
146,595,0.8,80
146,596,0.8,80
146,623,0.8,80
146,624,0.8,80
146,651,0.8,80
146,652,0.8,80
146,679,0.8,80
146,680,0.8,80
154,315,1,100
154,316,1,100
154,343,1,100
154,344,1,100
154,371,1,100
154,372,1,100
154,399,1,100
154,400,1,100
154,427,1,100
154,428,1,100
154,455,1,100
154,456,1,100
154,483,1,100
154,484,1,100
154,511,1,100
154,512,1,100
154,444,0.923076923,92
154,448,0.923076923,92
154,451,0.923076923,92
154,452,0.923076923,92
154,500,0.923076923,92
154,504,0.923076923,92
154,508,0.923076923,92
154,317,0.909090909,91
154,318,0.909090909,91
154,345,0.909090909,91
154,346,0.909090909,91
154,373,0.909090909,91
154,374,0.909090909,91
154,401,0.909090909,91
154,402,0.909090909,91
154,429,0.909090909,91
154,430,0.909090909,91
154,457,0.909090909,91
154,458,0.909090909,91
154,485,0.909090909,91
154,486,0.909090909,91
154,513,0.909090909,91
154,514,0.909090909,91
154,539,0.909090909,91
154,540,0.909090909,91
154,541,0.909090909,91
154,542,0.909090909,91
154,567,0.909090909,91
154,568,0.909090909,91
154,569,0.909090909,91
154,570,0.909090909,91
154,595,0.909090909,91
154,596,0.909090909,91
154,597,0.909090909,91
154,598,0.909090909,91
154,623,0.909090909,91
154,624,0.909090909,91
154,625,0.909090909,91
154,626,0.909090909,91
154,651,0.909090909,91
154,652,0.909090909,91
154,653,0.909090909,91
154,654,0.909090909,91
154,679,0.909090909,91
154,680,0.909090909,91
154,681,0.909090909,91
154,682,0.909090909,91
154,340,0.857142857,86
154,388,0.857142857,86
154,392,0.857142857,86
154,396,0.857142857,86
154,507,0.857142857,86
154,446,0.833333333,83
154,450,0.833333333,83
154,453,0.833333333,83
154,454,0.833333333,83
154,502,0.833333333,83
154,506,0.833333333,83
154,510,0.833333333,83
154,556,0.833333333,83
154,558,0.833333333,83
154,560,0.833333333,83
154,562,0.833333333,83
154,564,0.833333333,83
154,566,0.833333333,83
154,612,0.833333333,83
154,614,0.833333333,83
154,616,0.833333333,83
154,618,0.833333333,83
154,619,0.833333333,83
154,620,0.833333333,83
154,621,0.833333333,83
154,622,0.833333333,83
154,668,0.833333333,83
154,670,0.833333333,83
154,672,0.833333333,83
154,674,0.833333333,83
154,675,0.833333333,83
154,676,0.833333333,83
154,677,0.833333333,83
154,678,0.833333333,83
154,336,0.8,80
154,339,0.8,80
154,395,0.8,80
154,424,0.8,80
154,480,0.8,80
154,499,0.8,80
154,503,0.8,80
161,315,1,100
161,316,1,100
161,317,1,100
161,318,1,100
161,343,1,100
161,344,1,100
161,345,1,100
161,346,1,100
161,371,0.923076923,92
161,372,0.923076923,92
161,373,0.923076923,92
161,374,0.923076923,92
161,399,0.923076923,92
161,400,0.923076923,92
161,401,0.923076923,92
161,402,0.923076923,92
161,424,0.923076923,92
161,426,0.923076923,92
161,427,0.923076923,92
161,428,0.923076923,92
161,429,0.923076923,92
161,430,0.923076923,92
161,444,0.923076923,92
161,446,0.923076923,92
161,448,0.923076923,92
161,450,0.923076923,92
161,452,0.923076923,92
161,454,0.923076923,92
161,455,0.923076923,92
161,456,0.923076923,92
161,457,0.923076923,92
161,458,0.923076923,92
161,480,0.923076923,92
161,482,0.923076923,92
161,483,0.923076923,92
161,484,0.923076923,92
161,485,0.923076923,92
161,486,0.923076923,92
161,500,0.923076923,92
161,502,0.923076923,92
161,504,0.923076923,92
161,506,0.923076923,92
161,508,0.923076923,92
161,510,0.923076923,92
161,511,0.923076923,92
161,512,0.923076923,92
161,513,0.923076923,92
161,514,0.923076923,92
161,312,0.875,88
161,314,0.875,88
161,340,0.875,88
161,342,0.875,88
161,472,0.857142857,86
161,474,0.857142857,86
161,476,0.857142857,86
161,478,0.857142857,86
161,536,0.833333333,83
161,538,0.833333333,83
161,539,0.833333333,83
161,540,0.833333333,83
161,541,0.833333333,83
161,542,0.833333333,83
161,556,0.833333333,83
161,558,0.833333333,83
161,560,0.833333333,83
161,562,0.833333333,83
161,564,0.833333333,83
161,566,0.833333333,83
161,567,0.833333333,83
161,568,0.833333333,83
161,569,0.833333333,83
161,570,0.833333333,83
161,592,0.833333333,83
161,594,0.833333333,83
161,595,0.833333333,83
161,596,0.833333333,83
161,597,0.833333333,83
161,598,0.833333333,83
161,612,0.833333333,83
161,614,0.833333333,83
161,616,0.833333333,83
161,618,0.833333333,83
161,620,0.833333333,83
161,622,0.833333333,83
161,623,0.833333333,83
161,624,0.833333333,83
161,625,0.833333333,83
161,626,0.833333333,83
161,648,0.833333333,83
161,650,0.833333333,83
161,651,0.833333333,83
161,652,0.833333333,83
161,653,0.833333333,83
161,654,0.833333333,83
161,668,0.833333333,83
161,670,0.833333333,83
161,672,0.833333333,83
161,674,0.833333333,83
161,676,0.833333333,83
161,678,0.833333333,83
161,679,0.833333333,83
161,680,0.833333333,83
161,681,0.833333333,83
161,682,0.833333333,83
161,368,0.8,80
161,370,0.8,80
161,388,0.8,80
161,390,0.8,80
161,392,0.8,80
161,394,0.8,80
161,396,0.8,80
161,398,0.8,80
161,423,0.8,80
161,425,0.8,80
161,451,0.8,80
161,453,0.8,80
161,479,0.8,80
161,481,0.8,80
161,507,0.8,80
161,509,0.8,80
168,315,1,100
168,316,1,100
168,317,1,100
168,318,1,100
168,320,1,100
168,322,1,100
168,324,1,100
168,326,1,100
168,328,1,100
168,330,1,100
168,331,1,100
168,332,1,100
168,333,1,100
168,334,1,100
168,347,1,100
168,348,1,100
168,349,1,100
168,350,1,100
168,352,1,100
168,354,1,100
168,356,1,100
168,358,1,100
168,360,1,100
168,362,1,100
168,363,1,100
168,364,1,100
168,365,1,100
168,366,1,100
168,379,1,100
168,380,1,100
168,381,1,100
168,382,1,100
168,384,1,100
168,386,1,100
168,388,1,100
168,390,1,100
168,392,1,100
168,394,1,100
168,395,1,100
168,396,1,100
168,397,1,100
168,398,1,100
168,411,1,100
168,412,1,100
168,413,1,100
168,414,1,100
168,416,1,100
168,418,1,100
168,420,1,100
168,422,1,100
168,424,1,100
168,426,1,100
168,427,1,100
168,428,1,100
168,429,1,100
168,430,1,100
168,443,1,100
168,444,1,100
168,445,1,100
168,446,1,100
168,448,1,100
168,450,1,100
168,452,1,100
168,454,1,100
168,456,1,100
168,458,1,100
168,459,1,100
168,460,1,100
168,461,1,100
168,462,1,100
168,475,1,100
168,476,1,100
168,477,1,100
168,478,1,100
168,480,1,100
168,482,1,100
168,484,1,100
168,486,1,100
168,488,1,100
168,490,1,100
168,491,1,100
168,492,1,100
168,493,1,100
168,494,1,100
168,507,1,100
168,508,1,100
168,509,1,100
168,510,1,100
168,512,1,100
168,514,1,100
168,516,1,100
168,518,1,100
168,520,1,100
168,522,1,100
168,523,1,100
168,524,1,100
168,525,1,100
168,526,1,100
168,504,0.888888889,89
168,506,0.888888889,89
168,291,0.857142857,86
168,293,0.857142857,86
168,295,0.857142857,86
168,297,0.857142857,86
168,299,0.857142857,86
168,301,0.857142857,86
168,314,0.8,80
168,344,0.8,80
168,346,0.8,80
168,359,0.8,80
168,361,0.8,80
168,376,0.8,80
168,378,0.8,80
168,391,0.8,80
168,393,0.8,80
168,408,0.8,80
168,410,0.8,80
168,423,0.8,80
168,425,0.8,80
168,440,0.8,80
168,442,0.8,80
168,455,0.8,80
168,457,0.8,80
168,472,0.8,80
168,474,0.8,80
168,487,0.8,80
168,489,0.8,80
168,511,0.8,80
168,513,0.8,80
168,515,0.8,80
168,517,0.8,80
168,519,0.8,80
168,521,0.8,80
171,315,1,100
171,316,1,100
171,317,1,100
171,318,1,100
171,331,1,100
171,332,1,100
171,333,1,100
171,334,1,100
171,347,1,100
171,348,1,100
171,349,1,100
171,350,1,100
171,363,1,100
171,364,1,100
171,365,1,100
171,366,1,100
171,379,1,100
171,380,1,100
171,381,1,100
171,382,1,100
171,395,1,100
171,396,1,100
171,397,1,100
171,398,1,100
171,411,1,100
171,412,1,100
171,413,1,100
171,414,1,100
171,427,1,100
171,428,1,100
171,429,1,100
171,430,1,100
171,443,1,100
171,444,1,100
171,445,1,100
171,446,1,100
171,459,1,100
171,460,1,100
171,461,1,100
171,462,1,100
171,475,1,100
171,476,1,100
171,477,1,100
171,478,1,100
171,491,1,100
171,492,1,100
171,493,1,100
171,494,1,100
171,507,1,100
171,508,1,100
171,509,1,100
171,510,1,100
171,523,1,100
171,524,1,100
171,525,1,100
171,526,1,100
171,500,0.888888889,89
171,504,0.888888889,89
171,291,0.857142857,86
171,293,0.857142857,86
171,295,0.857142857,86
171,297,0.857142857,86
171,299,0.857142857,86
171,301,0.857142857,86
171,354,0.8,80
171,358,0.8,80
171,362,0.8,80
171,386,0.8,80
171,390,0.8,80
171,394,0.8,80
171,418,0.8,80
171,422,0.8,80
171,426,0.8,80
171,440,0.8,80
171,450,0.8,80
171,454,0.8,80
171,458,0.8,80
171,464,0.8,80
171,468,0.8,80
171,472,0.8,80
171,482,0.8,80
171,486,0.8,80
171,490,0.8,80
171,512,0.8,80
171,514,0.8,80
171,516,0.8,80
171,518,0.8,80
171,520,0.8,80
171,522,0.8,80
178,315,1,100
178,317,1,100
178,331,1,100
178,333,1,100
178,347,0.941176471,94
178,349,0.941176471,94
178,363,0.941176471,94
178,365,0.941176471,94
178,359,0.888888889,89
178,361,0.888888889,89
178,291,0.875,88
178,316,0.875,88
178,318,0.875,88
178,332,0.875,88
178,334,0.875,88
178,348,0.875,88
178,350,0.875,88
178,364,0.875,88
178,366,0.875,88
178,379,0.875,88
178,381,0.875,88
178,395,0.875,88
178,397,0.875,88
178,411,0.875,88
178,413,0.875,88
178,427,0.875,88
178,429,0.875,88
178,443,0.875,88
178,445,0.875,88
178,459,0.875,88
178,461,0.875,88
178,351,0.842105263,84
178,353,0.842105263,84
178,355,0.842105263,84
178,357,0.842105263,84
178,344,0.823529412,82
178,346,0.823529412,82
178,352,0.823529412,82
178,354,0.823529412,82
178,356,0.823529412,82
178,358,0.823529412,82
178,360,0.823529412,82
178,362,0.823529412,82
178,383,0.823529412,82
178,385,0.823529412,82
178,387,0.823529412,82
178,389,0.823529412,82
178,391,0.823529412,82
178,393,0.823529412,82
178,415,0.823529412,82
178,417,0.823529412,82
178,419,0.823529412,82
178,421,0.823529412,82
178,423,0.823529412,82
178,425,0.823529412,82
178,439,0.823529412,82
178,441,0.823529412,82
178,447,0.823529412,82
178,449,0.823529412,82
178,451,0.823529412,82
178,453,0.823529412,82
178,455,0.823529412,82
178,457,0.823529412,82
178,293,0.8,80
178,295,0.8,80
178,297,0.8,80
178,343,0.8,80
178,345,0.8,80
178,380,0.8,80
178,382,0.8,80
178,396,0.8,80
178,398,0.8,80
178,412,0.8,80
178,414,0.8,80
178,428,0.8,80
178,430,0.8,80
178,444,0.8,80
178,446,0.8,80
178,460,0.8,80
178,462,0.8,80
178,475,0.8,80
178,477,0.8,80
178,491,0.8,80
178,493,0.8,80
178,507,0.8,80
178,509,0.8,80
178,523,0.8,80
178,525,0.8,80
195,315,1,100
195,316,1,100
195,317,1,100
195,318,1,100
195,343,1,100
195,344,1,100
195,345,1,100
195,346,1,100
195,371,1,100
195,372,1,100
195,373,1,100
195,374,1,100
195,399,1,100
195,400,1,100
195,401,1,100
195,402,1,100
195,424,1,100
195,426,1,100
195,427,1,100
195,428,1,100
195,429,1,100
195,430,1,100
195,444,1,100
195,446,1,100
195,448,1,100
195,450,1,100
195,452,1,100
195,454,1,100
195,455,1,100
195,456,1,100
195,457,1,100
195,458,1,100
195,480,1,100
195,482,1,100
195,483,1,100
195,484,1,100
195,485,1,100
195,486,1,100
195,500,1,100
195,502,1,100
195,504,1,100
195,506,1,100
195,508,1,100
195,510,1,100
195,511,1,100
195,512,1,100
195,513,1,100
195,514,1,100
195,536,0.909090909,91
195,538,0.909090909,91
195,539,0.909090909,91
195,540,0.909090909,91
195,541,0.909090909,91
195,542,0.909090909,91
195,556,0.909090909,91
195,558,0.909090909,91
195,560,0.909090909,91
195,562,0.909090909,91
195,564,0.909090909,91
195,566,0.909090909,91
195,567,0.909090909,91
195,568,0.909090909,91
195,569,0.909090909,91
195,570,0.909090909,91
195,592,0.909090909,91
195,594,0.909090909,91
195,595,0.909090909,91
195,596,0.909090909,91
195,597,0.909090909,91
195,598,0.909090909,91
195,612,0.909090909,91
195,614,0.909090909,91
195,616,0.909090909,91
195,618,0.909090909,91
195,620,0.909090909,91
195,622,0.909090909,91
195,623,0.909090909,91
195,624,0.909090909,91
195,625,0.909090909,91
195,626,0.909090909,91
195,648,0.909090909,91
195,650,0.909090909,91
195,651,0.909090909,91
195,652,0.909090909,91
195,653,0.909090909,91
195,654,0.909090909,91
195,668,0.909090909,91
195,670,0.909090909,91
195,672,0.909090909,91
195,674,0.909090909,91
195,676,0.909090909,91
195,678,0.909090909,91
195,679,0.909090909,91
195,680,0.909090909,91
195,681,0.909090909,91
195,682,0.909090909,91
195,368,0.857142857,86
195,370,0.857142857,86
195,388,0.857142857,86
195,390,0.857142857,86
195,392,0.857142857,86
195,394,0.857142857,86
195,396,0.857142857,86
195,398,0.857142857,86
195,451,0.857142857,86
195,453,0.857142857,86
195,472,0.857142857,86
195,474,0.857142857,86
195,476,0.857142857,86
195,478,0.857142857,86
195,499,0.857142857,86
195,501,0.857142857,86
195,503,0.857142857,86
195,505,0.857142857,86
195,507,0.857142857,86
195,509,0.857142857,86
195,584,0.833333333,83
195,588,0.833333333,83
195,312,0.8,80
195,314,0.8,80
195,340,0.8,80
195,342,0.8,80
195,423,0.8,80
195,425,0.8,80
195,443,0.8,80
195,445,0.8,80
195,447,0.8,80
195,449,0.8,80
195,479,0.8,80
195,481,0.8,80
222,315,1,100
222,316,1,100
222,333,1,100
222,334,1,100
222,317,0.909090909,91
222,318,0.909090909,91
222,335,0.909090909,91
222,336,0.909090909,91
222,351,0.909090909,91
222,352,0.909090909,91
222,369,0.909090909,91
222,370,0.909090909,91
222,387,0.909090909,91
222,388,0.909090909,91
222,405,0.909090909,91
222,406,0.909090909,91
222,423,0.909090909,91
222,424,0.909090909,91
222,441,0.909090909,91
222,442,0.909090909,91
222,459,0.909090909,91
222,460,0.909090909,91
222,477,0.909090909,91
222,478,0.909090909,91
222,495,0.909090909,91
222,496,0.909090909,91
222,513,0.909090909,91
222,514,0.909090909,91
222,531,0.909090909,91
222,532,0.909090909,91
222,549,0.909090909,91
222,550,0.909090909,91
222,312,0.857142857,86
222,322,0.857142857,86
222,326,0.857142857,86
222,330,0.857142857,86
222,520,0.833333333,83
222,524,0.833333333,83
222,528,0.833333333,83
222,538,0.833333333,83
222,542,0.833333333,83
222,546,0.833333333,83
222,353,0.8,80
222,354,0.8,80
222,371,0.8,80
222,372,0.8,80
222,389,0.8,80
222,390,0.8,80
222,407,0.8,80
222,408,0.8,80
222,425,0.8,80
222,426,0.8,80
222,443,0.8,80
222,444,0.8,80
222,461,0.8,80
222,462,0.8,80
222,479,0.8,80
222,480,0.8,80
222,497,0.8,80
222,498,0.8,80
222,515,0.8,80
222,516,0.8,80
222,533,0.8,80
222,534,0.8,80
222,551,0.8,80
222,552,0.8,80
224,315,1,100
224,317,1,100
224,343,1,100
224,345,1,100
224,371,0.923076923,92
224,373,0.923076923,92
224,399,0.923076923,92
224,401,0.923076923,92
224,427,0.923076923,92
224,429,0.923076923,92
224,455,0.923076923,92
224,457,0.923076923,92
224,483,0.923076923,92
224,485,0.923076923,92
224,511,0.923076923,92
224,513,0.923076923,92
224,316,0.833333333,83
224,318,0.833333333,83
224,344,0.833333333,83
224,346,0.833333333,83
224,372,0.833333333,83
224,374,0.833333333,83
224,400,0.833333333,83
224,402,0.833333333,83
224,428,0.833333333,83
224,430,0.833333333,83
224,456,0.833333333,83
224,458,0.833333333,83
224,484,0.833333333,83
224,486,0.833333333,83
224,512,0.833333333,83
224,514,0.833333333,83
224,539,0.833333333,83
224,541,0.833333333,83
224,567,0.833333333,83
224,569,0.833333333,83
224,595,0.833333333,83
224,597,0.833333333,83
224,623,0.833333333,83
224,625,0.833333333,83
224,651,0.833333333,83
224,653,0.833333333,83
224,679,0.833333333,83
224,681,0.833333333,83
234,315,1,100
234,331,1,100
234,316,0.909090909,91
234,317,0.909090909,91
234,332,0.909090909,91
234,333,0.909090909,91
234,347,0.909090909,91
234,349,0.909090909,91
234,363,0.909090909,91
234,365,0.909090909,91
234,379,0.909090909,91
234,381,0.909090909,91
234,395,0.909090909,91
234,397,0.909090909,91
234,411,0.909090909,91
234,413,0.909090909,91
234,427,0.909090909,91
234,429,0.909090909,91
234,443,0.909090909,91
234,445,0.909090909,91
234,459,0.909090909,91
234,461,0.909090909,91
234,475,0.909090909,91
234,477,0.909090909,91
234,491,0.909090909,91
234,493,0.909090909,91
234,507,0.909090909,91
234,509,0.909090909,91
234,523,0.909090909,91
234,525,0.909090909,91
234,328,0.833333333,83
234,318,0.8,80
234,327,0.8,80
234,334,0.8,80
234,348,0.8,80
234,350,0.8,80
234,364,0.8,80
234,366,0.8,80
234,380,0.8,80
234,382,0.8,80
234,396,0.8,80
234,398,0.8,80
234,412,0.8,80
234,414,0.8,80
234,428,0.8,80
234,430,0.8,80
234,444,0.8,80
234,446,0.8,80
234,460,0.8,80
234,462,0.8,80
234,476,0.8,80
234,478,0.8,80
234,492,0.8,80
234,494,0.8,80
234,508,0.8,80
234,510,0.8,80
234,524,0.8,80
234,526,0.8,80
235,315,1,100
235,317,1,100
235,331,1,100
235,333,1,100
235,327,0.941176471,94
235,329,0.941176471,94
235,316,0.933333333,93
235,318,0.933333333,93
235,332,0.933333333,93
235,334,0.933333333,93
235,347,0.933333333,93
235,348,0.933333333,93
235,349,0.933333333,93
235,350,0.933333333,93
235,363,0.933333333,93
235,364,0.933333333,93
235,365,0.933333333,93
235,366,0.933333333,93
235,379,0.933333333,93
235,380,0.933333333,93
235,381,0.933333333,93
235,382,0.933333333,93
235,395,0.933333333,93
235,396,0.933333333,93
235,397,0.933333333,93
235,398,0.933333333,93
235,409,0.933333333,93
235,410,0.933333333,93
235,411,0.933333333,93
235,412,0.933333333,93
235,413,0.933333333,93
235,414,0.933333333,93
235,415,0.933333333,93
235,416,0.933333333,93
235,417,0.933333333,93
235,418,0.933333333,93
235,419,0.933333333,93
235,420,0.933333333,93
235,421,0.933333333,93
235,422,0.933333333,93
235,423,0.933333333,93
235,424,0.933333333,93
235,425,0.933333333,93
235,426,0.933333333,93
235,427,0.933333333,93
235,428,0.933333333,93
235,429,0.933333333,93
235,430,0.933333333,93
235,313,0.888888889,89
235,323,0.888888889,89
235,325,0.888888889,89
235,320,0.875,88
235,322,0.875,88
235,324,0.875,88
235,326,0.875,88
235,328,0.875,88
235,330,0.875,88
235,345,0.875,88
235,346,0.875,88
235,351,0.875,88
235,352,0.875,88
235,353,0.875,88
235,354,0.875,88
235,355,0.875,88
235,356,0.875,88
235,357,0.875,88
235,358,0.875,88
235,359,0.875,88
235,360,0.875,88
235,361,0.875,88
235,362,0.875,88
235,377,0.875,88
235,378,0.875,88
235,383,0.875,88
235,384,0.875,88
235,385,0.875,88
235,386,0.875,88
235,387,0.875,88
235,388,0.875,88
235,389,0.875,88
235,390,0.875,88
235,391,0.875,88
235,392,0.875,88
235,393,0.875,88
235,394,0.875,88
235,407,0.875,88
235,408,0.875,88
235,441,0.857142857,86
235,442,0.857142857,86
235,443,0.857142857,86
235,444,0.857142857,86
235,445,0.857142857,86
235,446,0.857142857,86
235,448,0.857142857,86
235,450,0.857142857,86
235,451,0.857142857,86
235,452,0.857142857,86
235,453,0.857142857,86
235,454,0.857142857,86
235,455,0.857142857,86
235,456,0.857142857,86
235,457,0.857142857,86
235,458,0.857142857,86
235,459,0.857142857,86
235,460,0.857142857,86
235,461,0.857142857,86
235,462,0.857142857,86
235,475,0.857142857,86
235,476,0.857142857,86
235,477,0.857142857,86
235,478,0.857142857,86
235,491,0.857142857,86
235,492,0.857142857,86
235,493,0.857142857,86
235,494,0.857142857,86
235,311,0.842105263,84
235,314,0.823529412,82
235,343,0.823529412,82
235,344,0.823529412,82
235,375,0.823529412,82
235,376,0.823529412,82
235,439,0.8,80
235,440,0.8,80
235,447,0.8,80
235,449,0.8,80
235,473,0.8,80
235,474,0.8,80
235,479,0.8,80
235,480,0.8,80
235,481,0.8,80
235,482,0.8,80
235,483,0.8,80
235,484,0.8,80
235,485,0.8,80
235,486,0.8,80
235,487,0.8,80
235,488,0.8,80
235,489,0.8,80
235,490,0.8,80
246,311,1,100
246,343,1,100
246,313,0.999144568,100
246,345,0.999144568,100
246,309,0.864544782,86
246,341,0.864544782,86
246,307,0.864106352,86
246,339,0.864106352,86
246,315,0.857421875,86
246,317,0.857421875,86
246,347,0.857421875,86
246,349,0.857421875,86
257,311,1,100
257,343,1,100
257,313,0.998238403,100
257,345,0.998238403,100
257,307,0.968217934,97
257,339,0.968217934,97
257,309,0.966458215,97
257,341,0.966458215,97
257,315,0.962287105,96
257,347,0.962287105,96
257,317,0.960390006,96
257,349,0.960390006,96
257,303,0.911811865,91
257,335,0.911811865,91
257,305,0.91006424,91
257,337,0.91006424,91
267,311,1,100
267,313,1,100
267,343,1,100
267,345,1,100
267,315,0.973747017,97
267,317,0.973747017,97
267,347,0.973747017,97
267,349,0.973747017,97
267,307,0.972850679,97
267,309,0.972850679,97
267,339,0.972850679,97
267,341,0.972850679,97
267,303,0.922746781,92
267,305,0.922746781,92
267,335,0.922746781,92
267,337,0.922746781,92
283,311,1,100
283,343,1,100
283,313,0.997562957,100
283,345,0.997562957,100
283,307,0.908689249,91
283,339,0.908689249,91
283,309,0.907612712,91
283,341,0.907612712,91
283,315,0.885275519,89
283,347,0.885275519,89
283,317,0.882246377,88
283,349,0.882246377,88
284,311,1,100
284,343,1,100
284,313,0.996598639,100
284,345,0.996598639,100
284,315,0.890977444,89
284,347,0.890977444,89
284,307,0.887218045,89
284,339,0.887218045,89
284,317,0.886792453,89
284,349,0.886792453,89
284,309,0.883861237,88
284,341,0.883861237,88