dataset_id,model_id,F1_Score
100,452, 0.923076923076923
167,344, 1.0
142,486, 0.923076923076923
67,419, 0.9333333333333333
16,345, 0.9333333333333333
44,503, 0.923076923076923
258,349, 0.9602932193036041
158,518, 0.9090909090909091
166,346, 0.9090909090909091
203,346, 1.0
104,430, 1.0
221,500, 1.0
232,679, 0.9090909090909091
156,390, 1.0
29,334, 0.9333333333333333
86,332, 0.9090909090909091
176,513, 0.9090909090909091
142,514, 0.923076923076923
184,402, 0.9090909090909091
212,513, 0.9090909090909091
75,316, 1.0
179,395, 1.0
191,497, 0.9333333333333333
35,311, 1.0
44,330, 0.9090909090909091
77,569, 0.9090909090909091
190,317, 1.0
180,371, 1.0
202,654, 0.9090909090909091
100,502, 0.923076923076923
44,459, 1.0
85,315, 1.0
25,312, 0.9565217391304348
196,365, 1.0
184,508, 1.0
151,427, 1.0
175,318, 1.0
49,452, 0.923076923076923
214,510, 1.0
81,484, 0.923076923076923
82,457, 1.0
85,395, 1.0
237,311, 1.0
193,506, 1.0
86,368, 0.9090909090909091
66,511, 0.9090909090909091
190,598, 0.9090909090909091
175,461, 1.0
72,459, 1.0
60,573, 0.923076923076923
211,557, 0.923076923076923
148,428, 1.0
68,478, 1.0
82,483, 1.0
82,429, 1.0
163,312, 0.923076923076923
132,458, 1.0
183,347, 1.0
54,415, 1.0
29,336, 0.9333333333333333
29,333, 0.9333333333333333
64,331, 1.0
270,343, 1.0
153,456, 1.0
130,457, 1.0
155,427, 1.0
104,482, 1.0
142,506, 0.923076923076923
100,456, 0.923076923076923
193,485, 1.0
32,312, 1.0
150,318, 1.0
46,653, 0.9090909090909091
175,477, 1.0
144,491, 1.0
204,483, 1.0
180,400, 1.0
73,374, 1.0
156,363, 1.0
123,397, 0.9
180,486, 0.9090909090909091
205,509, 1.0
226,623, 0.9090909090909091
187,445, 1.0
59,347, 0.9090909090909091
133,511, 1.0
58,452, 0.9090909090909091
108,598, 0.9090909090909091
142,500, 0.923076923076923
190,625, 0.9090909090909091
205,362, 1.0
264,309, 0.9663157894736842
181,446, 1.0
248,345, 0.9927826784282278
125,428, 0.923076923076923
159,379, 1.0
180,455, 0.9090909090909091
74,429, 1.0
83,652, 0.9090909090909091
84,484, 1.0
176,457, 0.9090909090909091
101,539, 0.9090909090909091
51,371, 0.923076923076923
96,397, 1.0
134,455, 0.9090909090909091
205,482, 1.0
76,380, 1.0
81,486, 0.923076923076923
181,650, 0.9090909090909091
54,437, 1.0
162,618, 0.9090909090909091
19,327, 0.923076923076923
227,575, 1.0
132,568, 0.9090909090909091
219,413, 1.0
198,331, 1.0
96,315, 1.0
106,315, 1.0
196,427, 0.923076923076923
46,508, 0.923076923076923
227,510, 0.923076923076923
87,371, 1.0
227,444, 0.923076923076923
129,568, 0.9090909090909091
117,332, 0.9473684210526316
176,485, 0.9090909090909091
209,476, 1.0
57,475, 1.0
57,416, 1.0
227,551, 0.923076923076923
207,483, 0.9090909090909091
211,435, 0.923076923076923
46,681, 0.9090909090909091
140,408, 0.923076923076923
184,486, 0.9090909090909091
60,436, 0.9090909090909091
163,368, 0.923076923076923
197,452, 1.0
52,349, 0.9473684210526316
117,364, 0.9473684210526316
259,311, 1.0
132,567, 0.9090909090909091
264,317, 0.9811738648947952
95,502, 0.9090909090909091
139,577, 0.923076923076923
230,414, 1.0
217,317, 1.0
263,313, 0.9971098265895955
162,317, 1.0
50,653, 0.9090909090909091
148,524, 1.0
139,414, 0.923076923076923
95,539, 0.9090909090909091
214,460, 1.0
43,488, 0.9090909090909091
77,539, 0.9090909090909091
99,412, 1.0
212,427, 1.0
101,315, 1.0
95,485, 1.0
158,455, 0.9090909090909091
160,405, 0.9090909090909091
35,313, 1.0
151,461, 1.0
249,341, 0.9001406469760899
158,456, 0.9090909090909091
197,484, 1.0
221,401, 0.9090909090909091
147,336, 1.0
76,458, 0.9090909090909091
140,496, 0.923076923076923
152,346, 1.0
142,427, 0.923076923076923
83,507, 0.923076923076923
150,454, 0.923076923076923
108,374, 1.0
47,316, 0.9411764705882353
11,316, 0.9411764705882353
227,435, 1.0
179,335, 1.0
220,344, 0.9090909090909091
36,330, 0.9333333333333333
201,364, 0.9333333333333333
230,315, 1.0
96,517, 1.0
31,343, 0.9333333333333333
85,461, 0.9333333333333333
45,625, 0.9090909090909091
95,456, 0.9090909090909091
221,614, 0.9090909090909091
164,315, 1.0
86,536, 1.0
151,318, 1.0
151,316, 1.0
158,415, 0.9090909090909091
212,317, 0.9090909090909091
190,428, 1.0
223,363, 0.9523809523809523
169,455, 1.0
151,429, 1.0
149,329, 0.9090909090909091
101,541, 0.9090909090909091
229,359, 0.9090909090909091
184,446, 0.9090909090909091
163,539, 0.9090909090909091
101,373, 1.0
194,538, 0.9090909090909091
67,318, 1.0
184,512, 1.0
75,317, 1.0
162,315, 1.0
218,445, 1.0
197,340, 1.0
87,343, 1.0
188,326, 0.9090909090909091
96,370, 0.923076923076923
49,484, 1.0
67,420, 0.9333333333333333
227,334, 0.923076923076923
100,500, 0.923076923076923
205,507, 1.0
63,484, 0.9090909090909091
180,485, 0.9090909090909091
194,626, 0.9090909090909091
52,332, 0.9473684210526316
101,623, 0.9090909090909091
194,430, 1.0
46,316, 1.0
51,344, 0.923076923076923
223,348, 0.9
155,567, 0.9090909090909091
4,344, 0.923076923076923
108,317, 1.0
83,344, 1.0
140,332, 1.0
156,389, 1.0
4,343, 0.923076923076923
96,554, 1.0
44,487, 1.0
182,428, 1.0
104,444, 0.923076923076923
104,342, 0.923076923076923
82,458, 1.0
179,556, 1.0
117,316, 0.9473684210526316
63,486, 0.9090909090909091
194,317, 1.0
108,345, 1.0
145,510, 0.9090909090909091
46,486, 1.0
100,315, 1.0
50,542, 0.9090909090909091
54,438, 1.0
67,333, 1.0
86,366, 0.9090909090909091
44,444, 0.9090909090909091
44,447, 0.923076923076923
121,443, 1.0
46,455, 1.0
43,330, 0.9090909090909091
118,374, 0.9090909090909091
266,335, 0.9333333333333333
189,316, 0.923076923076923
45,510, 0.923076923076923
159,445, 1.0
140,512, 1.0
167,539, 0.9090909090909091
214,446, 1.0
60,577, 1.0
190,424, 0.923076923076923
45,458, 1.0
147,355, 1.0
87,373, 1.0
197,371, 1.0
233,388, 0.923076923076923
209,332, 1.0
44,446, 0.9090909090909091
84,450, 0.9090909090909091
200,417, 1.0
156,380, 0.9090909090909091
147,376, 1.0
156,432, 0.9090909090909091
61,365, 0.9411764705882353
76,510, 1.0
86,374, 0.9090909090909091
87,570, 0.9090909090909091
214,365, 1.0
159,331, 1.0
44,489, 1.0
181,452, 1.0
169,680, 0.9090909090909091
258,339, 0.9626696832579186
227,404, 0.923076923076923
140,316, 1.0
205,450, 1.0
86,336, 1.0
157,333, 1.0
258,335, 0.9043570669500531
106,486, 0.923076923076923
202,370, 0.923076923076923
202,315, 1.0
130,623, 0.9090909090909091
204,513, 1.0
167,486, 1.0
77,400, 1.0
150,458, 1.0
193,504, 1.0
133,486, 1.0
214,429, 1.0
259,335, 0.9117341640706127
227,338, 1.0
104,594, 0.9090909090909091
86,556, 1.0
202,372, 1.0
255,339, 0.9109217660728117
232,401, 0.9090909090909091
123,352, 0.9523809523809523
188,335, 1.0
155,484, 1.0
191,371, 0.9333333333333333
109,437, 1.0
84,374, 0.9090909090909091
48,395, 1.0
174,415, 1.0
187,397, 1.0
67,461, 0.9333333333333333
232,484, 1.0
197,444, 1.0
187,461, 1.0
232,317, 0.9090909090909091
194,506, 1.0
77,315, 1.0
44,382, 0.9090909090909091
83,542, 0.9090909090909091
121,507, 1.0
159,412, 0.9090909090909091
77,508, 1.0
67,392, 0.9333333333333333
117,334, 0.9473684210526316
194,570, 0.9090909090909091
153,317, 1.0
52,362, 0.9
49,541, 0.9090909090909091
86,534, 0.9090909090909091
145,343, 1.0
52,315, 1.0
189,315, 1.0
266,309, 0.9706457925636008
96,567, 0.923076923076923
64,363, 0.923076923076923
60,357, 1.0
227,335, 1.0
196,491, 0.923076923076923
92,504, 0.923076923076923
214,462, 1.0
98,317, 1.0
203,513, 1.0
16,313, 1.0
264,343, 1.0
252,341, 0.9102473498233214
28,314, 0.9411764705882353
87,595, 0.9090909090909091
123,332, 0.9523809523809523
248,311, 1.0
130,451, 0.923076923076923
230,390, 1.0
215,418, 1.0
110,333, 0.9473684210526316
43,576, 1.0
51,399, 0.923076923076923
213,513, 0.9333333333333333
187,334, 1.0
229,353, 0.9090909090909091
57,375, 1.0
163,318, 0.9090909090909091
181,556, 0.9090909090909091
104,425, 0.923076923076923
44,366, 0.9090909090909091
184,541, 0.9090909090909091
197,682, 0.9090909090909091
10,312, 1.0
147,577, 1.0
205,332, 1.0
46,315, 1.0
45,567, 0.9090909090909091
156,317, 1.0
85,386, 0.9333333333333333
64,379, 0.923076923076923
49,513, 1.0
132,457, 1.0
207,346, 0.9090909090909091
230,462, 1.0
145,458, 0.9090909090909091
150,346, 1.0
96,355, 1.0
162,316, 1.0
63,455, 1.0
76,348, 1.0
48,355, 1.0
110,360, 0.9473684210526316
200,495, 1.0
104,668, 0.9090909090909091
221,654, 0.9090909090909091
140,461, 1.0
76,480, 0.9090909090909091
164,515, 1.0
158,358, 0.9090909090909091
247,313, 0.9924385633270322
174,315, 1.0
104,452, 1.0
85,348, 0.9333333333333333
68,435, 1.0
152,624, 0.9090909090909091
230,426, 1.0
194,562, 0.9090909090909091
202,343, 1.0
148,334, 1.0
183,316, 1.0
197,398, 1.0
226,371, 1.0
233,428, 0.9090909090909091
95,653, 0.9090909090909091
227,450, 0.923076923076923
106,374, 0.923076923076923
73,430, 1.0
197,392, 1.0
153,401, 1.0
258,347, 0.9621951219512195
169,344, 1.0
129,485, 0.9090909090909091
169,317, 1.0
169,318, 1.0
124,486, 0.923076923076923
64,295, 0.923076923076923
48,497, 1.0
92,508, 0.923076923076923
108,654, 0.9090909090909091
140,331, 1.0
202,542, 0.9090909090909091
82,401, 1.0
163,340, 0.923076923076923
96,514, 0.923076923076923
58,508, 0.9090909090909091
202,564, 0.9090909090909091
179,555, 1.0
205,420, 1.0
265,313, 0.9979035639412999
179,336, 1.0
118,402, 0.9090909090909091
65,373, 0.9333333333333333
202,428, 1.0
94,484, 1.0
147,537, 1.0
152,541, 0.9090909090909091
84,597, 0.9090909090909091
76,315, 1.0
190,483, 1.0
102,415, 1.0
50,373, 1.0
92,455, 0.923076923076923
163,429, 0.9090909090909091
73,455, 1.0
96,446, 0.923076923076923
215,376, 1.0
108,651, 0.9090909090909091
233,392, 0.923076923076923
85,459, 0.9333333333333333
44,494, 0.9090909090909091
175,398, 1.0
104,569, 0.9090909090909091
14,343, 0.9411764705882353
152,650, 0.9090909090909091
36,324, 0.9333333333333333
193,371, 1.0
57,496, 1.0
270,311, 1.0
87,597, 0.9090909090909091
152,514, 1.0
230,424, 1.0
230,522, 1.0
184,540, 0.9090909090909091
132,373, 1.0
155,345, 1.0
232,486, 0.9090909090909091
184,317, 0.9090909090909091
86,356, 1.0
155,616, 0.9090909090909091
132,542, 0.9090909090909091
175,445, 1.0
194,392, 0.923076923076923
126,338, 1.0
139,552, 0.923076923076923
158,398, 0.9090909090909091
197,426, 0.923076923076923
159,429, 1.0
140,334, 1.0
175,430, 1.0
80,540, 0.9090909090909091
158,555, 0.9090909090909091
42,395, 0.9411764705882353
180,340, 0.923076923076923
232,430, 0.9090909090909091
44,360, 0.9090909090909091
145,402, 0.9090909090909091
130,595, 0.9090909090909091
162,654, 0.9090909090909091
226,315, 1.0
167,372, 1.0
179,575, 1.0
166,340, 0.923076923076923
258,305, 0.9020234291799787
227,448, 0.923076923076923
99,363, 1.0
101,317, 1.0
50,568, 0.9090909090909091
184,429, 0.9090909090909091
218,364, 1.0
104,679, 0.9090909090909091
197,672, 0.9090909090909091
64,318, 0.923076923076923
184,566, 0.9090909090909091
140,459, 1.0
43,458, 1.0
109,557, 1.0
226,483, 1.0
153,511, 1.0
156,413, 1.0
104,622, 0.9090909090909091
107,340, 1.0
68,396, 1.0
202,513, 1.0
164,475, 1.0
221,681, 0.9090909090909091
163,616, 0.9090909090909091
124,456, 0.923076923076923
189,371, 1.0
142,402, 1.0
167,484, 1.0
109,517, 1.0
229,361, 0.9090909090909091
132,371, 1.0
184,340, 0.923076923076923
197,401, 1.0
187,475, 1.0
220,430, 0.9090909090909091
43,452, 0.9090909090909091
67,390, 0.9333333333333333
163,483, 1.0
167,653, 0.9090909090909091
159,414, 0.9090909090909091
125,452, 0.923076923076923
120,343, 1.0
233,399, 1.0
196,348, 1.0
264,337, 0.9216867469879518
182,429, 1.0
133,427, 1.0
181,564, 0.9090909090909091
135,355, 0.9523809523809523
148,332, 1.0
68,337, 1.0
202,570, 0.9090909090909091
96,316, 1.0
162,650, 0.9090909090909091
162,371, 1.0
186,363, 1.0
37,314, 0.9411764705882353
43,332, 0.9090909090909091
180,399, 1.0
60,458, 0.9090909090909091
101,427, 1.0
82,399, 1.0
118,458, 0.9090909090909091
261,349, 0.9622528460155781
152,680, 0.9090909090909091
190,401, 1.0
66,371, 1.0
205,414, 1.0
86,496, 1.0
230,364, 1.0
148,348, 1.0
156,430, 0.9090909090909091
92,430, 0.923076923076923
205,331, 1.0
140,504, 1.0
140,482, 1.0
204,485, 1.0
54,536, 1.0
255,307, 0.9109217660728117
175,493, 1.0
166,400, 1.0
181,444, 1.0
194,424, 1.0
205,350, 1.0
209,427, 1.0
50,426, 1.0
203,401, 1.0
183,411, 1.0
215,576, 1.0
190,345, 1.0
262,339, 0.9176788124156545
132,317, 1.0
202,536, 0.9090909090909091
80,373, 0.9090909090909091
184,568, 0.9090909090909091
211,357, 0.923076923076923
160,333, 1.0
148,331, 1.0
153,372, 1.0
177,452, 0.923076923076923
87,429, 1.0
132,506, 0.923076923076923
151,413, 1.0
82,454, 0.9090909090909091
231,346, 1.0
41,344, 1.0
81,402, 1.0
129,373, 0.9090909090909091
139,517, 0.923076923076923
163,373, 0.9090909090909091
202,374, 1.0
188,328, 0.9090909090909091
60,338, 0.9090909090909091
173,349, 0.9473684210526316
181,654, 0.9090909090909091
162,450, 1.0
76,332, 1.0
206,535, 0.9090909090909091
152,512, 1.0
187,509, 1.0
175,478, 1.0
194,653, 0.9090909090909091
158,477, 0.9090909090909091
8,313, 0.923076923076923
80,486, 0.9090909090909091
77,456, 1.0
184,514, 0.9090909090909091
144,396, 1.0
142,343, 1.0
181,668, 0.9090909090909091
130,511, 1.0
159,381, 1.0
68,536, 1.0
193,390, 0.9090909090909091
200,455, 1.0
208,512, 0.923076923076923
96,497, 1.0
43,326, 0.9090909090909091
51,345, 0.923076923076923
96,566, 1.0
84,676, 0.9090909090909091
202,538, 0.9090909090909091
85,318, 0.9333333333333333
223,332, 0.9523809523809523
233,456, 0.9090909090909091
68,378, 1.0
130,642, 0.9090909090909091
156,483, 1.0
218,492, 1.0
152,455, 1.0
140,462, 1.0
67,451, 0.9333333333333333
250,345, 0.996078431372549
187,524, 1.0
48,397, 1.0
215,518, 1.0
43,566, 0.9090909090909091
34,344, 0.9333333333333333
67,427, 0.9333333333333333
155,678, 0.9090909090909091
206,476, 0.9090909090909091
130,625, 0.9090909090909091
213,373, 0.9333333333333333
153,500, 1.0
62,343, 1.0
232,510, 0.9090909090909091
68,457, 1.0
189,400, 0.923076923076923
118,346, 0.9090909090909091
166,428, 0.9090909090909091
100,458, 0.923076923076923
133,484, 1.0
112,455, 0.923076923076923
194,672, 0.9090909090909091
219,493, 1.0
96,518, 1.0
140,503, 0.923076923076923
177,597, 0.923076923076923
194,652, 0.9090909090909091
194,618, 0.9090909090909091
77,542, 0.9090909090909091
67,425, 0.9333333333333333
160,334, 0.9090909090909091
211,318, 0.923076923076923
155,668, 0.9090909090909091
203,343, 1.0
212,402, 0.9090909090909091
25,314, 0.9565217391304348
179,415, 1.0
232,513, 0.9090909090909091
164,496, 1.0
157,316, 0.9
95,446, 0.9090909090909091
223,317, 0.9523809523809523
95,427, 1.0
230,480, 1.0
43,572, 0.9090909090909091
199,430, 0.923076923076923
202,506, 1.0
150,514, 1.0
163,428, 1.0
97,331, 1.0
215,417, 1.0
167,598, 0.9090909090909091
118,317, 0.9090909090909091
183,526, 1.0
159,446, 0.9090909090909091
182,424, 0.9090909090909091
194,569, 0.9090909090909091
38,312, 1.0
227,512, 0.923076923076923
181,670, 0.9090909090909091
49,482, 0.923076923076923
190,485, 1.0
153,400, 1.0
94,508, 0.9090909090909091
48,357, 1.0
98,347, 0.9523809523809523
258,307, 0.9626696832579186
97,315, 1.0
45,680, 0.9090909090909091
145,373, 0.9090909090909091
123,379, 0.9
162,672, 0.9090909090909091
67,430, 0.9333333333333333
148,492, 1.0
152,511, 1.0
227,516, 1.0
206,475, 0.9090909090909091
123,355, 1.0
206,318, 0.9090909090909091
43,496, 1.0
102,495, 1.0
68,356, 1.0
132,508, 0.923076923076923
121,524, 1.0
43,404, 0.9090909090909091
50,502, 0.923076923076923
159,301, 0.9090909090909091
202,474, 0.923076923076923
155,450, 1.0
100,372, 1.0
214,475, 1.0
109,577, 1.0
45,343, 1.0
155,568, 0.9090909090909091
162,510, 1.0
123,331, 1.0
65,455, 0.9333333333333333
109,317, 1.0
181,680, 0.9090909090909091
41,340, 0.9090909090909091
1,311, 1.0
76,525, 1.0
60,317, 1.0
159,443, 1.0
118,539, 0.9090909090909091
104,650, 0.9090909090909091
187,381, 1.0
102,337, 1.0
181,567, 0.9090909090909091
139,330, 1.0
142,508, 0.923076923076923
187,427, 1.0
140,318, 1.0
221,562, 0.9090909090909091
219,347, 1.0
49,399, 1.0
220,595, 0.9090909090909091
123,393, 0.9
83,654, 0.9090909090909091
197,344, 1.0
147,317, 1.0
139,488, 0.923076923076923
158,318, 1.0
12,314, 0.9166666666666666
67,391, 0.9333333333333333
190,513, 1.0
121,315, 1.0
182,318, 1.0
95,345, 1.0
151,366, 1.0
206,357, 0.9090909090909091
152,427, 1.0
31,345, 0.9333333333333333
232,428, 1.0
260,337, 0.9075175770686857
67,417, 0.9333333333333333
208,483, 0.923076923076923
227,476, 1.0
54,318, 1.0
134,456, 0.9090909090909091
96,476, 1.0
125,511, 0.923076923076923
208,371, 0.923076923076923
96,378, 1.0
207,315, 1.0
102,417, 1.0
225,427, 1.0
198,334, 0.9411764705882353
225,343, 1.0
153,342, 0.9090909090909091
264,305, 0.9216867469879518
85,364, 0.9333333333333333
51,513, 0.923076923076923
214,366, 1.0
190,446, 0.923076923076923
123,360, 0.9523809523809523
81,512, 0.923076923076923
102,457, 1.0
148,411, 1.0
179,477, 1.0
169,429, 1.0
14,312, 0.9411764705882353
176,316, 0.9090909090909091
101,484, 0.9090909090909091
148,446, 1.0
194,484, 1.0
49,680, 0.9090909090909091
80,502, 0.9090909090909091
151,315, 1.0
231,394, 0.9333333333333333
123,357, 1.0
99,379, 1.0
67,316, 1.0
46,317, 1.0
130,564, 0.9090909090909091
181,568, 0.9090909090909091
214,348, 1.0
163,317, 0.9090909090909091
265,309, 0.967479674796748
184,424, 0.923076923076923
86,318, 1.0
150,457, 1.0
80,596, 0.9090909090909091
63,346, 0.9090909090909091
13,353, 0.9565217391304348
232,483, 1.0
176,318, 0.9090909090909091
77,511, 1.0
78,317, 1.0
173,331, 1.0
81,368, 0.9333333333333333
218,317, 1.0
233,483, 0.9090909090909091
194,455, 1.0
130,345, 1.0
167,374, 1.0
205,366, 1.0
203,428, 1.0
197,568, 0.9090909090909091
190,457, 1.0
67,411, 0.9333333333333333
264,307, 0.9674027339642481
227,312, 0.923076923076923
158,536, 0.9090909090909091
193,511, 1.0
202,616, 0.9090909090909091
158,355, 0.9090909090909091
7,314, 0.9473684210526316
159,477, 0.9090909090909091
212,556, 0.9090909090909091
11,317, 0.9411764705882353
150,446, 0.923076923076923
166,343, 1.0
203,486, 1.0
132,455, 1.0
151,350, 1.0
223,316, 0.9523809523809523
130,372, 1.0
86,577, 1.0
254,343, 1.0
51,317, 0.923076923076923
84,619, 0.9090909090909091
140,456, 1.0
129,651, 0.9090909090909091
139,555, 0.923076923076923
182,502, 1.0
184,485, 0.9090909090909091
108,596, 0.9090909090909091
29,318, 0.9333333333333333
57,356, 1.0
181,624, 0.9090909090909091
139,494, 0.923076923076923
130,620, 0.9090909090909091
43,448, 0.9090909090909091
194,654, 0.9090909090909091
219,364, 1.0
155,456, 1.0
141,373, 0.9411764705882353
77,374, 0.9090909090909091
63,345, 1.0
212,452, 0.923076923076923
155,650, 0.9090909090909091
209,347, 1.0
169,512, 1.0
64,349, 0.923076923076923
180,458, 0.9090909090909091
76,484, 0.9090909090909091
256,313, 0.9982905982905983
204,401, 1.0
181,539, 0.9090909090909091
155,556, 0.9090909090909091
44,426, 0.9090909090909091
201,348, 0.9333333333333333
264,345, 0.9989118607181718
64,461, 0.923076923076923
104,540, 0.9090909090909091
102,335, 1.0
152,538, 0.9090909090909091
175,526, 1.0
252,309, 0.9102473498233214
207,458, 0.9090909090909091
203,429, 1.0
183,363, 1.0
156,459, 1.0
95,514, 0.9090909090909091
202,457, 1.0
158,517, 0.9090909090909091
147,375, 1.0
95,343, 1.0
76,490, 0.9090909090909091
205,358, 1.0
96,418, 1.0
205,508, 1.0
80,371, 1.0
149,365, 0.9523809523809523
147,472, 0.9090909090909091
43,524, 0.9090909090909091
99,476, 1.0
43,435, 1.0
86,455, 1.0
170,359, 0.9090909090909091
172,383, 0.9473684210526316
130,340, 0.923076923076923
52,350, 0.9473684210526316
182,374, 1.0
221,513, 0.9090909090909091
263,339, 0.9137590520078999
179,535, 1.0
29,314, 1.0
85,385, 0.9411764705882353
83,651, 0.9090909090909091
44,510, 0.9090909090909091
68,458, 1.0
152,508, 1.0
50,428, 1.0
20,345, 0.9411764705882353
175,366, 1.0
180,398, 0.923076923076923
194,596, 0.9090909090909091
179,357, 1.0
184,396, 0.923076923076923
150,569, 0.9090909090909091
152,597, 0.9090909090909091
176,374, 0.9090909090909091
76,512, 0.9090909090909091
212,400, 1.0
82,504, 0.9090909090909091
199,502, 0.923076923076923
162,595, 0.9090909090909091
147,564, 0.9090909090909091
104,450, 0.923076923076923
77,345, 0.9090909090909091
260,307, 0.9718552556002298
50,513, 1.0
0,345, 0.9951597289448209
85,333, 1.0
231,372, 0.9333333333333333
140,444, 1.0
129,427, 1.0
184,598, 0.9090909090909091
130,317, 1.0
252,343, 1.0
151,297, 1.0
86,412, 0.9090909090909091
57,516, 1.0
251,311, 1.0
42,348, 0.9411764705882353
251,343, 1.0
202,595, 0.9090909090909091
133,429, 1.0
50,485, 1.0
155,597, 0.9090909090909091
76,506, 0.9090909090909091
83,343, 1.0
104,370, 0.923076923076923
140,314, 0.923076923076923
218,318, 1.0
147,475, 1.0
215,438, 1.0
197,541, 0.9090909090909091
83,598, 0.9090909090909091
198,347, 0.9411764705882353
179,576, 1.0
159,427, 1.0
193,343, 1.0
181,679, 0.9090909090909091
65,345, 1.0
181,676, 0.9090909090909091
199,400, 1.0
194,567, 0.9090909090909091
232,480, 0.923076923076923
144,523, 1.0
167,681, 0.9090909090909091
203,455, 1.0
77,570, 0.9090909090909091
213,396, 0.9333333333333333
151,331, 1.0
167,506, 1.0
213,315, 1.0
202,482, 1.0
48,535, 1.0
230,509, 1.0
4,312, 1.0
155,622, 0.9090909090909091
119,346, 0.923076923076923
230,494, 1.0
227,437, 1.0
130,567, 0.9090909090909091
50,317, 1.0
36,320, 0.9333333333333333
209,412, 1.0
268,343, 1.0
177,506, 0.923076923076923
184,315, 1.0
121,379, 1.0
147,558, 1.0
189,343, 1.0
67,354, 0.9411764705882353
99,519, 0.9090909090909091
191,571, 0.9333333333333333
102,317, 1.0
44,377, 0.923076923076923
66,372, 0.9090909090909091
110,352, 0.9473684210526316
211,415, 0.923076923076923
159,348, 0.9090909090909091
74,483, 1.0
86,576, 1.0
142,342, 0.9333333333333333
150,315, 1.0
49,651, 0.9090909090909091
123,315, 1.0
77,620, 0.9090909090909091
77,612, 0.9090909090909091
215,578, 1.0
189,317, 0.923076923076923
41,428, 1.0
152,315, 1.0
215,336, 1.0
67,385, 0.9333333333333333
228,349, 0.9
142,344, 1.0
104,614, 0.9090909090909091
163,396, 0.923076923076923
181,472, 0.923076923076923
232,564, 0.9090909090909091
191,355, 0.9333333333333333
101,512, 0.9090909090909091
185,459, 1.0
213,485, 0.9333333333333333
108,626, 0.9090909090909091
83,401, 1.0
72,411, 1.0
129,513, 0.9090909090909091
42,347, 1.0
226,679, 0.9090909090909091
152,485, 1.0
180,484, 0.9090909090909091
199,316, 1.0
199,318, 1.0
220,541, 0.9090909090909091
63,374, 0.9090909090909091
95,402, 0.9090909090909091
196,334, 1.0
140,428, 1.0
179,315, 1.0
43,450, 0.9090909090909091
177,681, 0.923076923076923
48,475, 1.0
86,417, 1.0
44,441, 0.923076923076923
82,345, 1.0
226,344, 0.9090909090909091
181,392, 0.923076923076923
84,424, 0.923076923076923
48,417, 1.0
194,340, 0.923076923076923
148,476, 1.0
177,483, 1.0
54,356, 1.0
232,454, 0.9090909090909091
180,456, 0.9090909090909091
95,511, 1.0
213,316, 0.9333333333333333
179,537, 1.0
66,343, 1.0
145,318, 1.0
194,680, 0.9090909090909091
43,475, 1.0
211,316, 0.923076923076923
49,458, 1.0
41,500, 0.9090909090909091
219,381, 1.0
67,396, 0.9333333333333333
225,371, 1.0
68,515, 1.0
159,507, 0.9090909090909091
177,372, 0.923076923076923
63,316, 0.9090909090909091
230,379, 1.0
97,318, 0.9090909090909091
124,374, 1.0
20,313, 0.9411764705882353
215,498, 1.0
112,346, 0.923076923076923
166,317, 0.9090909090909091
68,335, 1.0
121,380, 1.0
49,428, 1.0
81,340, 1.0
80,427, 1.0
149,358, 0.9
220,511, 1.0
102,497, 1.0
205,445, 1.0
206,537, 0.9090909090909091
127,318, 0.9411764705882353
96,552, 1.0
212,485, 0.9090909090909091
81,400, 1.0
83,514, 1.0
199,394, 0.9333333333333333
68,570, 0.9090909090909091
80,402, 0.9090909090909091
182,457, 1.0
80,510, 0.9090909090909091
125,368, 0.9333333333333333
108,484, 1.0
101,455, 1.0
199,429, 0.923076923076923
149,360, 0.9
218,379, 1.0
202,318, 1.0
144,412, 1.0
63,456, 0.9090909090909091
124,402, 1.0
173,363, 0.9473684210526316
288,345, 0.9973661106233538
220,345, 1.0
148,493, 1.0
87,654, 0.9090909090909091
177,344, 0.923076923076923
202,623, 0.9090909090909091
199,483, 0.923076923076923
41,508, 0.9090909090909091
99,459, 1.0
194,486, 1.0
200,315, 1.0
155,594, 0.9090909090909091
150,504, 0.923076923076923
50,400, 1.0
230,476, 1.0
135,351, 0.9523809523809523
45,448, 0.923076923076923
175,365, 1.0
151,428, 1.0
109,455, 1.0
52,318, 0.9473684210526316
163,455, 1.0
96,450, 0.923076923076923
56,354, 0.9333333333333333
200,555, 1.0
124,429, 0.923076923076923
140,460, 1.0
169,654, 0.9090909090909091
252,349, 0.9033898305084745
62,315, 1.0
66,427, 0.9090909090909091
194,679, 0.9090909090909091
45,595, 0.9090909090909091
228,347, 0.9
84,396, 0.923076923076923
191,553, 0.9333333333333333
194,511, 1.0
29,315, 0.9333333333333333
60,558, 0.9090909090909091
182,430, 1.0
167,654, 0.9090909090909091
193,456, 1.0
87,510, 0.923076923076923
206,437, 0.9090909090909091
41,444, 0.9090909090909091
194,346, 1.0
80,560, 0.9090909090909091
239,345, 0.9931506849315068
233,457, 0.9090909090909091
156,340, 1.0
181,642, 0.9090909090909091
87,317, 1.0
203,373, 1.0
92,485, 0.923076923076923
121,526, 1.0
156,474, 0.9090909090909091
163,424, 1.0
220,456, 0.9090909090909091
64,297, 0.923076923076923
105,315, 1.0
45,401, 1.0
99,364, 1.0
205,316, 1.0
63,567, 0.9090909090909091
44,361, 1.0
41,372, 1.0
164,316, 1.0
221,340, 0.923076923076923
41,484, 1.0
199,314, 0.9333333333333333
49,345, 1.0
104,458, 1.0
43,555, 1.0
99,475, 1.0
156,424, 0.9090909090909091
64,427, 0.923076923076923
179,498, 1.0
220,427, 1.0
221,616, 0.9090909090909091
102,552, 0.9090909090909091
215,558, 1.0
189,427, 0.923076923076923
218,332, 1.0
63,651, 0.9090909090909091
86,475, 1.0
63,401, 1.0
123,348, 0.9523809523809523
266,315, 0.977366255144033
130,458, 1.0
152,344, 1.0
202,539, 0.9090909090909091
153,402, 1.0
19,311, 1.0
106,456, 1.0
200,477, 1.0
261,305, 0.9028871391076114
148,350, 1.0
177,504, 0.923076923076923
110,317, 0.9473684210526316
196,316, 1.0
205,427, 1.0
45,512, 1.0
80,444, 1.0
121,363, 1.0
83,346, 1.0
81,342, 1.0
140,455, 0.923076923076923
231,390, 0.9333333333333333
130,513, 1.0
43,378, 1.0
219,334, 1.0
60,478, 0.9090909090909091
119,315, 1.0
147,337, 1.0
203,315, 1.0
101,345, 1.0
77,622, 0.9090909090909091
167,429, 1.0
190,315, 1.0
252,347, 0.9061707523245984
169,427, 1.0
205,475, 1.0
232,485, 0.9090909090909091
155,541, 0.9090909090909091
107,314, 1.0
229,333, 1.0
130,399, 1.0
147,434, 0.9090909090909091
140,386, 0.923076923076923
26,313, 1.0
218,365, 1.0
29,316, 0.9333333333333333
181,562, 0.9090909090909091
183,429, 1.0
151,510, 1.0
57,377, 1.0
140,379, 1.0
147,378, 1.0
194,612, 0.9090909090909091
186,317, 1.0
155,506, 1.0
68,375, 1.0
153,502, 1.0
134,373, 0.9090909090909091
218,381, 1.0
188,315, 1.0
208,344, 1.0
106,539, 0.923076923076923
147,316, 1.0
50,678, 0.9090909090909091
121,332, 1.0
135,333, 0.9523809523809523
19,317, 0.923076923076923
80,514, 0.9090909090909091
207,430, 0.9090909090909091
256,311, 1.0
194,480, 1.0
81,485, 0.923076923076923
139,358, 0.923076923076923
148,525, 1.0
80,623, 0.9090909090909091
72,339, 1.0
227,418, 1.0
25,313, 1.0
193,508, 1.0
232,511, 1.0
214,396, 1.0
184,506, 0.9090909090909091
84,668, 0.9090909090909091
179,558, 1.0
75,315, 1.0
44,505, 0.923076923076923
104,680, 0.9090909090909091
227,375, 1.0
86,495, 1.0
227,315, 1.0
65,315, 1.0
181,428, 1.0
56,332, 1.0
187,347, 1.0
41,399, 1.0
259,337, 0.908237747653806
76,444, 1.0
164,375, 1.0
218,333, 1.0
223,349, 0.9
159,349, 1.0
258,303, 0.9043570669500531
145,428, 0.9090909090909091
44,526, 0.9090909090909091
194,508, 1.0
205,429, 1.0
164,575, 1.0
181,482, 1.0
96,536, 1.0
153,458, 1.0
45,454, 0.923076923076923
43,395, 1.0
215,495, 1.0
183,380, 1.0
72,435, 1.0
212,444, 0.923076923076923
220,597, 0.9090909090909091
41,512, 1.0
207,429, 0.9090909090909091
187,443, 1.0
124,457, 0.923076923076923
80,345, 0.9090909090909091
57,316, 1.0
123,395, 0.9
72,365, 1.0
157,334, 0.9
86,578, 1.0
50,622, 0.9090909090909091
153,316, 1.0
108,653, 0.9090909090909091
181,424, 1.0
21,313, 0.9655172413793104
132,374, 1.0
163,484, 1.0
77,562, 0.9090909090909091
72,485, 1.0
227,478, 1.0
150,374, 1.0
130,569, 0.9090909090909091
129,372, 1.0
30,377, 0.9333333333333333
84,652, 0.9090909090909091
205,524, 1.0
158,418, 0.9090909090909091
155,652, 0.9090909090909091
67,362, 0.9411764705882353
87,541, 0.9090909090909091
227,455, 1.0
179,457, 1.0
96,553, 0.923076923076923
87,400, 1.0
213,455, 0.9333333333333333
48,577, 1.0
230,416, 1.0
44,462, 0.9090909090909091
68,438, 1.0
202,485, 1.0
152,596, 0.9090909090909091
129,679, 0.9090909090909091
130,508, 1.0
46,511, 1.0
140,494, 1.0
95,426, 0.9090909090909091
43,478, 1.0
123,333, 1.0
28,313, 1.0
184,567, 0.9090909090909091
197,500, 0.923076923076923
226,625, 0.9090909090909091
250,307, 0.9001406469760901
77,623, 0.9090909090909091
179,338, 1.0
57,455, 1.0
13,313, 1.0
106,652, 0.923076923076923
211,477, 0.923076923076923
173,333, 0.9473684210526316
119,345, 1.0
129,452, 0.923076923076923
120,372, 1.0
54,458, 1.0
64,317, 1.0
152,654, 0.9090909090909091
227,378, 1.0
227,558, 1.0
49,514, 1.0
102,475, 1.0
141,399, 0.9411764705882353
220,514, 0.9090909090909091
77,614, 0.9090909090909091
7,311, 1.0
100,455, 0.923076923076923
42,331, 1.0
162,396, 0.923076923076923
205,454, 1.0
162,624, 0.9090909090909091
181,644, 0.9090909090909091
200,537, 1.0
87,427, 1.0
243,313, 0.9984709480122325
63,679, 0.9090909090909091
104,511, 1.0
184,595, 0.9090909090909091
133,456, 1.0
183,396, 1.0
104,315, 1.0
101,316, 0.9090909090909091
197,318, 1.0
95,508, 0.9090909090909091
92,346, 1.0
191,535, 0.9333333333333333
196,381, 0.923076923076923
131,317, 0.9411764705882353
92,457, 0.923076923076923
149,354, 0.9
67,429, 0.9333333333333333
77,318, 0.9090909090909091
68,552, 0.9090909090909091
205,334, 1.0
52,317, 1.0
184,614, 0.9090909090909091
212,448, 0.923076923076923
83,626, 0.9090909090909091
163,486, 0.9090909090909091
226,317, 1.0
68,576, 1.0
151,462, 1.0
230,317, 1.0
175,492, 1.0
112,316, 0.923076923076923
190,480, 0.923076923076923
45,318, 1.0
133,514, 1.0
43,538, 1.0
184,618, 0.9090909090909091
77,672, 0.9090909090909091
221,483, 1.0
13,312, 1.0
130,622, 0.9090909090909091
167,502, 1.0
133,483, 1.0
172,333, 1.0
133,455, 1.0
76,412, 1.0
57,396, 1.0
197,399, 1.0
215,458, 1.0
226,567, 0.9090909090909091
140,358, 0.923076923076923
37,344, 0.9411764705882353
179,437, 1.0
177,402, 0.923076923076923
118,652, 0.9090909090909091
152,510, 1.0
80,567, 0.9090909090909091
167,315, 1.0
120,500, 1.0
213,400, 0.9333333333333333
45,372, 1.0
167,424, 0.923076923076923
63,623, 0.9090909090909091
179,458, 1.0
42,332, 0.9411764705882353
147,538, 1.0
66,345, 1.0
219,398, 1.0
253,345, 0.9984177215189874
162,676, 0.9090909090909091
135,357, 0.9
203,514, 1.0
62,371, 1.0
173,317, 0.9473684210526316
77,624, 0.9090909090909091
158,317, 1.0
167,542, 0.9090909090909091
197,595, 0.9090909090909091
140,446, 1.0
180,374, 1.0
155,569, 0.9090909090909091
104,480, 1.0
100,399, 1.0
95,623, 0.9090909090909091
43,515, 1.0
213,388, 0.9333333333333333
68,498, 1.0
287,345, 0.9965095986038394
140,422, 0.923076923076923
156,485, 1.0
180,429, 0.9090909090909091
150,513, 1.0
177,455, 1.0
155,514, 1.0
159,318, 0.9090909090909091
67,445, 0.9333333333333333
81,511, 0.923076923076923
49,346, 1.0
96,437, 1.0
118,672, 0.9090909090909091
133,318, 1.0
227,578, 1.0
214,524, 1.0
131,333, 0.9411764705882353
213,317, 0.9333333333333333
139,515, 0.923076923076923
30,327, 0.9333333333333333
227,330, 0.923076923076923
124,430, 0.923076923076923
227,488, 0.923076923076923
86,532, 0.9090909090909091
191,435, 0.9333333333333333
86,484, 0.9090909090909091
134,483, 0.9090909090909091
229,351, 0.9090909090909091
207,344, 0.9090909090909091
102,357, 1.0
152,653, 0.9090909090909091
49,450, 0.923076923076923
179,438, 1.0
163,456, 1.0
203,485, 1.0
219,412, 1.0
206,495, 0.9090909090909091
50,650, 0.9090909090909091
67,356, 0.9411764705882353
46,372, 1.0
155,513, 1.0
139,535, 0.923076923076923
49,374, 1.0
76,494, 1.0
203,511, 1.0
86,398, 1.0
151,317, 1.0
151,396, 1.0
74,317, 1.0
130,474, 0.923076923076923
187,411, 1.0
104,423, 0.923076923076923
44,476, 0.9090909090909091
218,331, 1.0
96,438, 1.0
155,474, 0.923076923076923
229,331, 1.0
83,508, 0.923076923076923
50,596, 0.9090909090909091
118,315, 1.0
108,455, 1.0
221,564, 0.9090909090909091
49,315, 1.0
107,370, 0.9333333333333333
214,317, 1.0
209,443, 1.0
67,348, 1.0
160,317, 0.9090909090909091
104,670, 0.9090909090909091
194,344, 1.0
191,377, 0.9333333333333333
205,460, 1.0
184,507, 0.923076923076923
199,372, 1.0
44,456, 0.9090909090909091
102,378, 1.0
3,313, 1.0
149,363, 0.9523809523809523
232,424, 0.923076923076923
196,332, 1.0
285,311, 1.0
142,396, 0.9333333333333333
230,510, 1.0
163,427, 1.0
162,622, 0.9090909090909091
164,376, 1.0
77,480, 0.923076923076923
175,382, 1.0
30,333, 0.9333333333333333
131,315, 1.0
57,435, 1.0
190,514, 1.0
217,331, 1.0
97,316, 0.9090909090909091
76,462, 1.0
60,456, 0.9090909090909091
206,538, 0.9090909090909091
226,569, 0.9090909090909091
56,364, 0.9333333333333333
262,341, 0.9152542372881356
196,443, 0.923076923076923
263,311, 1.0
50,679, 0.9090909090909091
45,444, 0.923076923076923
230,354, 1.0
233,484, 0.9090909090909091
66,483, 0.9090909090909091
77,344, 1.0
206,456, 0.9090909090909091
202,618, 0.9090909090909091
193,513, 1.0
190,484, 1.0
83,428, 1.0
16,346, 0.9333333333333333
209,492, 1.0
158,438, 0.9090909090909091
51,316, 0.923076923076923
101,653, 0.9090909090909091
76,508, 1.0
153,485, 1.0
200,517, 1.0
120,444, 1.0
233,318, 1.0
162,513, 1.0
49,372, 1.0
202,512, 1.0
157,365, 0.9523809523809523
215,478, 1.0
118,676, 0.9090909090909091
190,504, 0.923076923076923
99,411, 1.0
123,318, 0.9523809523809523
123,320, 0.9090909090909091
232,451, 0.923076923076923
34,313, 0.9333333333333333
130,558, 0.9090909090909091
130,314, 1.0
218,508, 1.0
62,427, 1.0
132,402, 1.0
86,530, 0.9090909090909091
200,355, 1.0
6,313, 0.9411764705882353
68,558, 1.0
66,346, 0.9090909090909091
152,679, 0.9090909090909091
96,488, 0.923076923076923
130,670, 0.9090909090909091
130,374, 1.0
175,315, 1.0
104,514, 1.0
135,347, 0.9523809523809523
63,373, 1.0
110,344, 0.9473684210526316
107,372, 0.9333333333333333
96,330, 0.923076923076923
184,448, 1.0
258,337, 0.9020234291799787
156,462, 1.0
124,390, 0.9333333333333333
169,595, 0.9090909090909091
142,374, 1.0
231,373, 0.9333333333333333
230,526, 1.0
152,482, 1.0
172,381, 0.9473684210526316
140,474, 1.0
87,456, 1.0
163,514, 0.9090909090909091
63,457, 1.0
84,444, 1.0
76,349, 1.0
162,456, 1.0
158,478, 0.9090909090909091
67,332, 1.0
150,448, 0.923076923076923
98,331, 1.0
67,322, 0.9411764705882353
196,492, 0.923076923076923
104,592, 0.9090909090909091
225,455, 1.0
59,363, 0.9090909090909091
92,450, 0.923076923076923
259,349, 0.9652327637006483
203,456, 1.0
130,478, 0.923076923076923
218,316, 1.0
54,477, 1.0
157,317, 1.0
214,413, 1.0
205,388, 1.0
156,412, 1.0
44,445, 1.0
215,357, 1.0
84,616, 0.9090909090909091
121,444, 1.0
190,595, 0.9090909090909091
68,556, 1.0
46,539, 0.9090909090909091
45,681, 0.9090909090909091
67,379, 0.9333333333333333
187,316, 1.0
83,345, 1.0
131,331, 1.0
189,512, 0.923076923076923
194,390, 0.923076923076923
210,327, 0.923076923076923
30,324, 0.9333333333333333
84,427, 1.0
107,345, 1.0
86,437, 1.0
221,507, 0.923076923076923
67,449, 0.9333333333333333
181,614, 0.9090909090909091
108,450, 0.923076923076923
177,500, 0.923076923076923
200,335, 1.0
140,394, 0.923076923076923
1,352, 0.9523809523809523
76,459, 1.0
102,416, 1.0
174,335, 1.0
68,358, 1.0
155,500, 1.0
49,567, 0.9090909090909091
184,343, 1.0
177,511, 1.0
155,612, 0.9090909090909091
80,458, 0.9090909090909091
96,317, 1.0
121,317, 1.0
181,476, 0.923076923076923
176,343, 1.0
147,436, 1.0
155,398, 0.923076923076923
150,512, 1.0
169,401, 1.0
179,397, 1.0
233,450, 0.9090909090909091
44,409, 0.923076923076923
260,349, 0.9682926829268292
139,404, 0.923076923076923
218,396, 1.0
57,495, 1.0
150,568, 0.9090909090909091
121,492, 1.0
190,482, 0.923076923076923
150,316, 1.0
196,318, 1.0
221,595, 0.9090909090909091
125,399, 1.0
218,524, 1.0
202,316, 1.0
151,332, 1.0
123,346, 0.9090909090909091
189,372, 0.923076923076923
194,457, 1.0
208,500, 0.923076923076923
80,343, 1.0
83,512, 1.0
130,556, 0.9090909090909091
108,625, 0.9090909090909091
180,373, 1.0
86,554, 0.9090909090909091
68,550, 0.9090909090909091
118,512, 1.0
184,345, 0.9090909090909091
95,569, 0.9090909090909091
85,443, 0.9333333333333333
187,446, 1.0
67,447, 0.9333333333333333
101,625, 0.9090909090909091
129,430, 0.9090909090909091
149,348, 0.9
65,511, 0.9333333333333333
112,513, 0.923076923076923
95,315, 1.0
225,428, 1.0
94,427, 1.0
80,372, 1.0
211,437, 0.923076923076923
107,401, 0.9333333333333333
95,484, 0.9090909090909091
46,371, 1.0
155,448, 1.0
26,346, 0.923076923076923
150,502, 0.923076923076923
147,570, 0.9090909090909091
194,314, 0.923076923076923
194,345, 1.0
155,454, 1.0
196,317, 1.0
43,414, 0.9090909090909091
264,313, 0.9989118607181718
219,475, 1.0
134,429, 0.9090909090909091
184,344, 1.0
64,395, 0.923076923076923
85,384, 0.9333333333333333
193,502, 1.0
129,346, 0.9090909090909091
177,502, 0.923076923076923
132,430, 1.0
104,542, 0.9090909090909091
227,356, 1.0
181,536, 0.9090909090909091
209,523, 1.0
139,374, 0.923076923076923
230,347, 1.0
134,400, 0.9090909090909091
125,388, 1.0
43,535, 1.0
44,461, 1.0
162,428, 1.0
200,577, 1.0
43,477, 1.0
155,598, 0.9090909090909091
84,570, 0.9090909090909091
101,429, 1.0
104,623, 0.9090909090909091
134,343, 1.0
194,542, 0.9090909090909091
96,396, 1.0
94,315, 1.0
68,377, 1.0
173,347, 0.9473684210526316
206,575, 0.9090909090909091
232,540, 0.9090909090909091
101,318, 0.9090909090909091
181,474, 0.923076923076923
205,477, 1.0
121,428, 1.0
209,428, 1.0
211,495, 0.923076923076923
226,399, 1.0
129,508, 0.923076923076923
121,411, 1.0
227,477, 1.0
206,416, 0.9090909090909091
149,352, 0.9
184,670, 0.9090909090909091
84,596, 0.9090909090909091
64,315, 1.0
78,333, 1.0
181,512, 1.0
102,576, 1.0
147,435, 1.0
205,412, 1.0
133,316, 1.0
54,435, 1.0
44,517, 0.923076923076923
197,620, 0.9090909090909091
151,411, 1.0
84,563, 0.9090909090909091
45,568, 0.9090909090909091
57,535, 1.0
155,651, 0.9090909090909091
147,514, 0.9090909090909091
156,342, 1.0
213,427, 0.9333333333333333
197,651, 0.9090909090909091
49,456, 1.0
147,557, 1.0
210,317, 0.9565217391304348
86,450, 0.9090909090909091
197,446, 1.0
60,417, 1.0
124,401, 1.0
101,679, 0.9090909090909091
86,396, 1.0
227,569, 0.923076923076923
197,342, 1.0
118,513, 0.9090909090909091
41,448, 0.9090909090909091
73,427, 1.0
81,314, 0.9333333333333333
24,313, 1.0
139,366, 0.923076923076923
86,357, 1.0
177,514, 0.923076923076923
43,456, 1.0
199,500, 0.923076923076923
181,390, 0.923076923076923
43,554, 0.9090909090909091
29,335, 0.9333333333333333
192,316, 0.9523809523809523
159,316, 0.9090909090909091
108,316, 1.0
52,334, 0.9473684210526316
46,373, 1.0
167,678, 0.9090909090909091
216,315, 1.0
96,416, 1.0
205,413, 1.0
194,372, 1.0
132,512, 1.0
228,331, 1.0
30,334, 0.9333333333333333
197,512, 1.0
203,345, 1.0
72,363, 1.0
188,332, 0.9090909090909091
227,552, 1.0
121,347, 1.0
156,378, 0.9090909090909091
155,478, 0.923076923076923
179,456, 1.0
54,578, 1.0
76,504, 0.9090909090909091
155,429, 1.0
200,457, 1.0
99,428, 1.0
108,318, 1.0
147,556, 1.0
221,458, 0.9090909090909091
104,429, 1.0
140,516, 1.0
191,517, 0.9333333333333333
140,363, 1.0
54,557, 1.0
147,352, 0.9090909090909091
118,616, 0.9090909090909091
46,502, 0.923076923076923
54,577, 1.0
197,679, 0.9090909090909091
183,381, 1.0
123,363, 1.0
184,564, 0.9090909090909091
112,429, 0.923076923076923
226,485, 1.0
191,531, 0.9333333333333333
211,455, 0.923076923076923
197,616, 0.9090909090909091
252,317, 0.9033898305084745
194,483, 1.0
181,371, 1.0
233,446, 0.9090909090909091
83,682, 0.9090909090909091
225,508, 0.9090909090909091
163,592, 0.9090909090909091
205,525, 1.0
130,483, 1.0
167,541, 0.9090909090909091
233,342, 0.923076923076923
135,311, 0.9166666666666666
84,430, 0.9090909090909091
215,437, 1.0
110,347, 0.9473684210526316
31,313, 1.0
227,563, 0.923076923076923
36,315, 0.9333333333333333
227,544, 1.0
63,569, 0.9090909090909091
33,312, 1.0
202,396, 0.923076923076923
202,390, 0.923076923076923
92,483, 0.923076923076923
45,374, 1.0
48,457, 1.0
130,540, 0.9090909090909091
49,430, 1.0
159,382, 0.9090909090909091
130,654, 0.9090909090909091
57,498, 1.0
196,363, 1.0
132,510, 0.923076923076923
187,348, 1.0
156,426, 0.9090909090909091
200,497, 1.0
182,427, 1.0
148,347, 1.0
202,614, 0.9090909090909091
187,462, 1.0
140,416, 0.923076923076923
57,335, 1.0
230,514, 1.0
56,361, 0.9333333333333333
172,359, 0.9523809523809523
49,539, 0.9090909090909091
202,371, 1.0
156,435, 1.0
142,400, 1.0
77,502, 0.9090909090909091
194,598, 0.9090909090909091
60,395, 1.0
225,344, 1.0
205,484, 1.0
96,516, 1.0
144,379, 1.0
258,343, 1.0
40,311, 1.0
118,399, 1.0
258,309, 0.9603174603174603
151,491, 1.0
181,508, 1.0
175,396, 1.0
87,458, 1.0
130,394, 0.923076923076923
44,380, 0.9090909090909091
83,455, 1.0
232,396, 0.923076923076923
216,317, 1.0
86,517, 1.0
36,312, 1.0
197,624, 0.9090909090909091
254,341, 0.9011461318051576
121,462, 1.0
76,334, 1.0
46,510, 0.923076923076923
147,357, 1.0
199,482, 0.923076923076923
68,535, 1.0
12,312, 1.0
123,362, 0.9523809523809523
29,326, 0.9333333333333333
227,504, 0.923076923076923
187,460, 1.0
159,295, 1.0
11,311, 1.0
164,415, 1.0
187,478, 1.0
95,346, 0.9090909090909091
155,480, 0.923076923076923
167,511, 1.0
205,394, 1.0
227,395, 1.0
50,343, 1.0
176,346, 0.9090909090909091
167,458, 1.0
86,498, 1.0
129,402, 0.9090909090909091
140,413, 1.0
108,541, 0.9090909090909091
204,509, 0.9090909090909091
184,399, 1.0
132,500, 0.923076923076923
56,334, 1.0
66,513, 0.9090909090909091
82,512, 1.0
244,313, 0.9957007738607051
118,318, 0.9090909090909091
202,541, 0.9090909090909091
124,316, 1.0
179,417, 1.0
129,401, 0.9090909090909091
162,594, 0.9090909090909091
140,354, 0.923076923076923
68,395, 1.0
180,514, 0.9090909090909091
190,373, 1.0
50,541, 0.9090909090909091
134,484, 0.9090909090909091
114,333, 1.0
193,344, 1.0
203,371, 1.0
46,597, 0.9090909090909091
163,595, 0.9090909090909091
117,347, 0.9473684210526316
169,682, 0.9090909090909091
221,652, 0.9090909090909091
44,475, 1.0
215,337, 1.0
149,357, 0.9090909090909091
265,341, 0.967479674796748
118,344, 1.0
214,364, 1.0
140,507, 1.0
109,315, 1.0
227,555, 1.0
127,315, 1.0
202,486, 1.0
197,569, 0.9090909090909091
76,461, 1.0
164,516, 1.0
159,509, 0.9090909090909091
266,305, 0.9323308270676692
65,371, 0.9333333333333333
109,355, 1.0
155,625, 0.9090909090909091
233,397, 0.923076923076923
213,511, 0.9333333333333333
190,450, 0.923076923076923
194,568, 0.9090909090909091
46,567, 0.9090909090909091
20,314, 0.9411764705882353
227,357, 1.0
167,318, 1.0
109,397, 1.0
125,448, 0.923076923076923
139,492, 0.923076923076923
130,486, 1.0
176,483, 0.9090909090909091
132,511, 1.0
86,395, 1.0
170,365, 0.9
95,399, 1.0
169,372, 1.0
57,436, 1.0
139,317, 1.0
261,309, 0.9641255605381166
83,317, 1.0
80,428, 1.0
57,575, 1.0
152,648, 0.9090909090909091
184,682, 0.9090909090909091
214,445, 1.0
227,556, 1.0
96,328, 0.923076923076923
134,345, 1.0
132,399, 1.0
230,450, 1.0
194,482, 1.0
155,682, 0.9090909090909091
71,317, 1.0
58,456, 1.0
184,454, 0.9090909090909091
148,396, 1.0
147,457, 1.0
84,625, 0.9090909090909091
67,450, 0.9333333333333333
175,427, 1.0
49,569, 0.9090909090909091
50,566, 0.9090909090909091
183,459, 1.0
43,397, 1.0
164,456, 1.0
196,350, 1.0
230,486, 1.0
264,303, 0.9227683049147443
226,401, 1.0
61,349, 0.9411764705882353
45,626, 0.9090909090909091
133,401, 1.0
193,401, 1.0
86,486, 0.9090909090909091
57,478, 1.0
215,358, 1.0
19,343, 0.923076923076923
202,622, 0.9090909090909091
219,492, 1.0
147,458, 1.0
96,457, 1.0
82,455, 1.0
169,541, 0.9090909090909091
232,680, 0.9090909090909091
162,457, 1.0
50,452, 0.923076923076923
162,653, 0.9090909090909091
218,411, 1.0
10,314, 1.0
147,575, 1.0
156,315, 1.0
102,498, 1.0
152,396, 0.923076923076923
185,444, 1.0
152,318, 1.0
183,445, 1.0
104,500, 0.923076923076923
11,329, 0.9411764705882353
207,514, 0.9090909090909091
43,486, 0.9090909090909091
181,456, 1.0
227,454, 0.923076923076923
197,454, 1.0
95,567, 0.9090909090909091
179,396, 1.0
49,455, 1.0
133,374, 1.0
57,456, 1.0
134,315, 1.0
149,322, 0.9
68,477, 1.0
65,513, 0.9333333333333333
232,620, 0.9090909090909091
260,309, 0.9682631275245239
219,459, 1.0
167,569, 0.9090909090909091
180,428, 0.9090909090909091
57,315, 1.0
80,508, 1.0
82,373, 1.0
142,316, 1.0
41,371, 1.0
49,508, 0.923076923076923
163,402, 0.9090909090909091
202,678, 0.9090909090909091
108,454, 0.923076923076923
2,314, 0.9411764705882353
147,395, 1.0
64,316, 0.923076923076923
208,511, 0.923076923076923
196,445, 0.923076923076923
92,427, 0.923076923076923
230,508, 1.0
52,364, 0.9473684210526316
44,516, 0.9090909090909091
133,344, 1.0
83,316, 1.0
64,445, 0.923076923076923
102,544, 0.9090909090909091
187,493, 1.0
57,555, 1.0
95,318, 0.9090909090909091
172,355, 0.9523809523809523
175,507, 1.0
183,366, 1.0
140,472, 1.0
183,317, 1.0
180,316, 1.0
80,456, 1.0
99,516, 0.9090909090909091
19,315, 0.923076923076923
184,597, 0.9090909090909091
156,484, 1.0
169,374, 1.0
56,362, 0.9333333333333333
96,570, 1.0
73,317, 1.0
17,313, 0.9090909090909091
184,372, 1.0
185,443, 1.0
100,396, 0.9333333333333333
108,315, 1.0
62,483, 1.0
109,375, 1.0
120,388, 0.9090909090909091
164,396, 1.0
145,400, 0.9090909090909091
169,402, 1.0
202,424, 1.0
104,676, 0.9090909090909091
58,484, 1.0
124,511, 0.923076923076923
182,452, 1.0
129,317, 0.9090909090909091
212,484, 1.0
177,509, 0.9333333333333333
95,430, 0.9090909090909091
132,486, 1.0
102,395, 1.0
227,446, 0.923076923076923
44,315, 1.0
208,312, 0.9333333333333333
82,400, 1.0
145,486, 0.9090909090909091
159,315, 1.0
108,343, 1.0
169,568, 0.9090909090909091
125,483, 0.923076923076923
96,318, 1.0
124,513, 0.923076923076923
65,317, 1.0
83,399, 1.0
184,542, 0.9090909090909091
44,363, 1.0
82,374, 1.0
66,401, 1.0
108,458, 1.0
212,539, 0.9090909090909091
194,394, 0.923076923076923
172,343, 0.9523809523809523
46,541, 0.9090909090909091
242,345, 0.997605746209098
255,343, 1.0
129,456, 1.0
167,595, 0.9090909090909091
78,316, 1.0
223,312, 0.9090909090909091
121,413, 1.0
84,510, 0.9090909090909091
140,502, 0.923076923076923
149,291, 0.9
0,343, 1.0
139,538, 0.923076923076923
219,318, 1.0
221,398, 0.9090909090909091
139,568, 0.923076923076923
100,454, 0.923076923076923
249,345, 0.995334370139969
197,542, 0.9090909090909091
84,399, 1.0
227,573, 0.923076923076923
67,412, 0.9333333333333333
219,429, 1.0
80,539, 0.9090909090909091
102,518, 1.0
214,491, 1.0
163,504, 1.0
219,508, 1.0
142,340, 0.9333333333333333
132,514, 1.0
104,509, 0.923076923076923
157,318, 0.9
135,349, 0.9
203,402, 1.0
45,569, 0.9090909090909091
285,345, 0.9902912621359222
76,524, 1.0
150,511, 1.0
196,475, 0.923076923076923
95,510, 0.9090909090909091
165,316, 1.0
54,555, 1.0
67,397, 0.9333333333333333
109,457, 1.0
158,357, 0.9090909090909091
232,345, 0.9090909090909091
18,313, 0.9600000000000001
152,594, 0.9090909090909091
219,445, 1.0
220,428, 0.9090909090909091
140,500, 0.923076923076923
96,454, 0.923076923076923
43,552, 0.9090909090909091
152,317, 1.0
27,312, 0.9565217391304348
236,345, 0.9941126997476871
187,396, 1.0
74,315, 1.0
211,335, 1.0
230,394, 1.0
264,315, 0.9823008849557522
181,344, 1.0
179,536, 1.0
50,625, 0.9090909090909091
101,511, 1.0
77,680, 0.9090909090909091
104,346, 1.0
211,555, 0.923076923076923
120,484, 1.0
259,341, 0.9571428571428572
230,350, 1.0
227,550, 1.0
181,560, 0.9090909090909091
123,385, 0.9
50,597, 0.9090909090909091
206,578, 0.9090909090909091
92,456, 0.923076923076923
43,436, 1.0
230,332, 1.0
197,448, 1.0
179,475, 1.0
14,313, 0.9411764705882353
215,396, 1.0
229,365, 1.0
265,311, 1.0
221,623, 0.9090909090909091
230,420, 1.0
196,461, 0.923076923076923
118,668, 0.9090909090909091
82,500, 0.9090909090909091
125,336, 0.9333333333333333
140,347, 1.0
52,331, 1.0
214,427, 1.0
63,402, 0.9090909090909091
133,457, 1.0
140,443, 1.0
123,326, 0.9090909090909091
119,344, 0.923076923076923
181,388, 0.923076923076923
118,373, 0.9090909090909091
188,338, 1.0
86,416, 1.0
206,418, 0.9090909090909091
96,538, 1.0
145,342, 0.923076923076923
155,346, 1.0
184,450, 0.9090909090909091
169,567, 0.9090909090909091
190,569, 0.9090909090909091
163,652, 0.9090909090909091
190,455, 1.0
80,457, 0.9090909090909091
83,402, 1.0
96,435, 1.0
141,317, 1.0
213,371, 1.0
67,413, 0.9333333333333333
86,364, 0.9090909090909091
202,626, 0.9090909090909091
149,359, 0.9090909090909091
199,427, 0.923076923076923
249,307, 0.9047619047619047
84,446, 0.9090909090909091
51,455, 0.923076923076923
184,458, 0.9090909090909091
86,515, 1.0
84,400, 1.0
163,458, 0.9090909090909091
119,343, 1.0
1,353, 0.9523809523809523
219,395, 1.0
84,502, 0.9090909090909091
191,563, 0.9333333333333333
83,458, 1.0
193,428, 1.0
17,312, 0.9565217391304348
144,347, 1.0
148,398, 1.0
181,542, 0.9090909090909091
24,311, 1.0
150,455, 1.0
243,311, 1.0
82,510, 0.9090909090909091
102,578, 1.0
74,485, 1.0
197,480, 0.923076923076923
92,342, 0.9333333333333333
78,315, 1.0
162,390, 0.923076923076923
214,397, 1.0
261,337, 0.9028871391076114
194,597, 0.9090909090909091
202,568, 0.9090909090909091
46,458, 1.0
266,349, 0.976313079299691
150,483, 1.0
196,411, 0.923076923076923
177,345, 1.0
157,347, 0.9523809523809523
221,558, 0.9090909090909091
43,336, 1.0
140,429, 1.0
155,511, 1.0
130,653, 0.9090909090909091
49,426, 0.923076923076923
66,429, 0.9090909090909091
159,293, 1.0
167,568, 0.9090909090909091
84,621, 0.9090909090909091
244,343, 1.0
169,681, 0.9090909090909091
236,313, 0.9941126997476871
221,539, 0.9090909090909091
187,364, 1.0
60,437, 1.0
185,475, 1.0
104,682, 0.9090909090909091
77,560, 0.9090909090909091
68,338, 1.0
214,525, 1.0
102,437, 1.0
162,429, 1.0
192,317, 0.9523809523809523
256,341, 0.9061287820015516
43,495, 1.0
139,516, 0.923076923076923
106,624, 0.923076923076923
76,509, 1.0
181,485, 1.0
57,518, 1.0
77,371, 1.0
106,316, 1.0
86,476, 1.0
84,540, 0.9090909090909091
183,508, 1.0
197,510, 1.0
41,483, 1.0
227,412, 0.923076923076923
84,677, 0.9090909090909091
215,338, 1.0
184,679, 0.9090909090909091
186,359, 0.9523809523809523
148,365, 1.0
212,372, 1.0
227,577, 1.0
142,345, 1.0
155,455, 1.0
155,372, 1.0
185,348, 1.0
52,352, 0.9
77,595, 0.9090909090909091
44,393, 1.0
67,456, 0.9333333333333333
225,512, 1.0
60,576, 0.9090909090909091
92,343, 1.0
54,358, 1.0
75,322, 0.9523809523809523
225,399, 1.0
221,569, 0.9090909090909091
153,343, 1.0
118,371, 1.0
30,329, 0.9333333333333333
158,556, 0.9090909090909091
197,570, 0.9090909090909091
13,354, 0.9565217391304348
162,504, 1.0
102,397, 1.0
167,567, 0.9090909090909091
43,578, 1.0
139,477, 0.923076923076923
49,401, 1.0
86,378, 1.0
84,500, 0.923076923076923
82,428, 1.0
125,400, 1.0
227,524, 0.923076923076923
141,345, 1.0
40,308, 0.9473684210526316
215,515, 1.0
205,354, 1.0
226,512, 0.9090909090909091
232,427, 1.0
95,597, 0.9090909090909091
95,458, 0.9090909090909091
3,345, 0.9473684210526316
252,307, 0.9125528913963328
44,511, 0.923076923076923
19,329, 0.923076923076923
221,622, 0.9090909090909091
166,345, 0.9090909090909091
139,368, 0.923076923076923
190,372, 1.0
187,395, 1.0
206,324, 0.923076923076923
158,338, 1.0
169,345, 1.0
117,350, 0.9473684210526316
44,439, 0.923076923076923
76,381, 1.0
112,315, 1.0
140,439, 0.923076923076923
86,337, 1.0
255,313, 0.9991489361702128
54,398, 1.0
67,460, 0.9333333333333333
47,317, 0.9411764705882353
140,477, 1.0
167,612, 0.9090909090909091
123,354, 0.9523809523809523
106,512, 1.0
181,618, 0.9090909090909091
129,506, 0.9090909090909091
177,399, 1.0
196,430, 0.923076923076923
169,625, 0.9090909090909091
44,397, 1.0
95,506, 0.9090909090909091
82,371, 1.0
227,376, 1.0
227,535, 1.0
183,427, 1.0
215,435, 1.0
268,341, 0.9087048832271762
87,402, 1.0
81,456, 0.923076923076923
158,496, 0.9090909090909091
159,366, 0.9090909090909091
30,312, 0.9333333333333333
133,345, 1.0
77,566, 0.9090909090909091
141,371, 0.9411764705882353
109,415, 1.0
163,430, 0.9090909090909091
152,598, 0.9090909090909091
230,484, 1.0
148,494, 1.0
164,555, 1.0
265,335, 0.9245647969052224
205,459, 1.0
227,508, 0.923076923076923
31,312, 0.9333333333333333
120,455, 1.0
247,345, 0.9924385633270322
205,458, 1.0
135,329, 0.9090909090909091
231,371, 0.9333333333333333
104,485, 1.0
163,568, 0.9090909090909091
114,317, 1.0
162,642, 0.9090909090909091
121,461, 1.0
75,326, 0.9523809523809523
190,681, 0.9090909090909091
104,402, 1.0
206,496, 0.9090909090909091
50,430, 1.0
184,457, 0.9090909090909091
179,496, 1.0
102,538, 1.0
152,345, 1.0
95,448, 0.9090909090909091
45,541, 0.9090909090909091
230,316, 1.0
112,401, 0.923076923076923
215,497, 1.0
177,401, 1.0
211,397, 0.923076923076923
129,624, 0.9090909090909091
163,536, 0.9090909090909091
63,429, 1.0
158,376, 0.9090909090909091
199,402, 1.0
164,356, 1.0
67,421, 0.9333333333333333
237,343, 1.0
44,451, 0.923076923076923
76,350, 1.0
67,453, 0.9333333333333333
228,365, 0.9
54,316, 1.0
133,512, 1.0
212,567, 0.9090909090909091
191,557, 0.9333333333333333
87,453, 0.923076923076923
194,444, 1.0
227,397, 1.0
96,558, 1.0
187,492, 1.0
211,537, 0.923076923076923
206,337, 0.9090909090909091
190,682, 0.9090909090909091
129,595, 0.9090909090909091
75,334, 1.0
152,457, 1.0
207,317, 1.0
227,553, 0.923076923076923
212,500, 0.923076923076923
140,487, 0.923076923076923
176,372, 0.9090909090909091
129,455, 1.0
205,392, 1.0
227,410, 0.923076923076923
212,564, 0.9090909090909091
43,558, 1.0
125,343, 1.0
43,455, 1.0
175,510, 1.0
202,346, 1.0
223,352, 0.9
46,652, 0.9090909090909091
82,448, 0.9090909090909091
48,455, 1.0
258,313, 0.9976442873969376
124,343, 1.0
167,560, 0.9090909090909091
54,396, 1.0
3,310, 0.9
51,511, 0.923076923076923
108,568, 0.9090909090909091
145,508, 0.9090909090909091
145,399, 0.9090909090909091
104,451, 0.923076923076923
44,427, 1.0
152,402, 1.0
99,515, 0.9090909090909091
223,360, 0.9
167,483, 1.0
152,564, 0.9090909090909091
76,364, 1.0
229,317, 1.0
205,356, 1.0
155,653, 0.9090909090909091
232,676, 0.9090909090909091
162,345, 1.0
92,484, 0.923076923076923
70,363, 0.9473684210526316
96,412, 0.923076923076923
77,668, 0.9090909090909091
167,399, 1.0
172,361, 0.9523809523809523
208,315, 1.0
130,502, 1.0
155,538, 0.9090909090909091
196,349, 1.0
99,427, 1.0
196,364, 1.0
150,541, 0.9090909090909091
166,455, 0.9090909090909091
221,624, 0.9090909090909091
162,346, 1.0
81,372, 1.0
159,299, 0.9090909090909091
144,508, 1.0
96,535, 1.0
43,536, 1.0
185,379, 1.0
140,441, 0.923076923076923
139,574, 0.923076923076923
190,452, 0.923076923076923
49,502, 0.923076923076923
67,386, 0.9333333333333333
0,313, 0.9951597289448209
153,457, 1.0
43,476, 1.0
189,483, 0.923076923076923
82,452, 0.9090909090909091
197,676, 0.9090909090909091
130,672, 0.9090909090909091
106,483, 1.0
269,339, 0.9025720966484801
159,444, 0.9090909090909091
129,504, 0.923076923076923
71,331, 1.0
18,314, 0.9166666666666666
123,316, 0.9523809523809523
85,397, 1.0
151,397, 1.0
230,381, 1.0
230,512, 1.0
45,486, 1.0
249,343, 1.0
63,427, 1.0
227,506, 0.923076923076923
3,312, 0.9473684210526316
181,480, 1.0
43,577, 1.0
169,346, 1.0
96,515, 1.0
30,409, 0.9333333333333333
230,352, 1.0
219,365, 1.0
230,333, 1.0
105,333, 0.9473684210526316
199,396, 1.0
181,458, 1.0
196,315, 1.0
286,345, 0.9982935153583617
148,364, 1.0
174,435, 1.0
243,343, 1.0
50,570, 0.9090909090909091
186,357, 0.9523809523809523
85,396, 0.9333333333333333
48,337, 1.0
215,557, 1.0
179,516, 1.0
86,516, 1.0
225,456, 1.0
212,399, 1.0
167,679, 0.9090909090909091
221,651, 0.9090909090909091
44,332, 0.9090909090909091
214,315, 1.0
95,651, 0.9090909090909091
247,311, 1.0
197,681, 0.9090909090909091
107,399, 0.9333333333333333
43,457, 1.0
182,500, 1.0
239,311, 1.0
227,497, 1.0
73,316, 1.0
7,313, 1.0
238,311, 1.0
68,575, 1.0
140,426, 0.923076923076923
60,475, 1.0
101,651, 0.9090909090909091
177,373, 1.0
107,346, 1.0
190,542, 0.9090909090909091
233,394, 1.0
50,623, 0.9090909090909091
41,452, 0.9090909090909091
180,427, 0.9090909090909091
193,340, 0.9090909090909091
181,400, 1.0
104,674, 0.9090909090909091
96,452, 0.923076923076923
130,594, 0.9090909090909091
67,334, 1.0
167,426, 0.923076923076923
50,654, 0.9090909090909091
123,344, 0.9090909090909091
60,517, 1.0
175,316, 1.0
81,374, 1.0
230,525, 1.0
56,358, 0.9333333333333333
205,446, 1.0
101,343, 1.0
127,333, 1.0
45,542, 0.9090909090909091
96,448, 0.923076923076923
130,542, 0.9090909090909091
223,315, 1.0
184,558, 0.9090909090909091
85,391, 0.9411764705882353
102,336, 1.0
124,506, 0.923076923076923
227,486, 0.923076923076923
108,428, 1.0
54,436, 1.0
56,366, 0.9333333333333333
158,515, 0.9090909090909091
86,406, 0.9090909090909091
212,316, 1.0
177,510, 0.923076923076923
96,474, 0.923076923076923
183,494, 1.0
221,452, 1.0
182,372, 1.0
108,486, 1.0
184,652, 0.9090909090909091
44,428, 0.9090909090909091
211,317, 1.0
231,401, 0.9333333333333333
50,620, 0.9090909090909091
158,457, 0.9090909090909091
263,309, 0.9120951751487112
231,343, 1.0
151,299, 1.0
54,397, 1.0
57,355, 1.0
155,670, 0.9090909090909091
219,349, 1.0
162,597, 0.9090909090909091
227,438, 1.0
139,576, 0.923076923076923
145,317, 1.0
191,537, 0.9333333333333333
145,457, 0.9090909090909091
21,311, 1.0
199,456, 0.923076923076923
179,436, 1.0
159,525, 0.9090909090909091
245,345, 0.9957877000842459
199,317, 1.0
112,399, 0.923076923076923
158,315, 1.0
50,344, 1.0
167,622, 0.9090909090909091
199,513, 0.923076923076923
121,412, 1.0
49,427, 1.0
64,398, 0.923076923076923
121,414, 1.0
221,374, 0.9090909090909091
212,560, 0.9090909090909091
54,455, 1.0
205,488, 1.0
73,485, 1.0
80,400, 1.0
77,514, 0.9090909090909091
1,354, 0.9523809523809523
73,514, 1.0
162,556, 0.9090909090909091
261,341, 0.9641255605381166
77,506, 0.9090909090909091
169,596, 0.9090909090909091
221,679, 0.9090909090909091
45,428, 1.0
155,512, 1.0
118,540, 0.9090909090909091
205,384, 1.0
108,502, 0.923076923076923
202,597, 0.9090909090909091
162,616, 0.9090909090909091
3,308, 0.9
68,415, 1.0
19,313, 1.0
102,577, 1.0
142,504, 0.923076923076923
104,483, 1.0
172,385, 0.9473684210526316
76,477, 1.0
258,341, 0.9603174603174603
208,424, 0.923076923076923
72,413, 1.0
225,452, 0.9090909090909091
44,348, 0.9090909090909091
81,508, 0.923076923076923
119,317, 1.0
194,651, 0.9090909090909091
140,360, 0.923076923076923
129,374, 0.9090909090909091
151,379, 1.0
200,395, 1.0
202,345, 1.0
167,558, 0.9090909090909091
121,494, 1.0
54,375, 1.0
25,311, 1.0
84,504, 0.923076923076923
220,343, 1.0
205,493, 1.0
207,371, 1.0
86,370, 0.9090909090909091
95,400, 0.9090909090909091
43,317, 1.0
77,676, 0.9090909090909091
156,338, 0.9090909090909091
96,563, 0.923076923076923
221,372, 1.0
44,450, 0.9090909090909091
197,564, 0.9090909090909091
150,510, 0.923076923076923
49,402, 1.0
152,625, 0.9090909090909091
151,291, 1.0
102,478, 1.0
118,452, 0.923076923076923
197,450, 1.0
92,500, 0.923076923076923
102,418, 1.0
148,412, 1.0
159,350, 0.9090909090909091
83,511, 1.0
123,353, 1.0
187,318, 1.0
163,620, 0.9090909090909091
203,372, 1.0
186,291, 1.0
75,314, 0.9523809523809523
150,343, 1.0
205,396, 1.0
54,418, 1.0
120,392, 0.9090909090909091
50,539, 0.9090909090909091
221,394, 0.9090909090909091
180,318, 1.0
95,344, 0.9090909090909091
212,343, 1.0
191,475, 0.9333333333333333
194,428, 1.0
130,371, 1.0
100,343, 1.0
216,347, 0.9473684210526316
148,380, 1.0
54,535, 1.0
68,317, 1.0
150,317, 1.0
71,333, 1.0
124,399, 1.0
66,315, 1.0
193,400, 1.0
49,500, 0.923076923076923
63,541, 0.9090909090909091
225,444, 0.9090909090909091
162,343, 1.0
144,475, 1.0
124,344, 1.0
233,373, 1.0
126,337, 1.0
230,523, 1.0
212,455, 1.0
132,484, 1.0
167,456, 1.0
45,596, 0.9090909090909091
77,682, 0.9090909090909091
56,347, 0.9333333333333333
212,371, 1.0
76,507, 1.0
200,551, 0.9090909090909091
77,401, 0.9090909090909091
155,426, 1.0
227,518, 1.0
44,350, 0.9090909090909091
175,460, 1.0
147,318, 1.0
261,339, 0.9670575097710776
230,516, 1.0
147,504, 0.9090909090909091
205,494, 1.0
96,569, 0.923076923076923
139,398, 0.923076923076923
121,331, 1.0
227,530, 0.923076923076923
221,373, 0.9090909090909091
152,682, 0.9090909090909091
81,429, 0.923076923076923
247,343, 1.0
60,553, 0.923076923076923
67,328, 0.9411764705882353
197,346, 1.0
57,378, 1.0
84,675, 0.9090909090909091
81,316, 1.0
221,540, 0.9090909090909091
177,679, 0.923076923076923
97,329, 0.923076923076923
207,511, 0.9090909090909091
95,429, 1.0
206,557, 0.9090909090909091
87,569, 0.9090909090909091
54,475, 1.0
87,681, 0.9090909090909091
184,480, 0.923076923076923
147,398, 1.0
166,401, 0.9090909090909091
163,564, 0.9090909090909091
157,350, 0.9
139,415, 0.923076923076923
159,297, 1.0
47,333, 0.9411764705882353
153,373, 1.0
230,520, 1.0
30,345, 0.9333333333333333
196,398, 0.923076923076923
148,477, 1.0
232,371, 1.0
84,558, 0.9090909090909091
87,455, 1.0
49,597, 0.9090909090909091
218,428, 1.0
108,400, 1.0
218,526, 1.0
54,378, 1.0
147,354, 0.9090909090909091
86,477, 1.0
205,322, 1.0
120,371, 1.0
167,342, 1.0
72,437, 1.0
218,397, 1.0
75,332, 1.0
130,681, 0.9090909090909091
86,568, 0.9090909090909091
177,450, 0.923076923076923
87,316, 1.0
167,346, 1.0
221,514, 0.9090909090909091
227,354, 0.923076923076923
145,456, 0.9090909090909091
240,311, 1.0
30,316, 0.9333333333333333
198,315, 1.0
255,345, 0.9991489361702128
43,315, 1.0
233,458, 0.9090909090909091
44,491, 1.0
182,483, 1.0
142,401, 1.0
51,373, 0.923076923076923
199,399, 1.0
64,333, 1.0
158,458, 0.9090909090909091
187,366, 1.0
49,654, 0.9090909090909091
218,350, 1.0
125,372, 1.0
102,476, 1.0
193,315, 1.0
114,331, 1.0
181,541, 0.9090909090909091
196,459, 0.923076923076923
43,375, 1.0
191,451, 0.9333333333333333
191,333, 0.9411764705882353
219,396, 1.0
81,398, 1.0
77,556, 0.9090909090909091
181,626, 0.9090909090909091
156,436, 1.0
92,486, 0.923076923076923
221,343, 1.0
106,429, 0.923076923076923
44,473, 0.923076923076923
67,454, 0.9333333333333333
182,480, 0.9090909090909091
189,428, 0.923076923076923
121,365, 1.0
259,317, 0.9652327637006483
58,504, 0.9090909090909091
148,491, 1.0
121,476, 1.0
45,513, 1.0
233,398, 1.0
158,557, 0.9090909090909091
191,533, 0.9333333333333333
140,520, 1.0
285,313, 0.9902912621359222
140,518, 1.0
201,332, 0.9333333333333333
72,387, 1.0
84,452, 1.0
87,374, 1.0
231,402, 0.9333333333333333
169,458, 1.0
160,423, 0.9090909090909091
190,679, 0.9090909090909091
205,326, 1.0
232,500, 0.923076923076923
130,370, 1.0
130,450, 0.923076923076923
18,351, 0.9166666666666666
151,443, 1.0
56,365, 0.9333333333333333
180,511, 0.9090909090909091
152,542, 0.9090909090909091
76,482, 0.9090909090909091
155,620, 0.9090909090909091
233,401, 1.0
142,429, 0.923076923076923
140,457, 0.923076923076923
194,622, 0.9090909090909091
147,478, 1.0
50,318, 1.0
77,427, 1.0
100,514, 0.923076923076923
180,346, 1.0
43,492, 0.9090909090909091
102,315, 1.0
50,680, 0.9090909090909091
177,485, 1.0
