model,groundtruth_balanced_accuracy,dataset,balanced_accuracy
97,0.672733762,1,0.6016619333333333
98,0.748037116,1,0.5838855576666666
99,0.755531763,1,0.628905017
100,0.995360457,1,0.515935626
101,0.994289793,1,0.5571684020000001
102,0.98965025,1,0.5772588616666666
103,0.996074233,1,0.5834648153333334
104,0.998572448,1,0.598716735
105,0.996788009,1,0.5301356893333334
106,0.995003569,1,0.5346586723333333
107,0.995003569,1,0.5758147496666667
108,0.564239829,1,0.613863469
109,0.584939329,1,0.5485380643333334
110,0.756245539,1,0.5471449186666667
111,0.727337616,1,0.5255075206666667
112,0.593147752,1,0.58988114
113,0.992862241,1,0.5970337646666667
114,0.559957173,1,0.6237159576666667
115,0.987508922,1,0.586515199
116,0.575660243,1,0.6073419583333333
117,0.982869379,1,0.5705269796666667
118,0.578158458,1,0.5942989373333333
119,0.975374732,1,0.5768381193333333
120,0.980728051,1,0.5843063003333334
121,0.584582441,1,0.5594824863333333
247,0.499286224,1,0.5986875003333333
248,0.5,1,0.5731470666666666
249,0.499643112,1,0.5999789626666666
250,0.41184868,1,0.562514377
251,0.514989293,1,0.5675912773333333
252,0.44468237,1,0.595350794
253,0.447537473,1,0.5915641106666666
254,0.553890079,1,0.5627023573333333
255,0.546395432,1,0.5446836946666667
256,0.526766595,1,0.5346586723333333
257,0.44111349,1,0.5758147496666667
258,0.5,1,0.6106027136666666
259,0.5,1,0.5637950979999999
260,0.5,1,0.7014831176666666
261,0.5,1,0.551268451
262,0.500713776,1,0.57052698
263,0.5,1,0.608709372
264,0.5,1,0.6066056586666667
265,0.499643112,1,0.55117282
266,0.504282655,1,0.5921952243333334
267,0.500713776,1,0.5624276846666667
268,0.493219129,1,0.5625328703333333
269,0.151677373,1,0.5853581569999999
270,0.066738044,1,0.5970337646666667
271,0.5,1,0.5130956136666667
297,0.506067095,1,0.5972441356666666
298,0.502855103,1,0.5889344693333334
299,0.502141328,1,0.602293047
300,0.504639543,1,0.515935626
301,0.517844397,1,0.511885407
302,0.520342612,1,0.6489954769999999
303,0.461099215,1,0.5915641106666666
304,0.575303355,1,0.5627023573333333
305,0.620985011,1,0.5029977906666666
306,0.387937188,1,0.5346586723333333
307,0.428265525,1,0.5758147496666667
308,0.5,1,0.597600838
309,0.454675232,1,0.612601241
310,0.480014276,1,0.6317113113333334
311,0.501427552,1,0.6007152623333334
312,0.509279086,1,0.5490024463333333
313,0.5,1,0.564741769
314,0.57958601,1,0.5986875003333333
315,0.413276231,1,0.55117282
316,0.5,1,0.5256127063333332
317,0.5,1,0.6119701270000001
318,0.529978587,1,0.575996634
319,0.453961456,1,0.6466813923333333
320,0.429693076,1,0.6779215313333333
321,0.510706638,1,0.6446479026666667
372,0.799428979,1,0.5962974646666667
373,0.762312634,1,0.537814242
374,0.807280514,1,0.5892500263333333
375,0.996074233,1,0.515935626
376,0.996788009,1,0.5571684020000001
377,0.990720914,1,0.5790470176666668
378,0.99821556,1,0.5834648153333334
379,0.998929336,1,0.6089197433333333
380,0.996431121,1,0.5301356893333334
381,0.994646681,1,0.5346586723333333
382,0.997144897,1,0.5758147496666667
383,0.536759458,1,0.613863469
384,0.658815132,1,0.5267697483333333
385,0.813704497,1,0.6066056586666667
386,0.76302641,1,0.5697906806666667
387,0.625624554,1,0.5698958660000001
388,0.974304069,1,0.5515935623333333
389,0.630264097,1,0.5660039966666667
390,0.992148465,1,0.5958767223333333
391,0.606709493,1,0.6033449036666666
392,0.991791577,1,0.550752077
393,0.606352605,1,0.594824866
394,0.990007138,1,0.5728410643333333
395,0.989293362,1,0.5843063003333334
396,0.706995004,1,0.5251919636666667
422,0.5,1,0.608709372
423,0.518915061,1,0.5853581569999999
424,0.563169165,1,0.5999789626666666
425,0.284796574,1,0.5176185966666668
426,0.459314775,1,0.5772588616666666
427,0.518558173,1,0.575049963
428,0.507137759,1,0.5915641106666666
429,0.574232691,1,0.5779951613333333
430,0.513204854,1,0.5697906806666667
431,0.476445396,1,0.540233512
432,0.349036403,1,0.6080782583333333
433,0.5,1,0.6087505173333333
434,0.526052819,1,0.62245373
435,0.517130621,1,0.6035203123333334
436,0.528194147,1,0.5737877353333334
437,0.502141328,1,0.5552750603333333
438,0.525695931,1,0.556537288
439,0.5,1,0.55117282
440,0.267309065,1,0.5975596926666666
441,0.5,1,0.612285684
442,0.5,1,0.6119701270000001
443,0.528551035,1,0.6014515623333333
444,0.895788722,1,0.6056589880000001
445,0.937901499,1,0.5994530346666668
446,0.520342612,1,0.5224571366666667
1022,0.481798715,1,0.6068874973333334
1023,0.48786581,1,0.572630693
1024,0.452177016,1,0.6400546963333333
1025,0.394361171,1,0.535079415
1026,0.414346895,1,0.5571684020000001
1027,0.431120628,1,0.585033617
1028,0.307637402,1,0.5908278113333334
1029,0.374018558,1,0.647102135
1030,0.653818701,1,0.5697906806666667
1031,0.501070664,1,0.5346586723333333
1032,0.459671663,1,0.600820448
1033,0.5,1,0.6027137896666667
1034,0.444325482,1,0.5793625746666667
1035,0.483940043,1,0.6062608673333333
1036,0.513204854,1,0.6240315146666666
1037,0.427551749,1,0.4756495213333333
1038,0.461099215,1,0.5379194276666667
1039,0.41862955,1,0.5827285156666666
1040,0.488579586,1,0.57557976
1041,0.467880086,1,0.5945093090000001
1042,0.496431121,1,0.6032104833333333
1043,0.438972163,1,0.4804880613333333
1044,0.484296931,1,0.5728410643333333
1045,0.46538187,1,0.5843063003333334
1046,0.44111349,1,0.5594824863333333
1347,0.500356888,1,0.608709372
1348,0.500713776,1,0.5994530343333333
1349,0.578515346,1,0.5999789626666666
1350,0.488222698,1,0.535079415
1351,0.417915774,1,0.507836331
1352,0.503568879,1,0.34606317766666667
1353,0.429693076,1,0.5915641106666666
1354,0.56923626,1,0.5976648786666666
1355,0.45503212,1,0.5703322443333333
1356,0.502498216,1,0.5545387606666666
1357,0.526766595,1,0.5758147496666667
1358,0.5,1,0.613863469
1359,0.500713776,1,0.6164931103333333
1360,0.529978587,1,0.5669587876666667
1361,0.500713776,1,0.5779951613333334
1362,0.517130621,1,0.543599453
1363,0.462883655,1,0.5622329490000001
1364,0.496431121,1,0.5706321656666667
1365,0.248037116,1,0.5975596926666666
1366,0.498572448,1,0.6033449036666666
1367,0.513204854,1,0.6119701270000001
1368,0.505353319,1,0.564846955
1369,0.913276231,1,0.6134077636666667
1370,0.947180585,1,0.6137582833333334
1371,0.551034975,1,0.5764173763333332
1472,0.518201285,1,0.5749447773333333
1473,0.481441827,1,0.7288313876666667
1474,0.519628837,1,0.611128642
1475,0.490720914,1,0.45324497733333335
1476,0.493576017,1,0.511885407
1477,0.631334761,1,0.6258546333333334
1478,0.575303355,1,0.5883033553333333
1479,0.476802284,1,0.60681603
1480,0.618843683,1,0.5247253103333334
1481,0.589578872,1,0.5290838326666666
1482,0.516773733,1,0.549595035
1483,0.5,1,0.613863469
1484,0.5,1,0.620490165
1485,0.505710207,1,0.5776796043333333
1486,0.47751606,1,0.5624276846666667
1487,0.503211991,1,0.5312927316666667
1488,0.495003569,1,0.574734406
1489,0.5,1,0.5946801423333333
1490,0.5,1,0.55117282
1491,0.5,1,0.5946801423333333
1492,0.5,1,0.5021609803333333
1493,0.480728051,1,0.5964026506666668
1494,0.592790864,1,0.55117282
1495,0.514989293,1,0.6314601583333334
1496,0.5,1,0.5510676343333333
1622,0.508208423,1,0.608709372
1623,0.507851535,1,0.5838855576666666
1624,0.568522484,1,0.5999789626666666
1625,0.481084939,1,0.5176185966666668
1626,0.538900785,1,0.5772588616666666
1627,0.736259814,1,0.5853581569999999
1628,0.311206281,1,0.5915641106666666
1629,0.537830121,1,0.5779951613333333
1630,0.521770164,1,0.5446836946666667
1631,0.505710207,1,0.5388660986666666
1632,0.568879372,1,0.5758147496666667
1633,0.5,1,0.6087505173333333
1634,0.530692363,1,0.6130219836666666
1635,0.562098501,1,0.5825883673333334
1636,0.51391863,1,0.6142842113333332
1637,0.5,1,0.5552750603333333
1638,0.535331906,1,0.556537288
1639,0.480371163,1,0.5503313346666667
1640,0.398286938,1,0.5975596926666666
1641,0.5,1,0.6098371796666666
1642,0.501427552,1,0.6119701270000001
1643,0.5,1,0.5973493216666667
1644,0.86509636,1,0.6039760176666666
1645,0.947894361,1,0.5970337646666667
1646,0.539614561,1,0.5646365833333333
1797,0.433261956,1,0.6054486166666667
1798,0.496074233,1,0.539917955
1799,0.457530335,1,0.6447880506666667
1800,0.463954318,1,0.535079415
1801,0.61598858,1,0.5429683390000001
1802,0.626695218,1,0.5928263383333334
1803,0.628479657,1,0.5933522666666666
1804,0.560670949,1,0.598716735
1805,0.512491078,1,0.5247253103333334
1806,0.369735903,1,0.5545387606666666
1807,0.457530335,1,0.5609550856666666
1808,0.523911492,1,0.613863469
1809,0.473947181,1,0.565898811
1810,0.496431121,1,0.5606395286666667
1811,0.496788009,1,0.49111181233333334
1812,0.521770164,1,0.596823393
1813,0.496788009,1,0.564741769
1814,0.492862241,1,0.458574877
1815,0.548536759,1,0.6106027136666666
1816,0.526052819,1,0.5921952243333334
1817,0.634189864,1,0.5146733983333334
1818,0.5,1,0.5568338389999999
1819,0.521770164,1,0.5994530343333334
1820,0.533904354,1,0.5843063003333334
1821,0.526766595,1,0.5510676343333333
322,0.557985758,10,0.4721352536666667
323,0.679043744,10,0.5251513253333333
324,0.689725331,10,0.49968691266666676
325,0.498982706,10,0.534960281
326,0.523397762,10,0.5288314286666665
327,0.920651068,10,0.6062515443333333
328,0.322990844,10,0.500521812
329,0.309257375,10,0.46796075966666667
330,0.476093591,10,0.5140657123333333
331,0.553407935,10,0.48027551666666674
332,0.486266531,10,0.5534900736666667
333,0.486775178,10,0.442693528
334,0.500508647,10,0.4353804446666667
335,0.517802645,10,0.548319766
336,0.54069176,10,0.4900859553333334
337,0.501017294,10,0.5284909203333333
338,0.500508647,10,0.4605041513333333
339,0.5,10,0.6621897616666667
340,0.508138352,10,0.38035335333333326
341,0.5,10,0.7269045510000001
342,0.534587996,10,0.6351924776666668
343,0.503051882,10,0.48549363366666665
344,0.845879959,10,0.5255357303333333
345,0.856561546,10,0.6008127813333334
346,0.566632757,10,0.5324491583333334
722,0.623092574,10,0.631308642
723,0.682095626,10,0.561886871
724,0.695320448,10,0.45773482000000004
725,0.746185148,10,0.49655604266666664
726,0.684638861,10,0.5288253803333333
727,0.757884028,10,0.5265223713333333
728,0.707527976,10,0.500521812
729,0.789928789,10,0.5061602283333334
730,0.81180061,10,0.482339181
731,0.739572737,10,0.5751932886666667
732,0.871312309,10,0.5130452933333333
733,0.538148525,10,0.442693528
734,0.630722279,10,0.36226553999999994
735,0.589013225,10,0.513145846
736,0.606307223,10,0.4212967886666667
737,0.589013225,10,0.5146771723333333
738,0.723296033,10,0.6201210603333333
739,0.671922686,10,0.387536186
740,0.833672431,10,0.4888332290000001
741,0.519837233,10,0.5122103943333333
742,0.756358087,10,0.39339473300000005
743,0.630722279,10,0.510540597
744,0.681078332,10,0.4862135406666666
745,0.745676501,10,0.4828976606666666
746,0.626653103,10,0.5021916093333333
1222,0.490844354,10,0.5342417246666668
1223,0.631230926,10,0.5299519933333333
1224,0.567141404,10,0.49717715700000004
1225,0.510681587,10,0.534960281
1226,0.506612411,10,0.5288314286666665
1227,0.950661241,10,0.5270178673333333
1228,0.424720244,10,0.532874139
1229,0.550356053,10,0.5061602283333334
1230,0.568667345,10,0.5140657123333333
1231,0.733468973,10,0.5123197003333333
1232,0.686673449,10,0.514606919
1233,0.5,10,0.442693528
1234,0.498982706,10,0.49655604266666664
1235,0.477110885,10,0.4652473383333333
1236,0.496439471,10,0.5503888679999999
1237,0.508646999,10,0.54226675
1238,0.5,10,0.28109036866666665
1239,0.5,10,0.5353255056666666
1240,0.5,10,0.34257631566666663
1241,0.5,10,0.5595908996666666
1242,0.501525941,10,0.6103109996666667
1243,0.5,10,0.5362086746666667
1244,0.837741607,10,0.550033378
1245,0.856052899,10,0.6008127813333334
1246,0.587995931,10,0.5060673516666667
172,0.408794788,15,0.3324958123333333
173,0.457654723,15,0.553518083
174,0.382736156,15,0.5391670193333333
175,0.5,15,0.5529138159999999
176,0.5,15,0.490864174
177,0.5,15,0.6874399653333333
178,0.5,15,0.5332244279999999
179,0.5,15,0.688492435
180,0.5,15,0.6136784353333333
181,0.503257329,15,0.507290796
182,0.5,15,0.4523203516666667
183,0.368078176,15,0.45583730633333336
184,0.350162866,15,0.872882933
185,0.530944625,15,0.41138008966666667
186,0.501628664,15,0.5291868823333333
187,0.364820847,15,0.7289223896666667
188,0.741042345,15,0.6077360580000001
189,0.519543974,15,0.27921060700000006
190,0.664495114,15,0.44636484233333334
191,0.294788274,15,0.3238414293333333
192,0.747557003,15,0.46917585966666664
193,0.40228013,15,0.46813300366666666
194,0.374592834,15,0.514096726
195,0.30781759,15,0.5409727703333334
196,0.496742671,15,0.47329238766666676
397,0.5,15,0.8466827956666666
398,0.687296417,15,0.8122189949999999
399,0.5,15,0.5965142476666666
400,0.5,15,0.40642575866666664
401,0.5,15,0.490864174
402,0.5,15,0.5189003436666667
403,0.5,15,0.37227002166666673
404,0.5,15,0.44636484233333334
405,0.5,15,0.6136784353333333
406,0.5,15,0.6066443330000001
407,0.5,15,0.692834963
408,0.408794788,15,0.3859711653333333
409,0.5,15,0.475502778
410,0.5,15,0.5210365003333334
411,0.5,15,0.3653119523333334
412,0.638436482,15,0.45102996766666664
413,0.591205212,15,0.5752603316666667
414,0.557003257,15,0.688492435
415,0.5,15,0.5062820953333333
416,0.470684039,15,0.2958551596666667
417,0.5,15,0.600481485
418,0.618892508,15,0.3620188336666667
419,0.5,15,0.67404925
420,0.48534202,15,0.4107681953333333
421,0.473941368,15,0.466778336
447,0.931596091,15,0.5245610836666666
448,0.95276873,15,0.5626421636666666
449,0.964169381,15,0.5108059156666666
450,0.5,15,0.4842487770000001
451,0.5,15,0.490864174
452,0.5,15,0.4381165083333333
453,0.5,15,0.6166766153333333
454,0.5,15,0.5382558056666668
455,0.688925081,15,0.6136784353333333
456,0.5,15,0.6740964143333334
457,0.5,15,0.5394053586666666
458,0.938110749,15,0.4729623416666667
459,0.956026059,15,0.45216824866666666
460,0.949511401,15,0.33308120833333327
461,0.947882736,15,0.43365621233333335
462,0.942996743,15,0.6273434236666667
463,0.7752443,15,0.5352469559999999
464,0.929967427,15,0.4466558523333333
465,0.776872964,15,0.5557416713333333
466,0.970684039,15,0.294521352
467,0.794788274,15,0.7115205656666667
468,0.938110749,15,0.3978581753333333
469,0.928338762,15,0.8554299076666667
470,0.908794788,15,0.8749366886666667
471,0.95276873,15,0.4594843560000001
747,0.519543974,15,0.6908128923333333
748,0.498371336,15,0.6136784353333333
749,0.513029316,15,0.59693242
750,0.5,15,0.4842487770000001
751,0.5,15,0.490864174
752,0.5,15,0.3524658676666667
753,0.5,15,0.6387313336666667
754,0.5,15,0.688492435
755,0.535830619,15,0.6858913516666666
756,0.465798046,15,0.544391637
757,0.5,15,0.4523203516666667
758,0.589576547,15,0.2940307813333333
759,0.543973941,15,0.5860452483333334
760,0.553745928,15,0.9860413176666666
761,0.589576547,15,0.336288187
762,0.615635179,15,0.377454718
763,0.664495114,15,0.46677833599999996
764,0.529315961,15,0.47284613
765,0.625407166,15,0.49627110366666666
766,0.558631922,15,0.6906756003333333
767,0.600977199,15,0.8459892053333333
768,0.615635179,15,0.44160251
769,0.465798046,15,0.45463945499999997
770,0.504885993,15,0.485598586
771,0.53257329,15,0.30244318400000003
922,0.728013029,15,0.49323594066666665
923,0.63029316,15,0.526910426
924,0.672638436,15,0.7000509513333334
925,0.5,15,0.5529138159999999
926,0.5,15,0.490864174
927,0.498371336,15,0.6591711633333334
928,0.486970684,15,0.3759386386666666
929,0.5,15,0.30029607499999994
930,0.486970684,15,0.6136784353333333
931,0.40228013,15,0.6740964143333334
932,0.5,15,0.3017893546666666
933,0.503257329,15,0.339989837
934,0.509771987,15,0.6688106016666667
935,0.700325733,15,0.33178201766666665
936,0.762214984,15,0.36915757266666666
937,0.527687296,15,0.38563186299999996
938,0.231270358,15,0.2927161343333334
939,0.524429967,15,0.8284943233333334
940,0.288273616,15,0.30843362133333335
941,0.667752443,15,0.32514423966666667
942,0.276872964,15,0.6247906196666667
943,0.693811075,15,0.671283442
944,0.622149837,15,0.43278755099999994
945,0.672638436,15,0.4231914143333333
946,0.522801303,15,0.3859627380000001
1272,0.53257329,15,0.6336376006666667
1273,0.509771987,15,0.339896779
1274,0.314332248,15,0.3383549323333333
1275,0.5,15,0.40642575866666664
1276,0.5,15,0.490864174
1277,0.5,15,0.3461650273333334
1278,0.5,15,0.5576958870000001
1279,0.5,15,0.44636484233333334
1280,0.5,15,0.6136784353333333
1281,0.5,15,0.629900636
1282,0.5,15,0.5394053586666666
1283,0.5,15,0.3859711653333333
1284,0.578175896,15,0.6076905273333334
1285,0.407166124,15,0.7778773176666668
1286,0.498371336,15,0.6870881990000001
1287,0.5,15,0.559091755
1288,0.5,15,0.4845523916666667
1289,0.5,15,0.578302568
1290,0.5,15,0.5962517196666667
1291,0.469055375,15,0.6042837113333334
1292,0.486970684,15,0.7115205656666667
1293,0.5,15,0.6419526913333334
1294,0.5,15,0.6762102720000001
1295,0.5,15,0.5164879433333333
1296,0.5,15,0.4662199886666667
472,0.333333333,17,0.8251666666666667
473,0.333333333,17,0.8418333333333333
474,0.333333333,17,0.5173333333333333
475,0.333333333,17,0.8305000000000001
476,0.364453665,17,0.8340000000000001
477,0.333333333,17,0.6983333333333334
478,0.350276625,17,0.5176666666666667
479,0.415629322,17,0.5539999999999999
480,0.335408022,17,0.8693333333333334
481,0.286652835,17,0.5396666666666666
482,0.335408022,17,0.6771666666666668
483,0.336099585,17,0.5358333333333334
484,0.381396957,17,0.5696666666666667
485,0.333333333,17,0.5103333333333334
486,0.328838174,17,0.5439999999999999
487,0.346818811,17,0.5516666666666666
488,0.333333333,17,0.6708333333333334
489,0.333333333,17,0.47150000000000003
490,0.38208852,17,0.5031666666666667
491,0.333333333,17,0.6098333333333333
492,0.333333333,17,0.5085000000000001
493,0.333333333,17,0.5539999999999999
494,0.553250346,17,0.8490000000000001
495,0.336099585,17,0.6641666666666667
496,0.333333333,17,0.5345
497,0.333333333,17,0.6151666666666666
498,0.333333333,17,0.5281666666666667
499,0.333333333,17,0.6098333333333333
500,0.333333333,17,0.8305000000000001
501,0.333333333,17,0.5018333333333334
502,0.334370678,17,0.8525
503,0.333333333,17,0.5941666666666666
504,0.333333333,17,0.5208333333333334
505,0.333333333,17,0.8693333333333334
506,0.333333333,17,0.6625
507,0.333333333,17,0.5208333333333334
508,0.333333333,17,0.5358333333333334
509,0.333333333,17,0.6323333333333333
510,0.333333333,17,0.6168333333333335
511,0.333333333,17,0.5548090523333334
512,0.333333333,17,0.673
513,0.333333333,17,0.9546666666666667
514,0.333333333,17,0.5623333333333334
515,0.333333333,17,0.8344999999999999
516,0.333333333,17,0.5863333333333334
517,0.333333333,17,0.8249999999999998
518,0.333333333,17,0.5875
519,0.333333333,17,0.682
520,0.333333333,17,0.8336666666666668
521,0.333333333,17,0.5791666666666666
597,0.333333333,17,0.5391666666666667
598,0.352697095,17,0.5831666666666667
599,0.371715076,17,0.5001666666666668
600,0.677385892,17,0.8305000000000001
601,0.502074689,17,0.8668333333333335
602,0.699515906,17,0.47983333333333333
603,0.39626556,17,0.8525
604,0.382434302,17,0.5439999999999999
605,0.333333333,17,0.5776666666666667
606,0.333333333,17,0.5396666666666666
607,0.352005533,17,0.6953333333333332
608,0.30428769,17,0.5358333333333334
609,0.31120332,17,0.516
610,0.384163209,17,0.6656666666666666
611,0.338520055,17,0.5018333333333334
612,0.298063624,17,0.5468333333333334
613,0.491701245,17,0.5056666666666666
614,0.321922545,17,0.5533333333333333
615,0.421161826,17,0.9891666666666667
616,0.389004149,17,0.5065000000000001
617,0.335062241,17,0.5031666666666667
618,0.326071923,17,0.5228333333333334
619,0.64626556,17,0.8258333333333333
620,0.522475795,17,0.8155000000000001
621,0.25242047,17,0.5369999999999999
1372,0.93153527,17,0.7098333333333334
1373,0.782157676,17,0.9153333333333333
1374,0.934301521,17,0.731
1375,0.970954357,17,0.8305000000000001
1376,0.978907331,17,0.5018333333333334
1377,0.995504841,17,0.596
1378,0.977178423,17,0.5303333333333334
1379,0.968188105,17,0.5595
1380,0.973720609,17,0.8693333333333334
1381,0.978907331,17,0.8361666666666666
1382,0.97406639,17,0.8471666666666667
1383,0.425311203,17,0.5296666666666666
1384,0.925311203,17,0.6908333333333333
1385,0.98824343,17,0.6006666666666667
1386,0.991355463,17,0.8208333333333334
1387,0.926694329,17,0.5966666666666667
1388,0.967150761,17,0.6696666666666667
1389,0.482019364,17,0.5206666666666667
1390,0.976141079,17,0.759
1391,0.344052559,17,0.7166666666666667
1392,0.971991701,17,0.7078333333333333
1393,0.645919779,17,0.5023333333333334
1394,0.980636238,17,0.8578637436666666
1395,0.983056708,17,0.816
1396,0.883471646,17,0.5791666666666666
122,0.893133998,32,0.626902951
123,0.865448505,32,0.6994276746666666
124,0.912513843,32,0.5918253336666667
125,0.211517165,32,0.7569101229999999
126,0.211517165,32,0.5457287033333333
127,0.210963455,32,0.6844596153333332
128,0.219822813,32,0.5371974110000001
129,0.211517165,32,0.49422155833333337
130,0.256921373,32,0.6630123226666668
131,0.222591362,32,0.6744023176666666
132,0.212070875,32,0.6565989386666667
133,0.857113904,32,0.573366729
134,0.848916762,32,0.63591326
135,0.889395667,32,0.509791492
136,0.904539927,32,0.5190300523333334
137,0.874543981,32,0.5591911589999999
138,0.417331813,32,0.5082044506666666
139,0.883694413,32,0.5225151016666667
140,0.387685291,32,0.5086620746666667
141,0.885404789,32,0.5086620746666667
142,0.335233751,32,0.5216659896666667
143,0.899657925,32,0.718282873
144,0.769099202,32,0.596422151
145,0.74059293,32,0.7863647483333334
146,0.88027366,32,0.6914576239999999
272,0.18183657,32,0.7208515346666666
273,0.177588997,32,0.590364261
274,0.184061489,32,0.5982023316666667
275,0.19579288,32,0.7729557906666665
276,0.195186084,32,0.5457287033333333
277,0.195186084,32,0.6484603376666667
278,0.195186084,32,0.5371974110000001
279,0.195186084,32,0.5130067806666666
280,0.199029126,32,0.6630123226666668
281,0.195186084,32,0.5314130663333333
282,0.199029126,32,0.6565989386666667
283,0.131536279,32,0.609474455
284,0.169498382,32,0.5170162203333334
285,0.144822006,32,0.6837144076666667
286,0.175970874,32,0.9456267593333333
287,0.194983819,32,0.5991306980000001
288,0.200444984,32,0.46396639266666667
289,0.127427184,32,0.6780266336666667
290,0.20105178,32,0.6464984283333333
291,0.123381877,32,0.6248898226666667
292,0.200242718,32,0.5216659896666667
293,0.201860841,32,0.5491424576666667
294,0.198624595,32,0.596422151
295,0.194377023,32,0.7863647483333334
296,0.179409385,32,0.7268264873333333
772,0.860722892,32,0.7147049236666666
773,0.895903614,32,0.6705768446666666
774,0.881445783,32,0.6312544263333333
775,0.22313253,32,0.7729557906666665
776,0.221204819,32,0.5563455803333333
777,0.22313253,32,0.642799685
778,0.224096386,32,0.5371974110000001
779,0.198554217,32,0.49422155833333337
780,0.168192771,32,0.6630123226666668
781,0.251566265,32,0.49634731800000004
782,0.198554217,32,0.673197996
783,0.841507904,32,0.5234273123333333
784,0.837590361,32,0.5174513213333333
785,0.854939759,32,0.5494263736666667
786,0.869879518,32,0.63658854
787,0.837590361,32,0.7143510893333334
788,0.331084337,32,0.502137852
789,0.86313253,32,0.552337229
790,0.363855422,32,0.5086620746666667
791,0.835662651,32,0.6384111843333334
792,0.253012048,32,0.5121474103333333
793,0.87373494,32,0.805092809
794,0.696385542,32,0.596422151
795,0.681445783,32,0.7863647483333334
796,0.853266888,32,0.6747596486666666
872,0.887228916,32,0.686924596
873,0.905542169,32,0.6724327290000001
874,0.916626506,32,0.6486327913333333
875,0.22313253,32,0.7569101229999999
876,0.168192771,32,0.5498810176666666
877,0.22313253,32,0.702483762
878,0.235662651,32,0.5371974110000001
879,0.221204819,32,0.49422155833333337
880,0.188915663,32,0.6630123226666668
881,0.288192771,32,0.6744023176666666
882,0.188915663,32,0.680794096
883,0.891566265,32,0.5479023166666667
884,0.866024096,32,0.5253600500000001
885,0.925301205,32,0.5505293706666666
886,0.902168675,32,0.706025198
887,0.849638554,32,0.5120699266666667
888,0.394698795,32,0.47194933833333336
889,0.927710843,32,0.5172028806666666
890,0.378313253,32,0.49841129666666667
891,0.894939759,32,0.8264361913333333
892,0.390361446,32,0.4967125003333333
893,0.906506024,32,0.9546036973333334
894,0.7552589,32,0.596422151
895,0.743122977,32,0.7863647483333334
896,0.903114887,32,0.5178145550000001
572,0.626168224,35,0.5651351893333333
573,0.775700935,35,0.5029254893333334
574,0.261682243,35,0.6339044066666667
575,0.728971963,35,0.5651128409999999
576,0.588785047,35,0.5299459453333333
577,0.981308411,35,0.5103198916666667
578,0.738317757,35,0.6912253023333333
579,0.261682243,35,0.6192888953333333
580,0.598130841,35,0.6136784353333333
581,0.242990654,35,0.5308886666666667
582,0.644859813,35,0.4911292003333334
583,0.23364486,35,0.5533291586666667
584,0.23364486,35,0.5469420783333333
585,0.672897196,35,0.6637520376666667
586,0.672897196,35,0.6732334533333333
587,0.420560748,35,0.5735514463333333
588,0.23364486,35,0.5288378546666667
589,0.23364486,35,0.7345613943333333
590,0.719626168,35,0.5949638030000001
591,0.76635514,35,0.540179503
592,0.691588785,35,0.6421582063333333
593,0.738317757,35,0.6270089166666666
594,0.859813084,35,0.48700796566666665
595,0.869158879,35,0.60676268
596,0.252336449,35,0.5937908656666667
947,0.401869159,35,0.511166771
948,0.392523364,35,0.6962346949999999
949,0.261682243,35,0.5398052933333334
950,0.485981308,35,0.5651128409999999
951,0.682242991,35,0.5299459453333333
952,0.841121495,35,0.5217606273333333
953,0.53271028,35,0.665620421
954,0.448598131,35,0.6922495956666667
955,0.607476636,35,0.6136784353333333
956,0.785046729,35,0.5154430393333334
957,0.728971963,35,0.5394053586666666
958,0.775700935,35,0.5411816966666666
959,0.644859813,35,0.6036604786666666
960,0.747663551,35,0.6684866393333334
961,0.364485981,35,0.8708356596666667
962,0.570093458,35,0.616091485
963,0.626168224,35,0.49133792533333337
964,0.23364486,35,0.7540104916666667
965,0.757009346,35,0.534854203
966,0.76635514,35,0.518054686
967,0.76635514,35,0.5824790593333333
968,0.775700935,35,0.532874139
969,0.76635514,35,0.4811104153333334
970,0.76635514,35,0.5666946923333332
971,0.242990654,35,0.585371363
1572,0.644859813,35,0.47542495
1573,0.728971963,35,0.5569736829999999
1574,0.803738318,35,0.5366311833333334
1575,0.962616822,35,0.5402941299999999
1576,0.971962617,35,0.6917301906666666
1577,0.953271028,35,0.6626078396666667
1578,0.971962617,35,0.6898577166666667
1579,0.971962617,35,0.5307896256666668
1580,0.953271028,35,0.6136784353333333
1581,0.962616822,35,0.674620814
1582,0.925233645,35,0.5394053586666666
1583,0.576704545,35,0.5411816966666666
1584,0.700934579,35,0.5182521059999999
1585,0.831775701,35,0.528699645
1586,0.598130841,35,0.454393655
1587,0.710280374,35,0.7019866036666667
1588,0.953271028,35,0.7960055266666667
1589,0.242990654,35,0.4473916793333333
1590,0.943925234,35,0.7244118500000001
1591,0.420560748,35,0.5353788353333333
1592,0.91588785,35,0.694687403
1593,0.76635514,35,0.636401528
1594,0.943925234,35,0.5172351276666667
1595,0.953271028,35,0.6389959156666666
1596,0.719626168,35,0.610488841
147,0.176,47,0.532874139
148,0.198333333,47,0.5925797730000001
149,0.196666667,47,0.615342768
150,0.124333333,47,0.5607307276666667
151,0.076666667,47,0.5220204553333333
152,0.163666667,47,0.8382531060000001
153,0.158666667,47,0.6898577166666667
154,0.184333333,47,0.6605205926666667
155,0.107333333,47,0.591159373
156,0.131666667,47,0.6113546233333333
157,0.316666667,47,0.510083349
158,0.173,47,0.5411816966666666
159,0.169666667,47,0.550407013
160,0.138333333,47,0.6861632543333333
161,0.177333333,47,0.6624921726666666
162,0.175666667,47,0.6250367666666666
163,0.16,47,0.9512966976666667
164,0.187,47,0.5238591786666666
165,0.174,47,0.629729913
166,0.145,47,0.7048858943333333
167,0.155,47,0.7655123759999999
168,0.115666667,47,0.49843456466666675
169,0.176333333,47,0.777375129
170,0.150666667,47,0.5652036826666667
171,0.138333333,47,0.5937908656666667
897,0.180666667,47,0.6341297966666667
898,0.158333333,47,0.7819653823333333
899,0.179,47,0.5228553536666667
900,0.221666667,47,0.5607307276666667
901,0.093,47,0.5220204553333333
902,0.190333333,47,0.8448415186666667
903,0.205666667,47,0.5165936133333333
904,0.196666667,47,0.6605205926666667
905,0.136,47,0.591159373
906,0.106666667,47,0.7953662499999999
907,0.306,47,0.510083349
908,0.188666667,47,0.5411816966666666
909,0.138666667,47,0.525986224
910,0.155,47,0.8051038720000001
911,0.156,47,0.7447153276666666
912,0.227666667,47,0.8461220620000001
913,0.212,47,0.9512966976666667
914,0.164333333,47,0.5324566893333333
915,0.183666667,47,0.5766823166666667
916,0.154666667,47,0.658442852
917,0.11,47,0.7045217039999999
918,0.101333333,47,0.419267072
919,0.058666667,47,0.6783627663333333
920,0.201333333,47,0.5833855143333334
921,0.135333333,47,0.608401594
1147,0.235333333,47,0.6502015980000001
1148,0.212,47,0.6736901266666667
1149,0.204,47,0.5416405759999999
1150,0.211666667,47,0.5607307276666667
1151,0.256666667,47,0.5220204553333333
1152,0.213333333,47,0.7804700466666666
1153,0.134,47,0.5165936133333333
1154,0.138,47,0.46796075966666667
1155,0.229333333,47,0.591159373
1156,0.110333333,47,0.6585490126666667
1157,0.185,47,0.510083349
1158,0.173711401,47,0.528073471
1159,0.184333333,47,0.6836890333333333
1160,0.240666667,47,0.5359635793333334
1161,0.175666667,47,0.6543519099999999
1162,0.196666667,47,0.7054896340000001
1163,0.225333333,47,0.6889297596666667
1164,0.172666667,47,0.6990948619999999
1165,0.338666667,47,0.6902525566666666
1166,0.175,47,0.5794714313333333
1167,0.207,47,0.7843637353333334
1168,0.108,47,0.533709038
1169,0.276333333,47,0.650050424
1170,0.273666667,47,0.6591924253333333
1171,0.175333333,47,0.6254420246666667
1247,0.756333333,47,0.4484086406666667
1248,0.787666667,47,0.5067835523333333
1249,0.784333333,47,0.5055312046666667
1250,0.918666667,47,0.5352663153333334
1251,0.925666667,47,0.5220204553333333
1252,0.895333333,47,0.615435431
1253,0.922666667,47,0.532874139
1254,0.923,47,0.47568357333333333
1255,0.921333333,47,0.591159373
1256,0.914333333,47,0.6585490126666667
1257,0.918666667,47,0.527616223
1258,0.237666667,47,0.5486957853333333
1259,0.541,47,0.5246940773333333
1260,0.788,47,0.7659776196666667
1261,0.779,47,0.5447714463333333
1262,0.575333333,47,0.7162726943333334
1263,0.916666667,47,0.6889297596666667
1264,0.582333333,47,0.6384887746666666
1265,0.915333333,47,0.5318305153333333
1266,0.540333333,47,0.538092256
1267,0.899666667,47,0.9854829706666667
1268,0.662,47,0.5508244626666666
1269,0.883,47,0.5687887589999999
1270,0.884666667,47,0.668004206
1271,0.625,47,0.6102801163333333
1447,0.741666667,47,0.6783627659999999
1448,0.797333333,47,0.7418316793333334
1449,0.779333333,47,0.7065783003333334
1450,0.921666667,47,0.5607307276666667
1451,0.929333333,47,0.5220204553333333
1452,0.907333333,47,0.7274054936666667
1453,0.922333333,47,0.6898577166666667
1454,0.926666667,47,0.46796075966666667
1455,0.923333333,47,0.591159373
1456,0.914666667,47,0.6585490126666667
1457,0.919,47,0.527616223
1458,0.2,47,0.5622628903333333
1459,0.539666667,47,0.5985984096666667
1460,0.796,47,0.6313228126666667
1461,0.779,47,0.5251513253333333
1462,0.565333333,47,0.6743190313333334
1463,0.911,47,0.6862163386666666
1464,0.499,47,0.476353159
1465,0.919,47,0.6176674086666667
1466,0.550333333,47,0.670861963
1467,0.912,47,0.9372449576666666
1468,0.658,47,0.5019828846666666
1469,0.872,47,0.6742715873333335
1470,0.887,47,0.6571561623333334
1471,0.611333333,47,0.5992177076666666
1847,0.187333333,47,0.6368190356666666
1848,0.199,47,0.6574097090000001
1849,0.205,47,0.6779069163333333
1850,0.182333333,47,0.5607307276666667
1851,0.110333333,47,0.5220204553333333
1852,0.224333333,47,0.8821887213333334
1853,0.131333333,47,0.6898577166666667
1854,0.232666667,47,0.6605205926666667
1855,0.108666667,47,0.5669473086666666
1856,0.133666667,47,0.6585490126666667
1857,0.158666667,47,0.510083349
1858,0.169249736,47,0.5708206026666667
1859,0.095666667,47,0.6773116259999999
1860,0.125333333,47,0.4626385716666667
1861,0.167666667,47,0.44583769033333337
1862,0.115666667,47,0.7722577030000001
1863,0.277,47,0.7552802043333333
1864,0.175,47,0.6335036226666667
1865,0.154,47,0.5001043623333333
1866,0.175,47,0.5794714313333333
1867,0.169,47,0.6659926526666667
1868,0.184333333,47,0.5274472973333334
1869,0.256,47,0.7960797633333333
1870,0.209333333,47,0.6254024473333334
1871,0.179,47,0.48445001033333335
1172,0.949453552,61,0.5092440053333334
1173,0.947916667,61,0.35605322
1174,0.908128415,61,0.33935633
1175,0.953722678,61,0.7569101229999999
1176,0.957991803,61,0.5254438953333334
1177,0.949112022,61,0.6708768073333333
1178,0.965334699,61,0.7165476846666667
1179,0.963114754,61,0.5203185063333333
1180,0.964993169,61,0.53321606
1181,0.953039617,61,0.5161083653333334
1182,0.962773224,61,0.6565989386666667
1183,0.885416667,61,0.5975457413333333
1184,0.923668033,61,0.5971512173333334
1185,0.943989071,61,0.979589969
1186,0.931352459,61,0.6657514183333334
1187,0.866632514,61,0.8159436206666667
1188,0.959528689,61,0.608456892
1189,0.763490437,61,0.7115138203333333
1190,0.969603825,61,0.7434559766666666
1191,0.851946721,61,0.4503935563333334
1192,0.960382514,61,0.6412227713333333
1193,0.93954918,61,0.4443529196666667
1194,0.957479508,61,0.596422151
1195,0.965846995,61,0.727297965
1196,0.887807377,61,0.6485447560000001
1522,0.725533732,61,0.5704543993333333
1523,0.729632792,61,0.6743953899999999
1524,0.729461998,61,0.47794252266666665
1525,0.500085397,61,0.761577888
1526,0.624252775,61,0.542833608
1527,0.386848847,61,0.47602050133333335
1528,0.340734415,61,0.4442305846666667
1529,0.585140905,61,0.5113490756666667
1530,0.41912895,61,0.6692293610000001
1531,0.450213493,61,0.47300018299999996
1532,0.371818958,61,0.6386600769999999
1533,0.729632792,61,0.5975457413333333
1534,0.729632792,61,0.7467311706666667
1535,0.729632792,61,0.408879226
1536,0.729632792,61,0.6616328026666667
1537,0.729632792,61,0.5021050706666667
1538,0.270367208,61,0.8245469523333333
1539,0.728949616,61,0.6991579716666667
1540,0.687275833,61,0.7118799193333333
1541,0.729632792,61,0.6563243636666667
1542,0.272587532,61,0.6682225883333334
1543,0.729632792,61,0.9513088046666667
1544,0.271391973,61,0.272228943
1545,0.270196413,61,0.7166392093333335
1546,0.729632792,61,0.6622734763333332
1597,0.729678962,61,0.727297965
1598,0.639515027,61,0.5072304593333333
1599,0.726605191,61,0.4180906086666667
1600,0.289617486,61,0.7569101229999999
1601,0.27851776,61,0.542833608
1602,0.909836066,61,0.5898814996666667
1603,0.664617486,61,0.5708401976666666
1604,0.411714481,61,0.4421563243333333
1605,0.722677596,61,0.599945085
1606,0.746584699,61,0.8667398863333333
1607,0.581796448,61,0.6565989386666667
1608,0.729678962,61,0.5001816683333333
1609,0.723872951,61,0.49899184566666666
1610,0.733948087,61,0.446183416
1611,0.482752732,61,0.666941241
1612,0.729678962,61,0.758995494
1613,0.300375683,61,0.6559582646666667
1614,0.270321038,61,0.7156324363333333
1615,0.300204918,61,0.47925506833333337
1616,0.729678962,61,0.6708768073333333
1617,0.270321038,61,0.5043016656666667
1618,0.729678962,61,0.689273293
1619,0.487875683,61,0.8109503966666667
1620,0.277663934,61,0.7166392093333335
1621,0.718920765,61,0.7001647446666667
97,0.653979239,62,0.709
98,0.714285714,62,0.5743333333333334
99,0.700444884,62,0.5970000000000001
100,0.989125062,62,0.8305000000000001
101,0.989619377,62,0.8330235906666666
102,0.974295601,62,0.7078333333333333
103,0.989125062,62,0.8525
104,0.990113693,62,0.8331666666666667
105,0.990113693,62,0.8690000000000001
106,0.989619377,62,0.8361666666666666
107,0.989619377,62,0.8471666666666667
108,0.562036579,62,0.5358333333333334
109,0.562530895,62,0.6924231913333333
110,0.713791399,62,0.5955581406666667
111,0.709342561,62,0.656
112,0.559070687,62,0.5876666666666667
113,0.97973307,62,0.9546666666666667
114,0.561542264,62,0.6043637436666667
115,0.980227385,62,0.9838333333333334
116,0.589223925,62,0.5538333333333333
117,0.974789916,62,0.9886666666666667
118,0.581314879,62,0.6405
119,0.967869501,62,0.8258333333333333
120,0.964409293,62,0.8336666666666668
121,0.576371725,62,0.5791666666666666
247,0.499752842,62,0.581887248
248,0.499752842,62,0.6871038356666667
249,0.499752842,62,0.596
250,0.398912506,62,0.5092030276666667
251,0.516559565,62,0.673856924
252,0.455264459,62,0.5161158633333333
253,0.454770143,62,0.5303333333333334
254,0.54275828,62,0.5528799109999999
255,0.545229857,62,0.5706235256666666
256,0.540286703,62,0.7001666666666667
257,0.440929313,62,0.5466911393333334
258,0.499752842,62,0.5065
259,0.499752842,62,0.5393333333333333
260,0.499752842,62,0.533774264
261,0.499752842,62,0.7246038356666666
262,0.499258527,62,0.7031666666666666
263,0.499752842,62,0.5123423423333334
264,0.499752842,62,0.5461666666666667
265,0.500247158,62,0.5031666666666667
266,0.505684627,62,0.5401666666666667
267,0.500247158,62,0.5056666666666666
268,0.490855166,62,0.5016666666666666
269,0.156203658,62,0.7094999999999999
270,0.065249629,62,0.9383333333333334
271,0.499752842,62,0.5791666666666666
297,0.508156204,62,0.5815
298,0.517548196,62,0.9488333333333334
299,0.508156204,62,0.5213333333333333
300,0.503707365,62,0.8305000000000001
301,0.521502719,62,0.5115757406666667
302,0.511122096,62,0.5363333333333333
303,0.468610974,62,0.5303333333333334
304,0.598615917,62,0.5539999999999999
305,0.624814632,62,0.8693333333333334
306,0.397923875,62,0.8535
307,0.426099852,62,0.8471666666666667
308,0.500299162,62,0.5265
309,0.452792882,62,0.5081666666666665
310,0.482451804,62,0.562802034
311,0.501730104,62,0.6628333333333333
312,0.522985665,62,0.5455823349999999
313,0.498269896,62,0.5031666666666667
314,0.583786456,62,0.579887248
315,0.408798814,62,0.5033333333333333
316,0.499752842,62,0.5361666666666667
317,0.499258527,62,0.5085000000000001
318,0.532871972,62,0.5413333333333333
319,0.453287197,62,0.4905000000000001
320,0.416213544,62,0.5513333333333333
321,0.507661888,62,0.8100304103333333
372,0.776569451,62,0.6221666666666666
373,0.748393475,62,0.5726666666666667
374,0.770143351,62,0.6453333333333333
375,0.989125062,62,0.8305000000000001
376,0.990113693,62,0.8330235906666666
377,0.983687593,62,0.6890000000000001
378,0.9935739,62,0.8620000000000001
379,0.994562531,62,0.702379911
380,0.990608008,62,0.8690000000000001
381,0.991102323,62,0.8361666666666666
382,0.987642116,62,0.8471666666666667
383,0.530400395,62,0.5358333333333334
384,0.638161147,62,0.563
385,0.779041028,62,0.7943333333333333
386,0.757291152,62,0.7955
387,0.611962432,62,0.8596666666666667
388,0.961443401,62,0.6768333333333333
389,0.619377163,62,0.6411666666666667
390,0.982204647,62,0.9700000000000001
391,0.593178448,62,0.6960000000000001
392,0.978744439,62,0.9886666666666667
393,0.588729609,62,0.6058333333333333
394,0.970835393,62,0.819
395,0.974295601,62,0.8155000000000001
396,0.663371231,62,0.5791666666666666
422,0.500247158,62,0.5066666666666667
423,0.541275334,62,0.5928333333333333
424,0.52990608,62,0.624
425,0.289174493,62,0.496
426,0.458230351,62,0.524
427,0.507661888,62,0.641
428,0.508650519,62,0.5303333333333334
429,0.591695502,62,0.5655
430,0.510133465,62,0.578956859
431,0.478002966,62,0.8361666666666666
432,0.341571923,62,0.6553333333333333
433,0.500247158,62,0.525
434,0.521997034,62,0.5728637436666667
435,0.508156204,62,0.5801970770000001
436,0.530894711,62,0.6943333333333334
437,0.51705388,62,0.5292705023333334
438,0.50963915,62,0.711
439,0.499752842,62,0.5033333333333333
440,0.267424617,62,0.591
441,0.500247158,62,0.6026666666666667
442,0.499752842,62,0.5085000000000001
443,0.534849234,62,0.8585000000000002
444,0.890261987,62,0.8896666666666667
445,0.935244686,62,0.9735
446,0.522985665,62,0.5791666666666666
1022,0.471082551,62,0.5473103
1023,0.456747405,62,0.5496666666666666
1024,0.431537321,62,0.5798333333333333
1025,0.380128522,62,0.8305000000000001
1026,0.424616906,62,0.8330235906666666
1027,0.431043005,62,0.6785542396666666
1028,0.313890262,62,0.6920000000000001
1029,0.36431043,62,0.8771666666666667
1030,0.677706377,62,0.570456859
1031,0.514087988,62,0.8361666666666666
1032,0.472565497,62,0.5055000000000001
1033,0.499752842,62,0.5358333333333334
1034,0.416213544,62,0.6150261446666666
1035,0.481463174,62,0.5573872480000001
1036,0.491349481,62,0.7083637436666667
1037,0.412259021,62,0.4795
1038,0.466633712,62,0.6638333333333334
1039,0.411270391,62,0.8330235906666666
1040,0.489372219,62,0.6865898579999999
1041,0.44982699,62,0.5401666666666667
1042,0.496292635,62,0.583887248
1043,0.419179436,62,0.4811666666666666
1044,0.476025704,62,0.8591666666666667
1045,0.468116658,62,0.8336666666666668
1046,0.430054375,62,0.5791666666666666
1347,0.500247158,62,0.5068333333333334
1348,0.505190311,62,0.5208333333333334
1349,0.547207118,62,0.5535
1350,0.508156204,62,0.8305000000000001
1351,0.421651013,62,0.5591666666666667
1352,0.502718735,62,0.8966666666666666
1353,0.421651013,62,0.5303333333333334
1354,0.551161641,62,0.5715
1355,0.453287197,62,0.5123423423333334
1356,0.491349481,62,0.8308461039999999
1357,0.530894711,62,0.5371911393333333
1358,0.500247158,62,0.5358333333333334
1359,0.500247158,62,0.5231666666666667
1360,0.524468611,62,0.7223637436666667
1361,0.494809689,62,0.9898333333333333
1362,0.531389026,62,0.8258333333333333
1363,0.467128028,62,0.711
1364,0.498764212,62,0.5071666666666667
1365,0.248640633,62,0.516
1366,0.497775581,62,0.5401666666666667
1367,0.512110727,62,0.5105000000000001
1368,0.509144834,62,0.5458333333333333
1369,0.913000494,62,0.8896666666666667
1370,0.948591201,62,0.9546666666666667
1371,0.54918438,62,0.8636666666666667
1472,0.497281265,62,0.668
1473,0.473554128,62,0.7461666666666668
1474,0.515076619,62,0.5837189559999999
1475,0.492338112,62,0.5006666666666667
1476,0.493821058,62,0.5115757406666667
1477,0.616905586,62,0.5525000000000001
1478,0.55659911,62,0.5161666666666668
1479,0.477508651,62,0.691879911
1480,0.617399901,62,0.7236666666666668
1481,0.571428571,62,0.5396666666666666
1482,0.519031142,62,0.5055000000000001
1483,0.500247158,62,0.5358333333333334
1484,0.500247158,62,0.5253333333333333
1485,0.51606525,62,0.5285
1486,0.47009392,62,0.5235
1487,0.501235788,62,0.5373333333333333
1488,0.49678695,62,0.6668333333333334
1489,0.500247158,62,0.5366902403333333
1490,0.500247158,62,0.5031666666666667
1491,0.500247158,62,0.5846902403333333
1492,0.500247158,62,0.4441710783333333
1493,0.487889273,62,0.6699999999999999
1494,0.579337617,62,0.7174999999999999
1495,0.495798319,62,0.7333873173333334
1496,0.500247158,62,0.5369999999999999
1622,0.508156204,62,0.5061666666666667
1623,0.503707365,62,0.8961666666666667
1624,0.55659911,62,0.5535
1625,0.475037074,62,0.496
1626,0.537320811,62,0.5591666666666667
1627,0.70835393,62,0.8956666666666666
1628,0.31092437,62,0.5303333333333334
1629,0.545724172,62,0.5655
1630,0.529411765,62,0.5706235256666666
1631,0.473059812,62,0.6619491966666666
1632,0.582797825,62,0.697404105
1633,0.500247158,62,0.5033333333333333
1634,0.529411765,62,0.5553333333333333
1635,0.541275334,62,0.7223637436666667
1636,0.507661888,62,0.5105000000000001
1637,0.507661888,62,0.5198333333333334
1638,0.543252595,62,0.711
1639,0.470588235,62,0.5033333333333333
1640,0.39742956,62,0.5846666666666667
1641,0.499752842,62,0.553887248
1642,0.503707365,62,0.5085000000000001
1643,0.499752842,62,0.5458333333333333
1644,0.864557588,62,0.8896666666666667
1645,0.945130994,62,0.9546666666666667
1646,0.525951557,62,0.5273333333333333
1797,0.442906574,62,0.6316038356666667
1798,0.522491349,62,0.5318333333333333
1799,0.48393475,62,0.5246666666666667
1800,0.450321305,62,0.8305000000000001
1801,0.613445378,62,0.5591666666666667
1802,0.617894217,62,0.5418333333333333
1803,0.630746416,62,0.8620000000000001
1804,0.547207118,62,0.7755000000000001
1805,0.511616411,62,0.8690000000000001
1806,0.359861592,62,0.8308461039999999
1807,0.459713297,62,0.5736666666666667
1808,0.520019773,62,0.5358333333333334
1809,0.468610974,62,0.5861666666666666
1810,0.503707365,62,0.874
1811,0.520019773,62,0.5305
1812,0.510133465,62,0.5275
1813,0.50321305,62,0.5146666666666667
1814,0.506673258,62,0.47048305000000007
1815,0.531883342,62,0.5459231913333334
1816,0.522491349,62,0.5401666666666667
1817,0.625803262,62,0.5458333333333333
1818,0.500247158,62,0.5033333333333333
1819,0.522985665,62,0.6668333333333333
1820,0.557587741,62,0.8336666666666668
1821,0.55659911,62,0.5345
222,0.856662934,67,0.9414647660000001
223,0.898096305,67,0.8679297086666667
224,0.927211646,67,0.659527732
225,0.978163494,67,0.7865641593333333
226,0.988241881,67,0.8725021966666667
227,0.984882419,67,0.7116968696666667
228,0.980403135,67,0.7165476846666667
229,0.98712206,67,0.7295442063333333
230,0.989361702,67,0.53321606
231,0.979283315,67,0.6052535236666666
232,0.991041433,67,0.6565989386666667
233,0.773046092,67,0.5969965923333334
234,0.880739082,67,0.6475379826666666
235,0.940089586,67,0.8679297086666667
236,0.922732363,67,0.723591914
237,0.877379619,67,0.815211422
238,0.984882419,67,0.663737873
239,0.931690929,67,0.6421380193333334
240,0.982642777,67,0.7045579353333333
241,0.924412094,67,0.6866190736666667
242,0.940089586,67,0.7638585643333333
243,0.914893617,67,0.5950444036666667
244,0.9731243,67,0.8064250409999999
245,0.976483763,67,0.7447807246666667
246,0.924412094,67,0.6485447560000001
347,0.64893617,67,0.8270587620000001
348,0.504479283,67,0.6751784733333334
349,0.460806271,67,0.6699148176666667
350,0.628219485,67,0.761577888
351,0.518477044,67,0.5498810176666666
352,0.501119821,67,0.7592897673333333
353,0.370100784,67,0.4315394473333333
354,0.393057111,67,0.41145085333333337
355,0.491601344,67,0.8889804133333333
356,0.568868981,67,0.736774666
357,0.413213886,67,0.3583137793333333
358,0.5,67,0.5038426603333334
359,0.504479283,67,0.6148548756666666
360,0.480963046,67,0.6008127813333334
361,0.48656215,67,0.6932088596666667
362,0.4731243,67,0.4991762766666667
363,0.247480403,67,0.6570565623333333
364,0.496640538,67,0.6782903166666667
365,0.495520717,67,0.434582744
366,0.504479283,67,0.6930258103333333
367,0.59518477,67,0.6867105986666666
368,0.504479283,67,0.6691378366666667
369,0.496080627,67,0.5404539626666667
370,0.50055991,67,0.7166392093333335
371,0.516797312,67,0.5004576243333333
522,0.329227324,67,0.42303178300000005
523,0.497760358,67,0.6496416716666666
524,0.606382979,67,0.6246058973333334
525,0.501119821,67,0.8065165663333334
526,0.555431131,67,0.5498810176666666
527,0.491601344,67,0.5086948563333333
528,0.509518477,67,0.4442305846666667
529,0.580067189,67,0.7295442063333333
530,0.316909295,67,0.53321606
531,0.426651736,67,0.619439868
532,0.436730123,67,0.6565989386666667
533,0.495520717,67,0.7047409846666667
534,0.495520717,67,0.628766646
535,0.511198208,67,0.6008127813333334
536,0.506718925,67,0.8320519863333332
537,0.501679731,67,0.49743730533333336
538,0.495520717,67,0.6119348343333333
539,0.709966405,67,0.8629873696666667
540,0.5,67,0.5575311696666666
541,0.495520717,67,0.6563243636666667
542,0.495520717,67,0.43472222233333335
543,0.495520717,67,0.7874794066666667
544,0.6075028,67,0.7127036426666665
545,0.505039194,67,0.4979864543333334
546,0.495520717,67,0.47794252266666665
622,0.498880179,67,0.557660626
623,0.532474804,67,0.7166392093333335
624,0.525755879,67,0.5649388110000001
625,0.586226204,67,0.7569101229999999
626,0.507838746,67,0.5229727256666666
627,0.437849944,67,0.984074684
628,0.555431131,67,0.7165476846666667
629,0.54087346,67,0.515284642
630,0.517917133,67,0.377631338
631,0.424972004,67,0.37753981333333336
632,0.512318029,67,0.6565989386666667
633,0.495520717,67,0.5975457413333333
634,0.477603583,67,0.4921274856666667
635,0.333146697,67,0.5718469703333334
636,0.479283315,67,0.4967051070000001
637,0.358342665,67,0.815211422
638,0.394176932,67,0.33959992333333333
639,0.358902576,67,0.48041369199999995
640,0.477603583,67,0.7093101650000001
641,0.304591265,67,0.44105802666666666
642,0.469204927,67,0.441515651
643,0.522956327,67,0.8107267066666667
644,0.565509518,67,0.6190985953333334
645,0.389137738,67,0.8876075416666667
646,0.333146697,67,0.6626395753333333
647,0.416573348,67,0.5126304230000001
648,0.564389698,67,0.5498810176666666
649,0.409854423,67,0.6719737236666666
650,0.615341545,67,0.7569101229999999
651,0.526315789,67,0.5229727256666666
652,0.519596865,67,0.6879281646666667
653,0.568868981,67,0.6681310636666667
654,0.520716685,67,0.6587040086666667
655,0.511198208,67,0.5448027820000001
656,0.40481523,67,0.37753981333333336
657,0.592385218,67,0.6673988653333334
658,0.498320269,67,0.5134541460000001
659,0.428891377,67,0.693483434
660,0.368980963,67,0.6813106353333334
661,0.552071669,67,0.9783086213333334
662,0.490481523,67,0.6688632616666667
663,0.517917133,67,0.632253341
664,0.602463606,67,0.3957458056666667
665,0.496080627,67,0.533315028
666,0.534714446,67,0.774432
667,0.446808511,67,0.3713870586666667
668,0.477043673,67,0.5064982610000001
669,0.493840985,67,0.596422151
670,0.514557671,67,0.7166392093333335
671,0.517357223,67,0.6622734763333332
1747,0.489921613,67,0.38146793599999995
1748,0.495520717,67,0.4399131863333334
1749,0.359462486,67,0.44329960399999996
1750,0.732922732,67,0.761577888
1751,0.503359462,67,0.542833608
1752,0.478163494,67,0.8257367746666667
1753,0.503359462,67,0.4442305846666667
1754,0.534714446,67,0.5153761666666666
1755,0.345464726,67,0.4410580266666666
1756,0.288913774,67,0.37753981333333336
1757,0.372900336,67,0.4384038076666667
1758,0.495520717,67,0.6349793856666667
1759,0.489921613,67,0.6900313410000001
1760,0.504479283,67,0.6477210323333333
1761,0.504479283,67,0.8064250410000001
1762,0.501119821,67,0.6471705019999999
1763,0.504479283,67,0.3532243656666667
1764,0.504479283,67,0.5710709726666666
1765,0.504479283,67,0.434582744
1766,0.504479283,67,0.5458539263333333
1767,0.504479283,67,0.441424126
1768,0.504479283,67,0.60442662
1769,0.58118701,67,0.6715558823333333
1770,0.504479283,67,0.5222367746666667
1771,0.502239642,67,0.9392187786666666
